-- MySQL dump 10.13  Distrib 5.7.27, for Linux (x86_64)
--
-- Host: huhivn90.mysql.pythonanywhere-services.com    Database: huhivn90$schoolmanagement
-- ------------------------------------------------------
-- Server version	5.7.34-log

/*!40101 SET @OLD_CHARACTER_SET_CLIENT=@@CHARACTER_SET_CLIENT */;
/*!40101 SET @OLD_CHARACTER_SET_RESULTS=@@CHARACTER_SET_RESULTS */;
/*!40101 SET @OLD_COLLATION_CONNECTION=@@COLLATION_CONNECTION */;
/*!40101 SET NAMES utf8 */;
/*!40103 SET @OLD_TIME_ZONE=@@TIME_ZONE */;
/*!40103 SET TIME_ZONE='+00:00' */;
/*!40014 SET @OLD_UNIQUE_CHECKS=@@UNIQUE_CHECKS, UNIQUE_CHECKS=0 */;
/*!40014 SET @OLD_FOREIGN_KEY_CHECKS=@@FOREIGN_KEY_CHECKS, FOREIGN_KEY_CHECKS=0 */;
/*!40101 SET @OLD_SQL_MODE=@@SQL_MODE, SQL_MODE='NO_AUTO_VALUE_ON_ZERO' */;
/*!40111 SET @OLD_SQL_NOTES=@@SQL_NOTES, SQL_NOTES=0 */;

--
-- Table structure for table `auth_group`
--

DROP TABLE IF EXISTS `auth_group`;
/*!40101 SET @saved_cs_client     = @@character_set_client */;
/*!40101 SET character_set_client = utf8 */;
CREATE TABLE `auth_group` (
  `id` int(11) NOT NULL AUTO_INCREMENT,
  `name` varchar(150) NOT NULL,
  PRIMARY KEY (`id`),
  UNIQUE KEY `name` (`name`)
) ENGINE=InnoDB DEFAULT CHARSET=utf8;
/*!40101 SET character_set_client = @saved_cs_client */;

--
-- Dumping data for table `auth_group`
--

LOCK TABLES `auth_group` WRITE;
/*!40000 ALTER TABLE `auth_group` DISABLE KEYS */;
/*!40000 ALTER TABLE `auth_group` ENABLE KEYS */;
UNLOCK TABLES;

--
-- Table structure for table `auth_group_permissions`
--

DROP TABLE IF EXISTS `auth_group_permissions`;
/*!40101 SET @saved_cs_client     = @@character_set_client */;
/*!40101 SET character_set_client = utf8 */;
CREATE TABLE `auth_group_permissions` (
  `id` bigint(20) NOT NULL AUTO_INCREMENT,
  `group_id` int(11) NOT NULL,
  `permission_id` int(11) NOT NULL,
  PRIMARY KEY (`id`),
  UNIQUE KEY `auth_group_permissions_group_id_permission_id_0cd325b0_uniq` (`group_id`,`permission_id`),
  KEY `auth_group_permissio_permission_id_84c5c92e_fk_auth_perm` (`permission_id`),
  CONSTRAINT `auth_group_permissio_permission_id_84c5c92e_fk_auth_perm` FOREIGN KEY (`permission_id`) REFERENCES `auth_permission` (`id`),
  CONSTRAINT `auth_group_permissions_group_id_b120cbf9_fk_auth_group_id` FOREIGN KEY (`group_id`) REFERENCES `auth_group` (`id`)
) ENGINE=InnoDB DEFAULT CHARSET=utf8;
/*!40101 SET character_set_client = @saved_cs_client */;

--
-- Dumping data for table `auth_group_permissions`
--

LOCK TABLES `auth_group_permissions` WRITE;
/*!40000 ALTER TABLE `auth_group_permissions` DISABLE KEYS */;
/*!40000 ALTER TABLE `auth_group_permissions` ENABLE KEYS */;
UNLOCK TABLES;

--
-- Table structure for table `auth_permission`
--

DROP TABLE IF EXISTS `auth_permission`;
/*!40101 SET @saved_cs_client     = @@character_set_client */;
/*!40101 SET character_set_client = utf8 */;
CREATE TABLE `auth_permission` (
  `id` int(11) NOT NULL AUTO_INCREMENT,
  `name` varchar(255) NOT NULL,
  `content_type_id` int(11) NOT NULL,
  `codename` varchar(100) NOT NULL,
  PRIMARY KEY (`id`),
  UNIQUE KEY `auth_permission_content_type_id_codename_01ab375a_uniq` (`content_type_id`,`codename`),
  CONSTRAINT `auth_permission_content_type_id_2f476e4b_fk_django_co` FOREIGN KEY (`content_type_id`) REFERENCES `django_content_type` (`id`)
) ENGINE=InnoDB AUTO_INCREMENT=85 DEFAULT CHARSET=utf8;
/*!40101 SET character_set_client = @saved_cs_client */;

--
-- Dumping data for table `auth_permission`
--

LOCK TABLES `auth_permission` WRITE;
/*!40000 ALTER TABLE `auth_permission` DISABLE KEYS */;
INSERT INTO `auth_permission` VALUES (1,'Can add log entry',1,'add_logentry'),(2,'Can change log entry',1,'change_logentry'),(3,'Can delete log entry',1,'delete_logentry'),(4,'Can view log entry',1,'view_logentry'),(5,'Can add permission',2,'add_permission'),(6,'Can change permission',2,'change_permission'),(7,'Can delete permission',2,'delete_permission'),(8,'Can view permission',2,'view_permission'),(9,'Can add group',3,'add_group'),(10,'Can change group',3,'change_group'),(11,'Can delete group',3,'delete_group'),(12,'Can view group',3,'view_group'),(13,'Can add user',4,'add_user'),(14,'Can change user',4,'change_user'),(15,'Can delete user',4,'delete_user'),(16,'Can view user',4,'view_user'),(17,'Can add content type',5,'add_contenttype'),(18,'Can change content type',5,'change_contenttype'),(19,'Can delete content type',5,'delete_contenttype'),(20,'Can view content type',5,'view_contenttype'),(21,'Can add session',6,'add_session'),(22,'Can change session',6,'change_session'),(23,'Can delete session',6,'delete_session'),(24,'Can view session',6,'view_session'),(25,'Can add Lớp học',7,'add_classyear'),(26,'Can change Lớp học',7,'change_classyear'),(27,'Can delete Lớp học',7,'delete_classyear'),(28,'Can view Lớp học',7,'view_classyear'),(29,'Can add Bộ môn',8,'add_groupsubject'),(30,'Can change Bộ môn',8,'change_groupsubject'),(31,'Can delete Bộ môn',8,'delete_groupsubject'),(32,'Can view Bộ môn',8,'view_groupsubject'),(33,'Can add Giáo Án',9,'add_lesson'),(34,'Can change Giáo Án',9,'change_lesson'),(35,'Can delete Giáo Án',9,'delete_lesson'),(36,'Can view Giáo Án',9,'view_lesson'),(37,'Can add Trường Học',10,'add_school'),(38,'Can change Trường Học',10,'change_school'),(39,'Can delete Trường Học',10,'delete_school'),(40,'Can view Trường Học',10,'view_school'),(41,'Can add Năm học',11,'add_schoolyear'),(42,'Can change Năm học',11,'change_schoolyear'),(43,'Can delete Năm học',11,'delete_schoolyear'),(44,'Can view Năm học',11,'view_schoolyear'),(45,'Can add Môn học',12,'add_subject'),(46,'Can change Môn học',12,'change_subject'),(47,'Can delete Môn học',12,'delete_subject'),(48,'Can view Môn học',12,'view_subject'),(49,'Can add Chi tiết môn học',13,'add_subjectdetail'),(50,'Can change Chi tiết môn học',13,'change_subjectdetail'),(51,'Can delete Chi tiết môn học',13,'delete_subjectdetail'),(52,'Can view Chi tiết môn học',13,'view_subjectdetail'),(53,'Can add Giáo viên',14,'add_teacher'),(54,'Can change Giáo viên',14,'change_teacher'),(55,'Can delete Giáo viên',14,'delete_teacher'),(56,'Can view Giáo viên',14,'view_teacher'),(57,'Can add Phân phối chương trình',15,'add_subjectlesson'),(58,'Can change Phân phối chương trình',15,'change_subjectlesson'),(59,'Can delete Phân phối chương trình',15,'delete_subjectlesson'),(60,'Can view Phân phối chương trình',15,'view_subjectlesson'),(61,'Can add Quản lý trường học ',16,'add_schoolmanager'),(62,'Can change Quản lý trường học ',16,'change_schoolmanager'),(63,'Can delete Quản lý trường học ',16,'delete_schoolmanager'),(64,'Can view Quản lý trường học ',16,'view_schoolmanager'),(65,'Can add Lịch báo giảng',17,'add_lessonschedule'),(66,'Can change Lịch báo giảng',17,'change_lessonschedule'),(67,'Can delete Lịch báo giảng',17,'delete_lessonschedule'),(68,'Can view Lịch báo giảng',17,'view_lessonschedule'),(69,'Can add Quản lý Bộ Môn',18,'add_groupsubjectmanager'),(70,'Can change Quản lý Bộ Môn',18,'change_groupsubjectmanager'),(71,'Can delete Quản lý Bộ Môn',18,'delete_groupsubjectmanager'),(72,'Can view Quản lý Bộ Môn',18,'view_groupsubjectmanager'),(73,'Can add Giáo viên chủ nhiệm',19,'add_classyearmanager'),(74,'Can change Giáo viên chủ nhiệm',19,'change_classyearmanager'),(75,'Can delete Giáo viên chủ nhiệm',19,'delete_classyearmanager'),(76,'Can view Giáo viên chủ nhiệm',19,'view_classyearmanager'),(77,'Can add Người duyệt giáo án',20,'add_subjectmanager'),(78,'Can change Người duyệt giáo án',20,'change_subjectmanager'),(79,'Can delete Người duyệt giáo án',20,'delete_subjectmanager'),(80,'Can view Người duyệt giáo án',20,'view_subjectmanager'),(81,'Can add Phân công giảng dạy',21,'add_subjectclassyear'),(82,'Can change Phân công giảng dạy',21,'change_subjectclassyear'),(83,'Can delete Phân công giảng dạy',21,'delete_subjectclassyear'),(84,'Can view Phân công giảng dạy',21,'view_subjectclassyear');
/*!40000 ALTER TABLE `auth_permission` ENABLE KEYS */;
UNLOCK TABLES;

--
-- Table structure for table `auth_user`
--

DROP TABLE IF EXISTS `auth_user`;
/*!40101 SET @saved_cs_client     = @@character_set_client */;
/*!40101 SET character_set_client = utf8 */;
CREATE TABLE `auth_user` (
  `id` int(11) NOT NULL AUTO_INCREMENT,
  `password` varchar(128) NOT NULL,
  `last_login` datetime(6) DEFAULT NULL,
  `is_superuser` tinyint(1) NOT NULL,
  `username` varchar(150) NOT NULL,
  `first_name` varchar(150) NOT NULL,
  `last_name` varchar(150) NOT NULL,
  `email` varchar(254) NOT NULL,
  `is_staff` tinyint(1) NOT NULL,
  `is_active` tinyint(1) NOT NULL,
  `date_joined` datetime(6) NOT NULL,
  PRIMARY KEY (`id`),
  UNIQUE KEY `username` (`username`)
) ENGINE=InnoDB AUTO_INCREMENT=47 DEFAULT CHARSET=utf8;
/*!40101 SET character_set_client = @saved_cs_client */;

--
-- Dumping data for table `auth_user`
--

LOCK TABLES `auth_user` WRITE;
/*!40000 ALTER TABLE `auth_user` DISABLE KEYS */;
INSERT INTO `auth_user` VALUES (1,'pbkdf2_sha256$260000$w8yGp99NZhqodjKCb9VGwX$BmQfVi/zWSo1TfSv7uvH7XWsbC4Wj+WiqLLl7e5IYcs=','2021-10-12 13:19:39.413238',1,'admin','','','admin@admin.admin',1,1,'2021-09-26 10:32:00.952694'),(2,'pbkdf2_sha256$260000$xSKWmAMPu0jhpCeJBD2o13$c9OWLSb/mSIUEbOBVEm0sJEemvxrMlrWkGxtqU6gy90=',NULL,0,'tranthichau','','','',0,1,'2021-09-26 14:51:12.355747'),(3,'pbkdf2_sha256$260000$NQgbBILSpMYC9u8ACOK9Er$yZiqRcVXajqpPWheGj6a1alKofFyXF7ub/orsD/iT+A=',NULL,0,'haoquang@thcsas','','','',0,1,'2021-09-26 14:52:20.429368'),(4,'pbkdf2_sha256$260000$mDUaSvXXiRCSiF5KY9vL2q$BXhXWkuw21mz1MUVoGbBnEorDgWHSUWieozz6Zj3M2c=',NULL,0,'anhtuan@thcsas','','','',0,1,'2021-09-26 14:53:16.419882'),(5,'pbkdf2_sha256$260000$lQeg5PbsvYOt8XhxDvCmgG$Wu1m0AmhiN0/vfL2+bVxWb0N0urK4LmYaZXoaKcaHeM=',NULL,0,'dinhphuong@thcsas','','','',0,1,'2021-09-26 14:54:14.774875'),(6,'pbkdf2_sha256$260000$8kwID5Brc9lziqmjzvOcJs$P2Oc7/Ft1KaB2RVYm31XBU/ZGNQL2I1aBah5bjWR5fU=','2021-10-04 03:57:50.602902',0,'Chautt.c2as@nghean.edu.vn','','','',0,1,'2021-09-27 00:38:12.363966'),(7,'pbkdf2_sha256$260000$0IxlhxAsf1pSe93JPKROnT$gIHHghUHyHo1lEXqL9L+46+c76+sSm8F388PrMN6rDg=','2021-09-28 14:11:48.768026',0,'yendth.gdas@nghean.edu.vn','','','',0,1,'2021-09-27 00:38:41.162642'),(8,'pbkdf2_sha256$260000$3XashVu9vZyWZwSSRMfUx0$wQ1vN4U9ZIGOpVjUofe9FCW5Rbfv0joRnGZZYSm6A/I=',NULL,0,'ducdv.gdas@nghean.edu.vn','','','',0,1,'2021-09-27 00:39:24.028999'),(9,'pbkdf2_sha256$260000$DR4VnK8pjf83OEiKYbN6we$gc/a2CeQr7SGOHXC6Zg21+8q/L06/i9en54D/f9dwIk=','2021-10-12 07:58:06.966557',0,'phuongdt.c2as@nghean.edu.vn','','','',0,1,'2021-09-27 00:40:09.600356'),(10,'pbkdf2_sha256$260000$kh7zILKUtOiOgXvSnVtDAH$eryE3/PpPbTkZZzP2BQp0rsTM7JKKfYWJGtxobvRMhw=','2021-10-09 02:38:34.526485',0,'dungvq.c2as@nghean.edu.vn','','','',0,1,'2021-09-27 00:40:48.332355'),(11,'pbkdf2_sha256$260000$mn9DuLqiNfEl9Ds5tZKUjJ$0J5rE/X+t1NY1S6LPGsKqjIR+VK9TE7FrnSvUj7sN4E=','2021-10-11 00:42:46.614293',0,'dungnd.as@nghean.edu.vn','','','',0,1,'2021-09-27 00:41:20.846475'),(12,'pbkdf2_sha256$260000$9x65WwAl8FoBahtxLbbKK4$cUuxmtLwqE4tKV9wVcHYSBFCo7s3fGNuBXKkqXkWB2A=','2021-09-28 15:08:44.988470',0,'hadtb.c2as@nghean.edu.vn','','','',0,1,'2021-09-27 00:41:55.360246'),(13,'pbkdf2_sha256$260000$syTUE9H7JZSBLvrkDSjqt1$Fe8aTLlDzf9L6Ji2atABuMxEeKvF+sCb5SLYDbyGzaE=','2021-10-05 13:39:48.646764',0,'hadtn.c2as@nghean.edu.vn','','','',0,1,'2021-09-27 00:42:28.296777'),(14,'pbkdf2_sha256$260000$eTwkqxgnC5MFvjJaoKtLrg$SPxB+wI7LZUrJvOi6aX2cd6vxcsBpb0wl0dRMXf2Cvg=','2021-10-07 14:02:22.153283',0,'hantt.c2as@nghean.edu.vn','','','',0,1,'2021-09-27 00:43:00.537826'),(15,'pbkdf2_sha256$260000$M0j2gnTaulNM3VWH6cAIkF$kzmyhITNaatS2Ktu6IvsotH2nk5w/cM+9Ss93LBvkZU=','2021-10-12 15:18:30.857972',0,'hoanv.c2as@nghean.edu.vn','','','',0,1,'2021-09-27 00:43:42.896292'),(16,'pbkdf2_sha256$260000$itBFKcELyhtZHru7FWmrM0$AW++BYphw4dygwM9PeHrvo6frcglJ40FOPj/pnSsiQo=','2021-10-02 09:42:20.026484',0,'hoaint.c2as@nghean.edu.vn','','','',0,1,'2021-09-27 00:55:02.088247'),(17,'pbkdf2_sha256$260000$7HUC7cu3bm7tObWrZN1cvw$dCeZiDAnSIp5SLx0h4rMkVNz2xAzFBfCpSNbKjYcMBw=',NULL,0,'hoanchung79@gmail.com','','','',0,1,'2021-09-27 00:55:38.449360'),(18,'pbkdf2_sha256$260000$ZuQ48vpnkyLKKNNKqsnTbC$HQ3KJ8306g5dnfGrDNQJV2pR8olP3EjZNHFZHlAeAGk=','2021-10-13 01:29:52.620039',0,'hoannt.c2as@nghean.edu.vn','','','',0,1,'2021-09-27 00:56:13.838632'),(19,'pbkdf2_sha256$260000$ygmbC2yr9AK1nMdvsX1WM9$XrsCA94fuZNEXitsxUfRxqOSnXP7wvFl7liDfS56Oo4=','2021-10-11 16:20:04.249795',0,'lamnt.c2as@nghean.edu.vn','','','',0,1,'2021-09-27 00:57:02.721160'),(20,'pbkdf2_sha256$260000$WqAqaXrhxUGa66Rptwg59x$jjTVb0GngHjRxTUgkC1ty1o+xGkAwi4sWXhDYph0hyM=','2021-09-28 13:59:56.185263',0,'loanntk.c2as@nghean.edu.vn','','','',0,1,'2021-09-27 00:57:35.811090'),(21,'pbkdf2_sha256$260000$iqvsieNYSGcuuJnaKoJtED$+3/ipGb3YmEzOKVWh8cnlNoCAZ5YRTyT1nG2/n74EKc=','2021-10-10 16:05:51.060510',0,'luongdt.c2as@nghean.edu.vn','','','',0,1,'2021-09-27 00:58:17.960678'),(22,'pbkdf2_sha256$260000$3wuxpP7RttIbiLSGZ66ylm$78z82kKdovfu44CTVw057W2s9PAAmnid5RNhPseIAYs=','2021-10-11 14:38:55.307391',0,'minhnt.c2as@nghean.edu.vn','','','',0,1,'2021-09-27 00:58:51.924380'),(23,'pbkdf2_sha256$260000$Aey1hlvfWNYNB2kZXYxcIG$AUeG2QXG/ILUv+W6LMzVKqoF23UgIopgZzrJb6PrwU8=','2021-10-12 13:32:15.541253',0,'mytt.as@nghean.edu.vn','','','',0,1,'2021-09-27 00:59:56.053679'),(24,'pbkdf2_sha256$260000$yC38rTuVTQF1vkmLs84T8Q$CuENiMeidBXS3vb4NQ4vej42ZdpZqvSqrGRx75bBI38=','2021-10-10 08:46:04.033543',0,'nganth.c2as@nghean.edu.vn','','','',0,1,'2021-09-27 01:00:43.260512'),(25,'pbkdf2_sha256$260000$f8YdF5HtL6YHMs1eYvMU9U$1faVNfAxwmSpZCXFCkyzOz8OXGAkhT7NyZ111Yu12Xg=','2021-10-02 10:07:06.812995',0,'ngavt.c2as@nghean.edu.vn','','','',0,1,'2021-09-27 01:01:53.361260'),(26,'pbkdf2_sha256$260000$R1NNDAeocP6VRFCav6HxXd$5+zDsd//yxpElffjGGE7rDFn2IHtUsTtWGdlnZD5aTU=','2021-10-07 02:31:44.105473',0,'nhungnt.gdas@nghean.edu.vn','','','',0,1,'2021-09-27 01:02:49.361599'),(27,'pbkdf2_sha256$260000$ITGyjHqtRZlVyEquZ7IYb2$aPTtVB4tkIt9jAB3TccBRmf3s236aZImmuhTrwLw6Fw=','2021-09-28 14:16:43.150348',0,'oanhnt.gdas@nghean.edu.vn','','','',0,1,'2021-09-27 01:29:04.170171'),(28,'pbkdf2_sha256$260000$kFZRhg7ces4q7aukrJ8OBC$d3wlGeVl3ncVxlIJc7DmhsAdFgfZvVjCwTB540pUs98=','2021-09-29 00:48:37.945962',0,'phuongnt.gdas@nghean.edu.vn','','','',0,1,'2021-09-27 01:29:54.850875'),(29,'pbkdf2_sha256$260000$9UBVwn71KMbkVXhVC5Fodw$rkldoCDeKRlcZ9Pu1psOkKHM+8xkFVgfgNL9n1NiuzA=','2021-10-06 15:07:42.064573',0,'linhnt.c2as@nghean.edu.vn','','','',0,1,'2021-09-27 01:30:42.972512'),(30,'pbkdf2_sha256$260000$UdfG7fGNTcH1Qm4lPVVnwt$+9zhkUwSQuLtDJ2Jj/xEU1fHeaj9PhjXyEUelANd7Q4=','2021-10-04 06:42:03.557298',0,'mainv.c2as@nghean.edu.vn','','','',0,1,'2021-09-27 01:31:14.540200'),(31,'pbkdf2_sha256$260000$6KX8osSbqNSgXgqneKPWzm$rZo0ZUn6I5uHq5ZptgrV47smkdjqLvSCnCoKR6ez6YM=',NULL,0,'hanhpb.c2as@nghean.edu.vn','','','',0,1,'2021-09-27 01:31:51.772049'),(32,'pbkdf2_sha256$260000$zx7g5In16bobpxFJrvfTaE$iImzWJqetRL3p+ffJ4aQYp2YkyYykYnwM8pr0VLmj8U=','2021-10-07 04:40:58.209668',0,'dungpt.c2as@nghean.edu.vn','','','',0,1,'2021-09-27 01:33:30.523565'),(33,'pbkdf2_sha256$260000$OgfZApu2WNA4Xjmwn90tNv$GkbOEItL69FU7wBOawaMj0u6MGBiDXLgtZ3aQI+/gHQ=','2021-10-02 08:51:16.851623',0,'quang.c2as@nghean.edu.vn','','','',0,1,'2021-09-27 01:34:05.030632'),(34,'pbkdf2_sha256$260000$wp4LKQeVIOvCPHBcOROjiZ$3m4w7u7bFFkBbZfr1dtGYal6oakI/8blOrBEXxYTBic=','2021-10-03 13:12:59.668491',0,'quynhntn.as@nghean.edu.vn','','','',0,1,'2021-09-27 01:34:38.667245'),(35,'pbkdf2_sha256$260000$r755OVQZe8Jb7QZZhTPkop$V/IU/wLAZcVJRa1Aken8pM/O8ngaRLd2L8QuCiRoshw=','2021-10-02 09:05:51.742766',0,'thaonts.c2as@nghean.edu.vn','','','',0,1,'2021-09-27 01:35:18.681608'),(36,'pbkdf2_sha256$260000$QgPPEphpMxJa9YmFMddhRx$QPsQlRHYfDmGwFiM6MEHr/EUyF3WZC978fb1ofezG5o=','2021-10-04 10:45:59.690637',0,'thuongnt.c2as@nghean.edu.vn','','','',0,1,'2021-09-27 01:35:50.929934'),(37,'pbkdf2_sha256$260000$IlrvpmAel9wd5U4FQBTGC9$ub4YU5rEFUp/n2llW9ETQSMISqw8xKYHc9jCOgEsTv8=','2021-10-11 10:00:26.840164',0,'tuanta.c2as@nghean.edu.vn','','','',0,1,'2021-09-27 01:39:05.468905'),(38,'pbkdf2_sha256$260000$GF3yPbQpvwgSewlrOrhqXI$tgtFY/SR2zprP0Dky5n2QvpAe7ZOeqw6k7UIHB743Cs=','2021-10-07 01:24:42.957376',0,'vuong.c2as@nghean.edu.vn','','','',0,1,'2021-09-27 01:39:38.072450'),(39,'pbkdf2_sha256$260000$sw8WxO8rXfggiFBJtxqWJr$jjOfMe0P/z2HranPOteoxl/C1GPtk+568cEHT1iIUpQ=','2021-10-05 01:13:23.035425',0,'truongbx.c2as@nghean.edu.vn','','','',0,1,'2021-09-27 01:40:10.578374'),(40,'pbkdf2_sha256$260000$dF7FZ3YmmoPexbM8nKro3n$LRxH1YMFuHo/ZpmX2s6lYkocgWLheD6SXTC1vBkXUsA=',NULL,0,'hientv.c2as@nghean.edu.vn','','','',0,1,'2021-09-27 01:40:41.976237'),(41,'pbkdf2_sha256$260000$xPQTFJL6sFIahzdZ1dmQmJ$zFBZntcZYuv5gZf3/NP6ay6qnirWby2O0rhyi0j2RGs=',NULL,0,'hienngangiaovien@gmail.com','','','',0,1,'2021-09-27 01:41:27.493014'),(42,'pbkdf2_sha256$260000$quZhPrTrF11IgvhexcNx30$EhLSex5iNz2jRWaTUo4Q09i9rpfLEYKmN483g7RIXwQ=','2021-10-11 12:11:54.452114',1,'hieuadmin','','','admin@admin.sdfdsf',1,1,'2021-09-27 12:04:29.809930'),(43,'pbkdf2_sha256$260000$PYvb21iPFgcTQOOYV0Yk1P$JAKctPgc4ot3uBZ0mqNdzpckyVTWbSWLlB14oWYcGWU=','2021-10-02 09:46:59.002071',0,'hienpt.c2as@nghean.edu.vn','','','',0,1,'2021-09-27 12:57:28.340439'),(44,'pbkdf2_sha256$260000$MdeaLrqWfNwtb0gXaIUF3e$wmFLMHGMaMM1Dy8WAu20OsHNHTqlCGeqqBjZa3q9wbs=',NULL,0,'mylk.c2as@nghean.edu.vn','','','',0,1,'2021-09-29 01:56:39.469040'),(45,'pbkdf2_sha256$260000$ZHiFf9pVet5ZcPmVttLb8O$J6QBuohq4vmFQW3Y84Wbu16ZzCZrz98YNAXDKfjMmhY=','2021-10-12 09:39:42.806946',0,'phuong.c2as@nghean.edu.vn','','','',0,1,'2021-10-02 09:19:54.415331'),(46,'pbkdf2_sha256$260000$InERU5veziLqrlyCWgyPx3$BPoxM2B9DrTwtexpsm1985ZyCsVUNWOiz1Yo/Xct6pI=','2021-10-10 13:13:22.251690',0,'oanhnt.c2as@nghean.edu.vn','','','',0,1,'2021-10-02 10:13:59.823258');
/*!40000 ALTER TABLE `auth_user` ENABLE KEYS */;
UNLOCK TABLES;

--
-- Table structure for table `auth_user_groups`
--

DROP TABLE IF EXISTS `auth_user_groups`;
/*!40101 SET @saved_cs_client     = @@character_set_client */;
/*!40101 SET character_set_client = utf8 */;
CREATE TABLE `auth_user_groups` (
  `id` bigint(20) NOT NULL AUTO_INCREMENT,
  `user_id` int(11) NOT NULL,
  `group_id` int(11) NOT NULL,
  PRIMARY KEY (`id`),
  UNIQUE KEY `auth_user_groups_user_id_group_id_94350c0c_uniq` (`user_id`,`group_id`),
  KEY `auth_user_groups_group_id_97559544_fk_auth_group_id` (`group_id`),
  CONSTRAINT `auth_user_groups_group_id_97559544_fk_auth_group_id` FOREIGN KEY (`group_id`) REFERENCES `auth_group` (`id`),
  CONSTRAINT `auth_user_groups_user_id_6a12ed8b_fk_auth_user_id` FOREIGN KEY (`user_id`) REFERENCES `auth_user` (`id`)
) ENGINE=InnoDB DEFAULT CHARSET=utf8;
/*!40101 SET character_set_client = @saved_cs_client */;

--
-- Dumping data for table `auth_user_groups`
--

LOCK TABLES `auth_user_groups` WRITE;
/*!40000 ALTER TABLE `auth_user_groups` DISABLE KEYS */;
/*!40000 ALTER TABLE `auth_user_groups` ENABLE KEYS */;
UNLOCK TABLES;

--
-- Table structure for table `auth_user_user_permissions`
--

DROP TABLE IF EXISTS `auth_user_user_permissions`;
/*!40101 SET @saved_cs_client     = @@character_set_client */;
/*!40101 SET character_set_client = utf8 */;
CREATE TABLE `auth_user_user_permissions` (
  `id` bigint(20) NOT NULL AUTO_INCREMENT,
  `user_id` int(11) NOT NULL,
  `permission_id` int(11) NOT NULL,
  PRIMARY KEY (`id`),
  UNIQUE KEY `auth_user_user_permissions_user_id_permission_id_14a6b632_uniq` (`user_id`,`permission_id`),
  KEY `auth_user_user_permi_permission_id_1fbb5f2c_fk_auth_perm` (`permission_id`),
  CONSTRAINT `auth_user_user_permi_permission_id_1fbb5f2c_fk_auth_perm` FOREIGN KEY (`permission_id`) REFERENCES `auth_permission` (`id`),
  CONSTRAINT `auth_user_user_permissions_user_id_a95ead1b_fk_auth_user_id` FOREIGN KEY (`user_id`) REFERENCES `auth_user` (`id`)
) ENGINE=InnoDB DEFAULT CHARSET=utf8;
/*!40101 SET character_set_client = @saved_cs_client */;

--
-- Dumping data for table `auth_user_user_permissions`
--

LOCK TABLES `auth_user_user_permissions` WRITE;
/*!40000 ALTER TABLE `auth_user_user_permissions` DISABLE KEYS */;
/*!40000 ALTER TABLE `auth_user_user_permissions` ENABLE KEYS */;
UNLOCK TABLES;

--
-- Table structure for table `django_admin_log`
--

DROP TABLE IF EXISTS `django_admin_log`;
/*!40101 SET @saved_cs_client     = @@character_set_client */;
/*!40101 SET character_set_client = utf8 */;
CREATE TABLE `django_admin_log` (
  `id` int(11) NOT NULL AUTO_INCREMENT,
  `action_time` datetime(6) NOT NULL,
  `object_id` longtext,
  `object_repr` varchar(200) NOT NULL,
  `action_flag` smallint(5) unsigned NOT NULL,
  `change_message` longtext NOT NULL,
  `content_type_id` int(11) DEFAULT NULL,
  `user_id` int(11) NOT NULL,
  PRIMARY KEY (`id`),
  KEY `django_admin_log_content_type_id_c4bce8eb_fk_django_co` (`content_type_id`),
  KEY `django_admin_log_user_id_c564eba6_fk_auth_user_id` (`user_id`),
  CONSTRAINT `django_admin_log_content_type_id_c4bce8eb_fk_django_co` FOREIGN KEY (`content_type_id`) REFERENCES `django_content_type` (`id`),
  CONSTRAINT `django_admin_log_user_id_c564eba6_fk_auth_user_id` FOREIGN KEY (`user_id`) REFERENCES `auth_user` (`id`)
) ENGINE=InnoDB AUTO_INCREMENT=623 DEFAULT CHARSET=utf8;
/*!40101 SET character_set_client = @saved_cs_client */;

--
-- Dumping data for table `django_admin_log`
--

LOCK TABLES `django_admin_log` WRITE;
/*!40000 ALTER TABLE `django_admin_log` DISABLE KEYS */;
INSERT INTO `django_admin_log` VALUES (1,'2021-09-26 13:53:20.106697','1','THCS Anh Sơn',1,'[{\"added\": {}}]',10,1),(2,'2021-09-26 13:54:00.826537','1','2021 - 2022',1,'[{\"added\": {}}]',11,1),(3,'2021-09-26 13:55:33.220341','1','Ngữ văn',1,'[{\"added\": {}}]',8,1),(4,'2021-09-26 13:56:37.024921','2','Lịch sử',1,'[{\"added\": {}}]',8,1),(5,'2021-09-26 13:56:46.397331','3','Địa lý',1,'[{\"added\": {}}]',8,1),(6,'2021-09-26 13:57:10.499752','4','Lịch sử & Địa lý',1,'[{\"added\": {}}]',8,1),(7,'2021-09-26 13:57:23.176014','5','Giáo dục công dân',1,'[{\"added\": {}}]',8,1),(8,'2021-09-26 13:57:36.320974','6','Tiếng Anh',1,'[{\"added\": {}}]',8,1),(9,'2021-09-26 13:57:44.597247','7','Toán',1,'[{\"added\": {}}]',8,1),(10,'2021-09-26 13:57:54.756308','8','Vật Lý',1,'[{\"added\": {}}]',8,1),(11,'2021-09-26 13:58:03.491650','9','Hoá học',1,'[{\"added\": {}}]',8,1),(12,'2021-09-26 13:58:10.262044','10','Sinh học',1,'[{\"added\": {}}]',8,1),(13,'2021-09-26 13:58:21.174447','11','Khoa học tự nhiên',1,'[{\"added\": {}}]',8,1),(14,'2021-09-26 13:58:29.043928','12','Công nghệ',1,'[{\"added\": {}}]',8,1),(15,'2021-09-26 13:58:36.649217','13','Tin học',1,'[{\"added\": {}}]',8,1),(16,'2021-09-26 13:58:44.786232','14','Thể dục',1,'[{\"added\": {}}]',8,1),(17,'2021-09-26 13:58:51.714589','15','Âm nhạc',1,'[{\"added\": {}}]',8,1),(18,'2021-09-26 13:59:01.303685','16','Mỹ thuật',1,'[{\"added\": {}}]',8,1),(19,'2021-09-26 13:59:14.263955','17','HĐ tập thể',1,'[{\"added\": {}}]',8,1),(20,'2021-09-26 13:59:41.258570','18','GDĐP',1,'[{\"added\": {}}]',8,1),(21,'2021-09-26 14:00:02.035931','19','HĐGDNGLL',1,'[{\"added\": {}}]',8,1),(22,'2021-09-26 14:00:20.207273','20','HĐGDTNHN',1,'[{\"added\": {}}]',8,1),(23,'2021-09-26 14:01:20.620090','1','Ngữ văn',1,'[{\"added\": {}}]',12,1),(24,'2021-09-26 14:02:38.442018','1','Ngữ văn 6',1,'[{\"added\": {}}]',13,1),(25,'2021-09-26 14:02:54.962487','2','Ngữ văn 7',1,'[{\"added\": {}}]',13,1),(26,'2021-09-26 14:03:10.348585','3','Ngữ văn 8',1,'[{\"added\": {}}]',13,1),(27,'2021-09-26 14:03:28.288471','4','Ngữ văn 9',1,'[{\"added\": {}}]',13,1),(28,'2021-09-26 14:04:15.776187','2','Lịch sử',1,'[{\"added\": {}}]',12,1),(29,'2021-09-26 14:04:45.632469','5','Lịch sử 7',1,'[{\"added\": {}}]',13,1),(30,'2021-09-26 14:05:17.658080','6','Lịch sử 8',1,'[{\"added\": {}}]',13,1),(31,'2021-09-26 14:05:32.502377','7','Lịch sử 9',1,'[{\"added\": {}}]',13,1),(32,'2021-09-26 14:06:32.923289','3','Địa lý',1,'[{\"added\": {}}]',12,1),(33,'2021-09-26 14:06:54.953562','8','Địa lý 7',1,'[{\"added\": {}}]',13,1),(34,'2021-09-26 14:07:15.105105','9','Địa lý 8',1,'[{\"added\": {}}]',13,1),(35,'2021-09-26 14:07:30.631958','10','Địa lý 9',1,'[{\"added\": {}}]',13,1),(36,'2021-09-26 14:08:06.763375','4','Lịch sử & Địa lý',1,'[{\"added\": {}}]',12,1),(37,'2021-09-26 14:08:20.739824','11','Lịch sử & Địa lý 6',1,'[{\"added\": {}}]',13,1),(38,'2021-09-26 14:08:42.838792','5','Giáo dục công dân',1,'[{\"added\": {}}]',12,1),(39,'2021-09-26 14:08:54.137774','12','Giáo dục công dân 6',1,'[{\"added\": {}}]',13,1),(40,'2021-09-26 14:09:07.504117','13','Giáo dục công dân 7',1,'[{\"added\": {}}]',13,1),(41,'2021-09-26 14:09:19.355945','14','Giáo dục công dân 8',1,'[{\"added\": {}}]',13,1),(42,'2021-09-26 14:09:34.028035','15','Giáo dục công dân 9',1,'[{\"added\": {}}]',13,1),(43,'2021-09-26 14:09:56.272291','6','Tiếng Anh',1,'[{\"added\": {}}]',12,1),(44,'2021-09-26 14:10:10.337718','16','Tiếng Anh 6',1,'[{\"added\": {}}]',13,1),(45,'2021-09-26 14:10:30.210399','17','Tiếng Anh 7',1,'[{\"added\": {}}]',13,1),(46,'2021-09-26 14:10:42.336043','18','Tiếng Anh 8',1,'[{\"added\": {}}]',13,1),(47,'2021-09-26 14:11:03.467610','19','Tiếng Anh 9',1,'[{\"added\": {}}]',13,1),(48,'2021-09-26 14:11:24.668118','7','Toán',1,'[{\"added\": {}}]',12,1),(49,'2021-09-26 14:11:48.370670','20','Toán 6',1,'[{\"added\": {}}]',13,1),(50,'2021-09-26 14:12:02.661025','21','Toán 7',1,'[{\"added\": {}}]',13,1),(51,'2021-09-26 14:12:15.581675','22','Toán 8',1,'[{\"added\": {}}]',13,1),(52,'2021-09-26 14:12:27.950212','23','Toán 9',1,'[{\"added\": {}}]',13,1),(53,'2021-09-26 14:12:54.930553','8','Vật Lý',1,'[{\"added\": {}}]',12,1),(54,'2021-09-26 14:13:07.895089','24','Vật Lý 7',1,'[{\"added\": {}}]',13,1),(55,'2021-09-26 14:13:24.065870','25','Vật Lý 8',1,'[{\"added\": {}}]',13,1),(56,'2021-09-26 14:13:36.689213','26','Vật Lý 9',1,'[{\"added\": {}}]',13,1),(57,'2021-09-26 14:14:09.167434','9','Hoá học',1,'[{\"added\": {}}]',12,1),(58,'2021-09-26 14:14:37.151917','27','Hoá học 8',1,'[{\"added\": {}}]',13,1),(59,'2021-09-26 14:14:50.010632','28','Hoá học 9',1,'[{\"added\": {}}]',13,1),(60,'2021-09-26 14:15:10.305639','10','Khoa học tự nhiên',1,'[{\"added\": {}}]',12,1),(61,'2021-09-26 14:15:23.455175','29','Khoa học tự nhiên 6',1,'[{\"added\": {}}]',13,1),(62,'2021-09-26 14:15:42.924595','11','Công nghệ',1,'[{\"added\": {}}]',12,1),(63,'2021-09-26 14:16:01.620443','30','Công nghệ 6',1,'[{\"added\": {}}]',13,1),(64,'2021-09-26 14:16:19.310926','31','Công nghệ 7',1,'[{\"added\": {}}]',13,1),(65,'2021-09-26 14:16:42.836057','32','Công nghệ 8',1,'[{\"added\": {}}]',13,1),(66,'2021-09-26 14:16:55.829381','33','Công nghệ 9',1,'[{\"added\": {}}]',13,1),(67,'2021-09-26 14:17:21.404118','12','Tin học',1,'[{\"added\": {}}]',12,1),(68,'2021-09-26 14:17:30.215886','34','Tin học 6',1,'[{\"added\": {}}]',13,1),(69,'2021-09-26 14:17:41.836319','35','Tin học 7',1,'[{\"added\": {}}]',13,1),(70,'2021-09-26 14:18:00.755743','36','Tin học 8',1,'[{\"added\": {}}]',13,1),(71,'2021-09-26 14:18:13.757112','37','Tin học 9',1,'[{\"added\": {}}]',13,1),(72,'2021-09-26 14:20:06.919737','13','Thể dục',1,'[{\"added\": {}}]',12,1),(73,'2021-09-26 14:20:21.157539','38','Thể dục 6',1,'[{\"added\": {}}]',13,1),(74,'2021-09-26 14:20:37.253673','39','Thể dục 7',1,'[{\"added\": {}}]',13,1),(75,'2021-09-26 14:20:51.487693','40','Thể dục 8',1,'[{\"added\": {}}]',13,1),(76,'2021-09-26 14:21:03.887771','41','Thể dục 9',1,'[{\"added\": {}}]',13,1),(77,'2021-09-26 14:21:40.897813','14','Âm nhạc',1,'[{\"added\": {}}]',12,1),(78,'2021-09-26 14:21:54.936948','42','Âm nhạc 6',1,'[{\"added\": {}}]',13,1),(79,'2021-09-26 14:22:08.296816','43','Âm nhạc 7',1,'[{\"added\": {}}]',13,1),(80,'2021-09-26 14:22:24.944103','44','Âm nhạc 8',1,'[{\"added\": {}}]',13,1),(81,'2021-09-26 14:22:38.547920','45','Âm nhạc 9',1,'[{\"added\": {}}]',13,1),(82,'2021-09-26 14:23:01.026285','15','Mỹ thuật',1,'[{\"added\": {}}]',12,1),(83,'2021-09-26 14:23:10.695680','46','Mỹ thuật 6',1,'[{\"added\": {}}]',13,1),(84,'2021-09-26 14:23:22.455450','47','Mỹ thuật 7',1,'[{\"added\": {}}]',13,1),(85,'2021-09-26 14:23:34.274317','48','Mỹ thuật 8',1,'[{\"added\": {}}]',13,1),(86,'2021-09-26 14:23:48.046895','49','Mỹ thuật 9',1,'[{\"added\": {}}]',13,1),(87,'2021-09-26 14:24:58.373935','1','6A',1,'[{\"added\": {}}]',7,1),(88,'2021-09-26 14:25:06.836177','2','6B',1,'[{\"added\": {}}]',7,1),(89,'2021-09-26 14:25:14.471815','3','6C',1,'[{\"added\": {}}]',7,1),(90,'2021-09-26 14:25:23.110572','4','6D',1,'[{\"added\": {}}]',7,1),(91,'2021-09-26 14:27:12.483371','2','2020 - 2021',1,'[{\"added\": {}}]',11,1),(92,'2021-09-26 14:27:18.714799','5','7A',1,'[{\"added\": {}}]',7,1),(93,'2021-09-26 14:27:30.815450','6','7B',1,'[{\"added\": {}}]',7,1),(94,'2021-09-26 14:27:41.329165','7','7C',1,'[{\"added\": {}}]',7,1),(95,'2021-09-26 14:27:50.446129','8','7D',1,'[{\"added\": {}}]',7,1),(96,'2021-09-26 14:28:33.955296','3','2019 - 2020',1,'[{\"added\": {}}]',11,1),(97,'2021-09-26 14:28:40.744158','9','8A',1,'[{\"added\": {}}]',7,1),(98,'2021-09-26 14:28:50.083309','10','8B',1,'[{\"added\": {}}]',7,1),(99,'2021-09-26 14:28:59.500625','11','8C',1,'[{\"added\": {}}]',7,1),(100,'2021-09-26 14:29:07.694956','12','8D',1,'[{\"added\": {}}]',7,1),(101,'2021-09-26 14:30:05.379563','4','2018 - 2019',1,'[{\"added\": {}}]',11,1),(102,'2021-09-26 14:30:10.947515','13','9A',1,'[{\"added\": {}}]',7,1),(103,'2021-09-26 14:30:19.572722','14','9B',1,'[{\"added\": {}}]',7,1),(104,'2021-09-26 14:30:28.447840','15','9C',1,'[{\"added\": {}}]',7,1),(105,'2021-09-26 14:30:37.001354','16','9D',1,'[{\"added\": {}}]',7,1),(106,'2021-09-26 14:32:57.760066','1','2021 - 2022',2,'[{\"changed\": {\"fields\": [\"N\\u0103m h\\u1ecdc hi\\u1ec7n t\\u1ea1i\"]}}]',11,1),(107,'2021-09-26 14:51:12.611933','2','tranthichau',1,'[{\"added\": {}}]',4,1),(108,'2021-09-26 14:51:33.893480','1','T Châu',1,'[{\"added\": {}}]',14,1),(109,'2021-09-26 14:52:20.839311','3','haoquang@thcsas',1,'[{\"added\": {}}]',4,1),(110,'2021-09-26 14:52:42.051912','2','Nguyễn Hữu Hào Quang',1,'[{\"added\": {}}]',14,1),(111,'2021-09-26 14:53:16.679781','4','anhtuan@thcsas',1,'[{\"added\": {}}]',4,1),(112,'2021-09-26 14:53:32.455836','3','Trần Anh Tuấn',1,'[{\"added\": {}}]',14,1),(113,'2021-09-26 14:54:15.076205','5','dinhphuong@thcsas',1,'[{\"added\": {}}]',4,1),(114,'2021-09-26 14:54:29.167854','4','Đinh Thị Phương',1,'[{\"added\": {}}]',14,1),(115,'2021-09-27 00:38:12.640891','6','Chautt.c2as@nghean.edu.vn',1,'[{\"added\": {}}]',4,1),(116,'2021-09-27 00:38:41.504986','7','yendth.gdas@nghean.edu.vn',1,'[{\"added\": {}}]',4,1),(117,'2021-09-27 00:38:59.456437','5','Đặng Thị Hải Yến',1,'[{\"added\": {}}]',14,1),(118,'2021-09-27 00:39:24.504601','8','ducdv.gdas@nghean.edu.vn',1,'[{\"added\": {}}]',4,1),(119,'2021-09-27 00:39:36.644114','6','Đặng Văn Đức',1,'[{\"added\": {}}]',14,1),(120,'2021-09-27 00:40:09.840547','9','phuongdt.c2as@nghean.edu.vn',1,'[{\"added\": {}}]',4,1),(121,'2021-09-27 00:40:23.852085','7','Đinh Thị Phương',1,'[{\"added\": {}}]',14,1),(122,'2021-09-27 00:40:48.588594','10','dungvq.c2as@nghean.edu.vn',1,'[{\"added\": {}}]',4,1),(123,'2021-09-27 00:40:59.129595','8','Võ Quang Dũng',1,'[{\"added\": {}}]',14,1),(124,'2021-09-27 00:41:21.140251','11','dungnd.as@nghean.edu.vn',1,'[{\"added\": {}}]',4,1),(125,'2021-09-27 00:41:30.738702','9','Nguyễn Diên Dũng',1,'[{\"added\": {}}]',14,1),(126,'2021-09-27 00:41:55.592232','12','hadtb.c2as@nghean.edu.vn',1,'[{\"added\": {}}]',4,1),(127,'2021-09-27 00:42:06.931744','10','Đặng Thị Bích Hà',1,'[{\"added\": {}}]',14,1),(128,'2021-09-27 00:42:28.636366','13','hadtn.c2as@nghean.edu.vn',1,'[{\"added\": {}}]',4,1),(129,'2021-09-27 00:42:40.535617','11','Đặng Thị Ngọc Hà',1,'[{\"added\": {}}]',14,1),(130,'2021-09-27 00:43:00.776352','14','hantt.c2as@nghean.edu.vn',1,'[{\"added\": {}}]',4,1),(131,'2021-09-27 00:43:18.277900','12','Nguyễn Thị Thu Hà',1,'[{\"added\": {}}]',14,1),(132,'2021-09-27 00:43:43.129484','15','hoanv.c2as@nghean.edu.vn',1,'[{\"added\": {}}]',4,1),(133,'2021-09-27 00:43:53.871510','13','Nguyễn Văn Hóa',1,'[{\"added\": {}}]',14,1),(134,'2021-09-27 00:55:02.436447','16','hoaint.c2as@nghean.edu.vn',1,'[{\"added\": {}}]',4,1),(135,'2021-09-27 00:55:12.956175','14','Nguyễn Thị Hoài',1,'[{\"added\": {}}]',14,1),(136,'2021-09-27 00:55:38.739702','17','hoanchung79@gmail.com',1,'[{\"added\": {}}]',4,1),(137,'2021-09-27 00:55:48.198625','15','Nguyễn Thị Hoàn',1,'[{\"added\": {}}]',14,1),(138,'2021-09-27 00:56:14.063072','18','hoannt.c2as@nghean.edu.vn',1,'[{\"added\": {}}]',4,1),(139,'2021-09-27 00:56:23.613041','16','Nguyễn Thị Hoàn',1,'[{\"added\": {}}]',14,1),(140,'2021-09-27 00:57:02.964614','19','lamnt.c2as@nghean.edu.vn',1,'[{\"added\": {}}]',4,1),(141,'2021-09-27 00:57:12.641553','17','Nguyễn Tùng Lâm',1,'[{\"added\": {}}]',14,1),(142,'2021-09-27 00:57:36.147272','20','loanntk.c2as@nghean.edu.vn',1,'[{\"added\": {}}]',4,1),(143,'2021-09-27 00:57:46.804068','18','Nguyễn Thị Kim Loan',1,'[{\"added\": {}}]',14,1),(144,'2021-09-27 00:58:18.212173','21','luongdt.c2as@nghean.edu.vn',1,'[{\"added\": {}}]',4,1),(145,'2021-09-27 00:58:27.399510','19','Đặng Thị Lương',1,'[{\"added\": {}}]',14,1),(146,'2021-09-27 00:58:52.180212','22','minhnt.c2as@nghean.edu.vn',1,'[{\"added\": {}}]',4,1),(147,'2021-09-27 00:59:07.562450','20','Nguyễn Trọng Minh',1,'[{\"added\": {}}]',14,1),(148,'2021-09-27 00:59:56.292307','23','mytt.as@nghean.edu.vn',1,'[{\"added\": {}}]',4,1),(149,'2021-09-27 01:00:06.942432','21','Trương Thị Mỹ',1,'[{\"added\": {}}]',14,1),(150,'2021-09-27 01:00:43.572883','24','nganth.c2as@nghean.edu.vn',1,'[{\"added\": {}}]',4,1),(151,'2021-09-27 01:01:06.308040','22','Nguyễn Thị Hồng Nga',1,'[{\"added\": {}}]',14,1),(152,'2021-09-27 01:01:53.581149','25','ngavt.c2as@nghean.edu.vn',1,'[{\"added\": {}}]',4,1),(153,'2021-09-27 01:02:20.447936','23','Văn Thị Nga',1,'[{\"added\": {}}]',14,1),(154,'2021-09-27 01:02:49.631905','26','nhungnt.gdas@nghean.edu.vn',1,'[{\"added\": {}}]',4,1),(155,'2021-09-27 01:03:00.202059','24','Nguyễn Thị Nhung',1,'[{\"added\": {}}]',14,1),(156,'2021-09-27 01:29:04.400274','27','oanhnt.gdas@nghean.edu.vn',1,'[{\"added\": {}}]',4,1),(157,'2021-09-27 01:29:20.724062','25','Nguyễn Thị Oanh',1,'[{\"added\": {}}]',14,1),(158,'2021-09-27 01:29:55.079902','28','phuongnt.gdas@nghean.edu.vn',1,'[{\"added\": {}}]',4,1),(159,'2021-09-27 01:30:12.448242','26','Nguyễn Thị Phượng',1,'[{\"added\": {}}]',14,1),(160,'2021-09-27 01:30:43.243871','29','linhnt.c2as@nghean.edu.vn',1,'[{\"added\": {}}]',4,1),(161,'2021-09-27 01:30:53.064182','27','Nguyễn Trọng Linh',1,'[{\"added\": {}}]',14,1),(162,'2021-09-27 01:31:14.824728','30','mainv.c2as@nghean.edu.vn',1,'[{\"added\": {}}]',4,1),(163,'2021-09-27 01:31:24.227938','28','Nguyễn Văn Mai',1,'[{\"added\": {}}]',14,1),(164,'2021-09-27 01:31:51.998802','31','hanhpb.c2as@nghean.edu.vn',1,'[{\"added\": {}}]',4,1),(165,'2021-09-27 01:32:00.969180','29','Phan Bùi Hạnh',1,'[{\"added\": {}}]',14,1),(166,'2021-09-27 01:33:30.758784','32','dungpt.c2as@nghean.edu.vn',1,'[{\"added\": {}}]',4,1),(167,'2021-09-27 01:33:41.445396','30','Phan Tiến Dũng',1,'[{\"added\": {}}]',14,1),(168,'2021-09-27 01:34:05.331170','33','quang.c2as@nghean.edu.vn',1,'[{\"added\": {}}]',4,1),(169,'2021-09-27 01:34:17.110043','31','Nguyễn Hữu Hào Quang',1,'[{\"added\": {}}]',14,1),(170,'2021-09-27 01:34:38.886208','34','quynhntn.as@nghean.edu.vn',1,'[{\"added\": {}}]',4,1),(171,'2021-09-27 01:34:55.151058','32','Nguyễn Thị Ngọc Quỳnh',1,'[{\"added\": {}}]',14,1),(172,'2021-09-27 01:35:18.919347','35','thaonts.c2as@nghean.edu.vn',1,'[{\"added\": {}}]',4,1),(173,'2021-09-27 01:35:29.151907','33','Nguyễn Thị Song Thao',1,'[{\"added\": {}}]',14,1),(174,'2021-09-27 01:35:51.205227','36','thuongnt.c2as@nghean.edu.vn',1,'[{\"added\": {}}]',4,1),(175,'2021-09-27 01:38:45.621221','34','Nguyễn Thị Thương',1,'[{\"added\": {}}]',14,1),(176,'2021-09-27 01:39:05.717305','37','tuanta.c2as@nghean.edu.vn',1,'[{\"added\": {}}]',4,1),(177,'2021-09-27 01:39:15.384206','35','Trần Anh Tuấn',1,'[{\"added\": {}}]',14,1),(178,'2021-09-27 01:39:38.300083','38','vuong.c2as@nghean.edu.vn',1,'[{\"added\": {}}]',4,1),(179,'2021-09-27 01:39:48.982613','36','Võ Văn Vượng',1,'[{\"added\": {}}]',14,1),(180,'2021-09-27 01:40:10.805719','39','truongbx.c2as@nghean.edu.vn',1,'[{\"added\": {}}]',4,1),(181,'2021-09-27 01:40:22.648281','37','Bùi Xuân Trường',1,'[{\"added\": {}}]',14,1),(182,'2021-09-27 01:40:42.244457','40','hientv.c2as@nghean.edu.vn',1,'[{\"added\": {}}]',4,1),(183,'2021-09-27 01:40:54.050470','38','Trần Văn Hiền',1,'[{\"added\": {}}]',14,1),(184,'2021-09-27 01:41:27.916346','41','hienngangiaovien@gmail.com',1,'[{\"added\": {}}]',4,1),(185,'2021-09-27 01:41:42.211818','39','Trần Văn Hiền',1,'[{\"added\": {}}]',14,1),(186,'2021-09-27 01:45:45.440970','21','Sinh học',1,'[{\"added\": {}}]',8,1),(187,'2021-09-27 01:47:24.869717','16','Sinh học',1,'[{\"added\": {}}]',12,1),(188,'2021-09-27 01:48:36.959266','50','Sinh học 7',1,'[{\"added\": {}}]',13,1),(189,'2021-09-27 01:48:48.057727','51','Sinh học 8',1,'[{\"added\": {}}]',13,1),(190,'2021-09-27 01:49:03.116749','52','Sinh học 9',1,'[{\"added\": {}}]',13,1),(191,'2021-09-27 01:49:25.550368','1','Sinh học 7 : 7A - Nguyễn Hữu Hào Quang',1,'[{\"added\": {}}]',21,1),(192,'2021-09-27 01:49:43.032654','2','Sinh học 8 : 8D - Nguyễn Hữu Hào Quang',1,'[{\"added\": {}}]',21,1),(193,'2021-09-27 03:23:58.118080','3','Toán 8 : 8A, 8B, 8C, 8D - Trần Anh Tuấn',1,'[{\"added\": {}}]',21,1),(194,'2021-09-27 03:24:16.879890','4','Toán 7 : 7A, 7B, 7C - Đinh Thị Phương',1,'[{\"added\": {}}]',21,1),(195,'2021-09-27 03:24:52.477133','5','Toán 6 : 6A, 6D - Đặng Thị Ngọc Hà',1,'[{\"added\": {}}]',21,1),(196,'2021-09-27 03:25:13.155056','6','Toán 7 : 7D - Đặng Thị Ngọc Hà',1,'[{\"added\": {}}]',21,1),(197,'2021-09-27 03:26:09.283563','7','Toán 9 : 9A, 9B, 9C - Nguyễn Trọng Linh',1,'[{\"added\": {}}]',21,1),(198,'2021-09-27 03:27:50.875507','8','Toán 6 : 6B, 6C - Bùi Xuân Trường',1,'[{\"added\": {}}]',21,1),(199,'2021-09-27 03:28:10.344903','9','Toán 9 : 9D - Bùi Xuân Trường',1,'[{\"added\": {}}]',21,1),(200,'2021-09-27 03:29:35.978927','10','Khoa học tự nhiên 6 : 6A, 6B, 6C, 6D - Nguyễn Thị Nhung',1,'[{\"added\": {}}]',21,1),(201,'2021-09-27 03:30:07.359496','11','Vật Lý 8 : 8A, 8B, 8C, 8D - Nguyễn Thị Nhung',1,'[{\"added\": {}}]',21,1),(202,'2021-09-27 03:30:50.358758','12','Công nghệ 9 : 9A, 9B, 9C, 9D - Nguyễn Thị Nhung',1,'[{\"added\": {}}]',21,1),(203,'2021-09-27 03:31:27.622098','13','Hoá học 8 : 8A, 8B, 8C, 8D - Phan Tiến Dũng',1,'[{\"added\": {}}]',21,1),(204,'2021-09-27 03:31:47.380034','14','Hoá học 9 : 9A, 9B, 9C, 9D - Phan Tiến Dũng',1,'[{\"added\": {}}]',21,1),(205,'2021-09-27 03:34:57.781649','22','KHTN-Hóa',1,'[{\"added\": {}}]',8,1),(206,'2021-09-27 03:35:18.090680','23','KHTN - Sinh',1,'[{\"added\": {}}]',8,1),(207,'2021-09-27 03:35:36.045229','24','KHTN - Vật lý',1,'[{\"added\": {}}]',8,1),(208,'2021-09-27 03:37:06.980384','17','KHTN - Sinh',1,'[{\"added\": {}}]',12,1),(209,'2021-09-27 03:38:28.448419','18','KHTN-Hóa',1,'[{\"added\": {}}]',12,1),(210,'2021-09-27 03:38:48.641521','19','KHTN - Vật lý',1,'[{\"added\": {}}]',12,1),(211,'2021-09-27 03:39:39.759482','53','KHTN - Sinh 6',1,'[{\"added\": {}}]',13,1),(212,'2021-09-27 03:39:54.347592','15','KHTN - Sinh 6 : 6A, 6B, 6C, 6D - Đặng Thị Hải Yến',1,'[{\"added\": {}}]',21,1),(213,'2021-09-27 03:40:23.451554','16','Sinh học 8 : 8A, 8B, 8C - Đặng Thị Hải Yến',1,'[{\"added\": {}}]',21,1),(214,'2021-09-27 03:41:20.682686','17','Sinh học 7 : 7B, 7C, 7D - Trương Thị Mỹ',1,'[{\"added\": {}}]',21,1),(215,'2021-09-27 03:41:45.540900','18','Sinh học 9 : 9A, 9B, 9C, 9D - Trương Thị Mỹ',1,'[{\"added\": {}}]',21,1),(216,'2021-09-27 03:42:19.139730','19','Tin học 8 : 8A, 8B - Nguyễn Diên Dũng',1,'[{\"added\": {}}]',21,1),(217,'2021-09-27 03:42:38.229262','20','Tin học 9 : 9A, 9B, 9C, 9D - Nguyễn Diên Dũng',1,'[{\"added\": {}}]',21,1),(218,'2021-09-27 03:42:59.795846','21','Tin học 6 : 6A, 6B, 6C, 6D - Nguyễn Thị Ngọc Quỳnh',1,'[{\"added\": {}}]',21,1),(219,'2021-09-27 03:43:19.227585','22','Tin học 7 : 7A, 7B, 7C, 7D - Nguyễn Thị Ngọc Quỳnh',1,'[{\"added\": {}}]',21,1),(220,'2021-09-27 03:43:34.821039','23','Tin học 8 : 8C, 8D - Nguyễn Thị Ngọc Quỳnh',1,'[{\"added\": {}}]',21,1),(221,'2021-09-27 03:44:32.896597','24','Thể dục 6 : 6A, 6B, 6C, 6D - Võ Văn Vượng',1,'[{\"added\": {}}]',21,1),(222,'2021-09-27 03:45:06.338929','25','Thể dục 8 : 8A, 8B, 8C, 8D - Phan Bùi Hạnh',1,'[{\"added\": {}}]',21,1),(223,'2021-09-27 03:45:28.035515','26','Thể dục 9 : 9A, 9B, 9C, 9D - Phan Bùi Hạnh',1,'[{\"added\": {}}]',21,1),(224,'2021-09-27 03:46:02.386954','27','Công nghệ 8 : 8B - Nguyễn Thị Hoài',1,'[{\"added\": {}}]',21,1),(225,'2021-09-27 03:46:30.043588','28','Ngữ văn 8 : 8A, 8B, 8D - Nguyễn Thị Hoài',1,'[{\"added\": {}}]',21,1),(226,'2021-09-27 03:47:17.220230','29','Ngữ văn 7 : 7A, 7C, 7D - Nguyễn Thị Thu Hà',1,'[{\"added\": {}}]',21,1),(227,'2021-09-27 03:47:38.039382','30','Công nghệ 7 : 7C - Nguyễn Thị Thu Hà',1,'[{\"added\": {}}]',21,1),(228,'2021-09-27 03:48:16.435425','31','Ngữ văn 9 : 9C, 9D - Văn Thị Nga',1,'[{\"added\": {}}]',21,1),(229,'2021-09-27 03:48:46.615262','32','Ngữ văn 6 : 6B, 6C - Nguyễn Thị Song Thao',1,'[{\"added\": {}}]',21,1),(230,'2021-09-27 03:49:04.678208','33','Ngữ văn 8 : 8C - Nguyễn Thị Song Thao',1,'[{\"added\": {}}]',21,1),(231,'2021-09-27 03:50:05.668135','34','Ngữ văn 7 : 7B - Nguyễn Thị Kim Loan',1,'[{\"added\": {}}]',21,1),(232,'2021-09-27 03:50:20.789374','35','Ngữ văn 9 : 9A, 9B - Nguyễn Thị Kim Loan',1,'[{\"added\": {}}]',21,1),(233,'2021-09-27 03:51:57.234170','36','Lịch sử 7 : 7A, 7D - Nguyễn Thị Phượng',1,'[{\"added\": {}}]',21,1),(234,'2021-09-27 03:52:35.351905','37','Lịch sử 9 : 9A, 9B, 9C, 9D - Nguyễn Thị Phượng',1,'[{\"added\": {}}]',21,1),(235,'2021-09-27 12:05:43.480012','1','admin',2,'[{\"changed\": {\"fields\": [\"password\"]}}]',4,42),(236,'2021-09-27 12:12:10.351019','38','Lịch sử 7 : 7B, 7C - Đặng Thị Bích Hà',1,'[{\"added\": {}}]',21,1),(237,'2021-09-27 12:12:28.738868','39','Lịch sử 8 : 8A, 8B, 8C, 8D - Đặng Thị Bích Hà',1,'[{\"added\": {}}]',21,1),(238,'2021-09-27 12:13:05.652949','40','Lịch sử & Địa lý 6 : 6A, 6B, 6C, 6D - Đặng Văn Đức',1,'[{\"added\": {}}]',21,1),(239,'2021-09-27 12:13:25.384582','41','Thể dục 7 : 7C, 7D - Đặng Văn Đức',1,'[{\"added\": {}}]',21,1),(240,'2021-09-27 12:14:41.945241','25','CTrGDĐP',1,'[{\"added\": {}}]',8,1),(241,'2021-09-27 12:14:46.407999','20','CTrGDĐP',1,'[{\"added\": {}}]',12,1),(242,'2021-09-27 12:15:13.634927','26','CTrGDĐP',1,'[{\"added\": {}}]',8,1),(243,'2021-09-27 12:16:55.423359','54','CTrGDĐP 6',1,'[{\"added\": {}}]',13,1),(244,'2021-09-27 12:17:15.391994','42','CTrGDĐP 6 : 6A, 6B, 6C, 6D - Đặng Văn Đức',1,'[{\"added\": {}}]',21,1),(245,'2021-09-27 12:19:02.202800','43','Lịch sử & Địa lý 6 : 6A, 6B, 6C, 6D - Nguyễn Thị Hồng Nga',1,'[{\"added\": {}}]',21,1),(246,'2021-09-27 12:19:33.452336','44','Địa lý 8 : 8A, 8B, 8C, 8D - Nguyễn Thị Hồng Nga',1,'[{\"added\": {}}]',21,1),(247,'2021-09-27 12:20:18.237511','27','HĐTN-HN',1,'[{\"added\": {}}]',8,1),(248,'2021-09-27 12:21:10.021827','28','HĐTN-HN',1,'[{\"added\": {}}]',8,1),(249,'2021-09-27 12:21:16.704567','21','HĐTN-HN',1,'[{\"added\": {}}]',12,1),(250,'2021-09-27 12:21:25.749861','55','HĐTN-HN 6',1,'[{\"added\": {}}]',13,1),(251,'2021-09-27 12:22:04.648141','45','HĐTN-HN 6 : 6B - Nguyễn Thị Hồng Nga',1,'[{\"added\": {}}]',21,1),(252,'2021-09-27 12:22:44.932645','46','Địa lý 7 : 7A, 7B, 7C, 7D - Nguyễn Thị Hoàn',1,'[{\"added\": {}}]',21,1),(253,'2021-09-27 12:23:01.050971','47','Địa lý 9 : 9A, 9B, 9C, 9D - Nguyễn Thị Hoàn',1,'[{\"added\": {}}]',21,1),(254,'2021-09-27 12:23:28.250245','48','Tiếng Anh 7 : 7A, 7B, 7C, 7D - Nguyễn Trọng Minh',1,'[{\"added\": {}}]',21,1),(255,'2021-09-27 12:23:43.939027','49','Thể dục 7 : 7B - Nguyễn Trọng Minh',1,'[{\"added\": {}}]',21,1),(256,'2021-09-27 12:24:24.407858','50','Tiếng Anh 6 : 6A, 6B, 6C, 6D - Võ Quang Dũng',1,'[{\"added\": {}}]',21,1),(257,'2021-09-27 12:24:49.077448','51','Tiếng Anh 9 : 9A, 9B, 9C, 9D - Nguyễn Văn Hóa',1,'[{\"added\": {}}]',21,1),(258,'2021-09-27 12:25:25.559769','52','Tiếng Anh 8 : 8A, 8B, 8C, 8D - Đặng Thị Lương',1,'[{\"added\": {}}]',21,1),(259,'2021-09-27 12:25:53.339299','53','Giáo dục công dân 6 : 6A, 6B, 6C, 6D - Nguyễn Thị Oanh',1,'[{\"added\": {}}]',21,1),(260,'2021-09-27 12:26:13.355486','54','Giáo dục công dân 8 : 8A, 8B, 8C, 8D - Nguyễn Thị Oanh',1,'[{\"added\": {}}]',21,1),(261,'2021-09-27 12:26:34.423306','55','Công nghệ 6 : 6A, 6B - Nguyễn Thị Oanh',1,'[{\"added\": {}}]',21,1),(262,'2021-09-27 12:26:51.209934','56','CTrGDĐP 6 : 6A - Nguyễn Thị Oanh',1,'[{\"added\": {}}]',21,1),(263,'2021-09-27 12:27:20.373321','57','Giáo dục công dân 7 : 7A, 7B, 7C, 7D - Nguyễn Thị Thương',1,'[{\"added\": {}}]',21,1),(264,'2021-09-27 12:27:59.030656','58','Giáo dục công dân 9 : 9A, 9B, 9C, 9D - Nguyễn Thị Thương',1,'[{\"added\": {}}]',21,1),(265,'2021-09-27 12:46:41.323695','60','Công nghệ 7 : 7B, 7D - Nguyễn Thị Thương',1,'[{\"added\": {}}]',21,1),(266,'2021-09-27 12:47:13.169767','61','CTrGDĐP 6 : 6B, 6C, 6D - Nguyễn Thị Thương',1,'[{\"added\": {}}]',21,1),(267,'2021-09-27 12:48:11.580807','62','Âm nhạc 6 : 6A, 6B, 6C, 6D - Nguyễn Tùng Lâm',1,'[{\"added\": {}}]',21,1),(268,'2021-09-27 12:48:40.113454','63','Âm nhạc 7 : 7A, 7B, 7C, 7D - Nguyễn Tùng Lâm',1,'[{\"added\": {}}]',21,1),(269,'2021-09-27 12:49:06.619317','64','Âm nhạc 8 : 8A, 8B, 8C, 8D - Nguyễn Tùng Lâm',1,'[{\"added\": {}}]',21,1),(270,'2021-09-27 12:49:24.879457','65','Âm nhạc 9 : 9A, 9B, 9C, 9D - Nguyễn Tùng Lâm',1,'[{\"added\": {}}]',21,1),(271,'2021-09-27 12:49:58.035556','66','Mỹ thuật 6 : 6A, 6B, 6C, 6D - Trần Văn Hiền',1,'[{\"added\": {}}]',21,1),(272,'2021-09-27 12:50:19.885337','67','Mỹ thuật 7 : 7A, 7B, 7C, 7D - Trần Văn Hiền',1,'[{\"added\": {}}]',21,1),(273,'2021-09-27 12:50:44.799429','68','Mỹ thuật 8 : 8A, 8B, 8C, 8D - Trần Văn Hiền',1,'[{\"added\": {}}]',21,1),(274,'2021-09-27 12:51:05.635437','69','Thể dục 7 : 7A - Trần Văn Hiền',1,'[{\"added\": {}}]',21,1),(275,'2021-09-27 12:55:52.894850','40','Trần Thị Châu',1,'[{\"added\": {}}]',14,1),(276,'2021-09-27 12:57:28.578118','43','hienpt.c2as@nghean.edu.vn',1,'[{\"added\": {}}]',4,1),(277,'2021-09-27 12:57:47.782603','41','Phan Thị Hiền',1,'[{\"added\": {}}]',14,1),(278,'2021-09-27 12:58:15.068682','70','Ngữ văn 6 : 6A, 6D - Phan Thị Hiền',1,'[{\"added\": {}}]',21,1),(279,'2021-09-27 12:58:33.747329','71','Công nghệ 6 : 6C, 6D - Phan Thị Hiền',1,'[{\"added\": {}}]',21,1),(280,'2021-09-27 12:58:54.203370','72','CTrGDĐP 6 : 6A, 6B, 6C, 6D - Phan Thị Hiền',1,'[{\"added\": {}}]',21,1),(281,'2021-09-27 12:59:13.628597','73','HĐTN-HN 6 : 6D - Phan Thị Hiền',1,'[{\"added\": {}}]',21,1),(282,'2021-09-28 00:15:15.311718','1','Đinh Thị Phương Toán',1,'[{\"added\": {}}]',20,1),(283,'2021-09-28 00:15:22.971220','2','Đinh Thị Phương Tin học',1,'[{\"added\": {}}]',20,1),(284,'2021-09-28 01:21:15.095752','3','Đinh Thị Phương Vật Lý',1,'[{\"added\": {}}]',20,1),(285,'2021-09-28 01:28:26.051471','2','Đinh Thị Phương Tin học',2,'[{\"changed\": {\"fields\": [\"Ng\\u00e0y b\\u1eaft \\u0111\\u1ea7u\", \"Ng\\u00e0y k\\u1ebft th\\u00fac\"]}}]',20,1),(286,'2021-09-28 01:31:12.124133','1','Trần Thị Châu - manager ',1,'[{\"added\": {}}]',16,1),(287,'2021-09-28 07:08:47.049274','42','nguyễn hiếu',1,'[{\"added\": {}}]',14,1),(288,'2021-09-28 07:09:17.224757','4','nguyễn hiếu Tin học',1,'[{\"added\": {}}]',20,1),(289,'2021-09-28 07:33:59.554863','4','Đinh Thị Phương',3,'',14,1),(290,'2021-09-28 07:33:59.561348','1','T Châu',3,'',14,1),(291,'2021-09-28 07:34:07.656357','42','nguyễn hiếu',3,'',14,1),(292,'2021-09-28 07:36:09.217035','14','Nguyễn Thị Hoài',2,'[]',14,1),(293,'2021-09-28 07:37:22.627658','3','Toán 8 : 8A, 8B, 8C, 8D - Trần Anh Tuấn',2,'[]',21,1),(294,'2021-09-28 07:44:47.930726','3','Trần Anh Tuấn',3,'',14,1),(295,'2021-09-28 07:45:58.170894','75','Toán 8 : 8A, 8B, 8C, 8D - Trần Anh Tuấn',1,'[{\"added\": {}}]',21,1),(296,'2021-09-28 07:46:40.457958','76','Vật Lý 7 : 7A, 7B, 7C, 7D - Nguyễn Văn Mai',1,'[{\"added\": {}}]',21,1),(297,'2021-09-28 07:47:11.929301','77','Vật Lý 9 : 9A, 9B, 9C, 9D - Nguyễn Văn Mai',1,'[{\"added\": {}}]',21,1),(298,'2021-09-28 07:47:35.232529','78','Công nghệ 9 : 9A, 9B, 9C, 9D - Nguyễn Văn Mai',1,'[{\"added\": {}}]',21,1),(299,'2021-09-28 07:48:36.436190','5','Đinh Thị Phương Tin học',1,'[{\"added\": {}}]',20,1),(300,'2021-09-28 07:48:50.756695','6','Đinh Thị Phương Toán',1,'[{\"added\": {}}]',20,1),(301,'2021-09-28 07:48:57.958790','7','Đinh Thị Phương Vật Lý',1,'[{\"added\": {}}]',20,1),(302,'2021-09-28 07:49:07.689205','8','Đinh Thị Phương Hoá học',1,'[{\"added\": {}}]',20,1),(303,'2021-09-28 07:49:20.256743','9','Đinh Thị Phương Sinh học',1,'[{\"added\": {}}]',20,1),(304,'2021-09-28 07:49:30.101594','10','Đinh Thị Phương KHTN - Sinh',1,'[{\"added\": {}}]',20,1),(305,'2021-09-28 07:49:36.004173','11','Đinh Thị Phương KHTN-Hóa',1,'[{\"added\": {}}]',20,1),(306,'2021-09-28 07:49:43.937662','12','Đinh Thị Phương KHTN - Vật lý',1,'[{\"added\": {}}]',20,1),(307,'2021-09-28 07:50:02.082726','13','Đinh Thị Phương Thể dục',1,'[{\"added\": {}}]',20,1),(308,'2021-09-28 07:50:11.998905','14','Nguyễn Thị Hoài Ngữ văn',1,'[{\"added\": {}}]',20,1),(309,'2021-09-28 07:50:21.108770','15','Nguyễn Thị Hoài Lịch sử',1,'[{\"added\": {}}]',20,1),(310,'2021-09-28 07:50:28.422462','16','Nguyễn Thị Hoài Địa lý',1,'[{\"added\": {}}]',20,1),(311,'2021-09-28 07:50:35.400763','17','Nguyễn Thị Hoài Lịch sử & Địa lý',1,'[{\"added\": {}}]',20,1),(312,'2021-09-28 07:50:42.726441','18','Nguyễn Thị Hoài Giáo dục công dân',1,'[{\"added\": {}}]',20,1),(313,'2021-09-28 07:50:51.586765','19','Nguyễn Thị Hoài Tiếng Anh',1,'[{\"added\": {}}]',20,1),(314,'2021-09-28 07:51:02.728939','20','Nguyễn Thị Hoài Âm nhạc',1,'[{\"added\": {}}]',20,1),(315,'2021-09-28 07:51:14.003589','21','Nguyễn Thị Hoài Mỹ thuật',1,'[{\"added\": {}}]',20,1),(316,'2021-09-28 07:51:42.140453','22','Đinh Thị Phương Công nghệ',1,'[{\"added\": {}}]',20,1),(317,'2021-09-28 08:21:33.720744','2','Nguyễn Hữu Hào Quang',3,'',14,1),(318,'2021-09-28 08:22:10.677314','39','Trần Văn Hiền',3,'',14,1),(319,'2021-09-28 08:23:43.273530','15','Nguyễn Thị Hoàn',3,'',14,1),(320,'2021-09-28 08:24:42.399905','79','Mỹ thuật 6 : 6A, 6B, 6C, 6D - Trần Văn Hiền',1,'[{\"added\": {}}]',21,1),(321,'2021-09-28 08:25:04.366701','80','Mỹ thuật 7 : 7A, 7B, 7C, 7D - Trần Văn Hiền',1,'[{\"added\": {}}]',21,1),(322,'2021-09-28 08:25:30.167186','81','Mỹ thuật 8 : 8A, 8B, 8C, 8D - Trần Văn Hiền',1,'[{\"added\": {}}]',21,1),(323,'2021-09-28 08:25:57.956592','82','Thể dục 7 : 7A - Trần Văn Hiền',1,'[{\"added\": {}}]',21,1),(324,'2021-09-28 08:26:46.269760','83','Toán 8 : 8C, 8D - Trần Thị Châu',1,'[{\"added\": {}}]',21,1),(325,'2021-09-28 08:27:13.016497','84','Sinh học 7 : 7A - Nguyễn Hữu Hào Quang',1,'[{\"added\": {}}]',21,1),(326,'2021-09-28 08:27:36.404713','85','Sinh học 8 : 8D - Nguyễn Hữu Hào Quang',1,'[{\"added\": {}}]',21,1),(327,'2021-09-28 08:28:44.978970','86','Địa lý 7 : 7A, 7B, 7C, 7D - Nguyễn Thị Hoàn',1,'[{\"added\": {}}]',21,1),(328,'2021-09-28 08:29:05.268872','87','Địa lý 9 : 9A, 9B, 9C, 9D - Nguyễn Thị Hoàn',1,'[{\"added\": {}}]',21,1),(329,'2021-09-29 01:48:22.719469','50','Toán 7 : Bài 2 - Tiết 2 Đại số 7 - Đặng Thị Ngọc Hà',3,'',9,1),(330,'2021-09-29 01:48:22.725751','49','Toán 7 : Bài 1 - Tiết 1 Đại số 7 - Đặng Thị Ngọc Hà',3,'',9,1),(331,'2021-09-29 01:49:17.806156','13','Toán 6 : Bài 1 - bài 1 tập hợp từ tiết 1 - 5 - Đặng Thị Ngọc Hà',3,'',9,1),(332,'2021-09-29 01:56:39.687771','44','mylk.c2as@nghean.edu.vn',1,'[{\"added\": {}}]',4,1),(333,'2021-09-29 01:56:53.881183','43','Lê Thị Kim Mỹ',1,'[{\"added\": {}}]',14,1),(334,'2021-09-29 13:42:16.288768','48','Tiếng Anh 9 : Bài 4 - Unit 1 (tiết 4- tiết 6) - Nguyễn Văn Hóa',3,'',9,1),(335,'2021-09-29 13:42:16.300509','47','Tiếng Anh 9 : Bài 3 - Unit 1 lesson 2 - Nguyễn Văn Hóa',3,'',9,1),(336,'2021-09-29 13:42:16.309476','44','Tiếng Anh 9 : Bài 2 - Unit 1 lesson 1 - Nguyễn Văn Hóa',3,'',9,1),(337,'2021-09-29 13:42:16.321414','38','Tiếng Anh 9 : Bài 1 - Unit 1 Tiết 1-3 - Nguyễn Văn Hóa',3,'',9,1),(338,'2021-09-29 13:42:16.333492','10','Tin học 8 : Bài 2 - Bài 1- Tiết 1: Từ máy tính đến mạng máy tính - Nguyễn Diên Dũng',3,'',9,1),(339,'2021-09-29 13:42:16.345967','1','Tin học 8 : Bài 1 - Bài 1: Máy tính và chương trình máy tính - Nguyễn Diên Dũng',3,'',9,1),(340,'2021-10-01 02:38:53.395240','88','Toán 7 : 7A, 7B, 7C - Đinh Thị Phương',1,'[{\"added\": {}}]',21,1),(341,'2021-10-02 00:31:09.517829','1','Ngữ văn 6',2,'[{\"changed\": {\"fields\": [\"S\\u1ed1 ti\\u1ebft m\\u1ed7i tu\\u1ea7n\"]}}]',13,1),(342,'2021-10-02 00:31:48.346790','19','Tiếng Anh 9',2,'[{\"changed\": {\"fields\": [\"S\\u1ed1 ti\\u1ebft m\\u1ed7i tu\\u1ea7n\"]}}]',13,1),(343,'2021-10-02 00:32:01.446541','18','Tiếng Anh 8',2,'[{\"changed\": {\"fields\": [\"S\\u1ed1 ti\\u1ebft m\\u1ed7i tu\\u1ea7n\"]}}]',13,1),(344,'2021-10-02 00:32:20.059028','23','Toán 9',2,'[{\"changed\": {\"fields\": [\"S\\u1ed1 ti\\u1ebft m\\u1ed7i tu\\u1ea7n\"]}}]',13,1),(345,'2021-10-02 00:41:42.594370','19','Tiếng Anh 9',2,'[{\"changed\": {\"fields\": [\"S\\u1ed1 ti\\u1ebft m\\u1ed7i tu\\u1ea7n\"]}}]',13,1),(346,'2021-10-02 09:19:54.655103','45','phuong.c2as@nghean.edu.vn',1,'[{\"added\": {}}]',4,1),(347,'2021-10-02 09:20:21.827565','44','Nguyễn Thị Phượng',1,'[{\"added\": {}}]',14,1),(348,'2021-10-02 09:21:38.471558','90','Lịch sử 9 : 9A, 9B, 9C, 9D - Nguyễn Thị Phượng',1,'[{\"added\": {}}]',21,1),(349,'2021-10-02 09:22:06.239324','91','Lịch sử 7 : 7A, 7B, 7C, 7D - Nguyễn Thị Phượng',1,'[{\"added\": {}}]',21,1),(350,'2021-10-02 09:23:11.911364','92','Công nghệ 7 : 7A - Nguyễn Thị Phượng',1,'[{\"added\": {}}]',21,1),(351,'2021-10-02 09:24:05.779839','23','Nguyễn Thị Phượng Ngữ văn',1,'[{\"added\": {}}]',20,1),(352,'2021-10-02 09:24:31.448365','24','Nguyễn Thị Phượng Lịch sử',1,'[{\"added\": {}}]',20,1),(353,'2021-10-02 09:24:40.115014','25','Nguyễn Thị Phượng Địa lý',1,'[{\"added\": {}}]',20,1),(354,'2021-10-02 09:25:03.084449','26','Nguyễn Thị Phượng Giáo dục công dân',1,'[{\"added\": {}}]',20,1),(355,'2021-10-02 10:14:00.159716','46','oanhnt.c2as@nghean.edu.vn',1,'[{\"added\": {}}]',4,1),(356,'2021-10-02 10:14:31.578200','23','Nguyễn Thị Oanh',2,'[{\"changed\": {\"fields\": [\"T\\u00e0i kho\\u1ea3n \\u0111\\u0103ng nh\\u1eadp\", \"H\\u1ecd\", \"T\\u00ean\"]}}]',14,1),(357,'2021-10-02 10:15:33.378676','94','Giáo dục công dân 8 : 8A, 8B, 8C, 8D - Nguyễn Thị Oanh',1,'[{\"added\": {}}]',21,1),(358,'2021-10-02 10:15:59.887725','95','Giáo dục công dân 6 : 6A, 6B, 6C, 6D - Nguyễn Thị Oanh',1,'[{\"added\": {}}]',21,1),(359,'2021-10-02 10:16:25.275830','96','Công nghệ 6 : 6A, 6B - Nguyễn Thị Oanh',1,'[{\"added\": {}}]',21,1),(360,'2021-10-03 00:19:50.840325','11','Sinh học 8 : Bài 1 - Bài 1: Bài mở đầu - Đặng Thị Hải Yến',3,'',9,1),(361,'2021-10-03 00:21:28.796651','18','Sinh học 7 : Bài 2 - Tiết 2. PHÂN BIỆT ĐỘNG VẬT VỚI THỰC VẬT - ĐẶC ĐIỂM CHUNG CỦA ĐỘNG VẬT. - Trương Thị Mỹ',3,'',9,1),(362,'2021-10-03 00:22:41.764491','53','KHTN - Sinh 6',2,'[{\"changed\": {\"fields\": [\"S\\u1ed1 ti\\u1ebft m\\u1ed7i tu\\u1ea7n\"]}}]',13,1),(363,'2021-10-03 00:23:02.913774','52','Sinh học 9',2,'[{\"changed\": {\"fields\": [\"S\\u1ed1 ti\\u1ebft m\\u1ed7i tu\\u1ea7n\"]}}]',13,1),(364,'2021-10-03 00:23:14.653575','51','Sinh học 8',2,'[{\"changed\": {\"fields\": [\"S\\u1ed1 ti\\u1ebft m\\u1ed7i tu\\u1ea7n\"]}}]',13,1),(365,'2021-10-03 00:23:28.004570','50','Sinh học 7',2,'[{\"changed\": {\"fields\": [\"S\\u1ed1 ti\\u1ebft m\\u1ed7i tu\\u1ea7n\"]}}]',13,1),(366,'2021-10-03 00:23:37.916836','49','Mỹ thuật 9',2,'[{\"changed\": {\"fields\": [\"S\\u1ed1 ti\\u1ebft m\\u1ed7i tu\\u1ea7n\"]}}]',13,1),(367,'2021-10-03 00:23:50.068956','48','Mỹ thuật 8',2,'[{\"changed\": {\"fields\": [\"S\\u1ed1 ti\\u1ebft m\\u1ed7i tu\\u1ea7n\"]}}]',13,1),(368,'2021-10-03 00:23:59.957259','47','Mỹ thuật 7',2,'[{\"changed\": {\"fields\": [\"S\\u1ed1 ti\\u1ebft m\\u1ed7i tu\\u1ea7n\"]}}]',13,1),(369,'2021-10-03 00:24:11.748872','46','Mỹ thuật 6',2,'[{\"changed\": {\"fields\": [\"S\\u1ed1 ti\\u1ebft m\\u1ed7i tu\\u1ea7n\"]}}]',13,1),(370,'2021-10-03 00:24:22.266400','45','Âm nhạc 9',2,'[{\"changed\": {\"fields\": [\"S\\u1ed1 ti\\u1ebft m\\u1ed7i tu\\u1ea7n\"]}}]',13,1),(371,'2021-10-03 00:24:33.338180','44','Âm nhạc 8',2,'[{\"changed\": {\"fields\": [\"S\\u1ed1 ti\\u1ebft m\\u1ed7i tu\\u1ea7n\"]}}]',13,1),(372,'2021-10-03 00:24:46.662432','43','Âm nhạc 7',2,'[{\"changed\": {\"fields\": [\"S\\u1ed1 ti\\u1ebft m\\u1ed7i tu\\u1ea7n\"]}}]',13,1),(373,'2021-10-03 00:24:56.864650','42','Âm nhạc 6',2,'[{\"changed\": {\"fields\": [\"S\\u1ed1 ti\\u1ebft m\\u1ed7i tu\\u1ea7n\"]}}]',13,1),(374,'2021-10-03 00:25:07.076651','41','Thể dục 9',2,'[{\"changed\": {\"fields\": [\"S\\u1ed1 ti\\u1ebft m\\u1ed7i tu\\u1ea7n\"]}}]',13,1),(375,'2021-10-03 00:25:17.022030','40','Thể dục 8',2,'[{\"changed\": {\"fields\": [\"S\\u1ed1 ti\\u1ebft m\\u1ed7i tu\\u1ea7n\"]}}]',13,1),(376,'2021-10-03 00:25:30.308552','39','Thể dục 7',2,'[{\"changed\": {\"fields\": [\"S\\u1ed1 ti\\u1ebft m\\u1ed7i tu\\u1ea7n\"]}}]',13,1),(377,'2021-10-03 00:25:41.948786','38','Thể dục 6',2,'[{\"changed\": {\"fields\": [\"S\\u1ed1 ti\\u1ebft m\\u1ed7i tu\\u1ea7n\"]}}]',13,1),(378,'2021-10-03 00:25:52.359612','37','Tin học 9',2,'[{\"changed\": {\"fields\": [\"S\\u1ed1 ti\\u1ebft m\\u1ed7i tu\\u1ea7n\"]}}]',13,1),(379,'2021-10-03 00:26:06.060550','36','Tin học 8',2,'[{\"changed\": {\"fields\": [\"S\\u1ed1 ti\\u1ebft m\\u1ed7i tu\\u1ea7n\"]}}]',13,1),(380,'2021-10-03 00:26:15.788227','35','Tin học 7',2,'[{\"changed\": {\"fields\": [\"S\\u1ed1 ti\\u1ebft m\\u1ed7i tu\\u1ea7n\"]}}]',13,1),(381,'2021-10-03 00:26:26.892205','34','Tin học 6',2,'[{\"changed\": {\"fields\": [\"S\\u1ed1 ti\\u1ebft m\\u1ed7i tu\\u1ea7n\"]}}]',13,1),(382,'2021-10-03 00:26:37.204721','33','Công nghệ 9',2,'[{\"changed\": {\"fields\": [\"S\\u1ed1 ti\\u1ebft m\\u1ed7i tu\\u1ea7n\"]}}]',13,1),(383,'2021-10-03 00:26:49.953902','32','Công nghệ 8',2,'[{\"changed\": {\"fields\": [\"S\\u1ed1 ti\\u1ebft m\\u1ed7i tu\\u1ea7n\"]}}]',13,1),(384,'2021-10-03 00:27:03.252521','31','Công nghệ 7',2,'[{\"changed\": {\"fields\": [\"S\\u1ed1 ti\\u1ebft m\\u1ed7i tu\\u1ea7n\"]}}]',13,1),(385,'2021-10-03 00:27:14.784353','30','Công nghệ 6',2,'[{\"changed\": {\"fields\": [\"S\\u1ed1 ti\\u1ebft m\\u1ed7i tu\\u1ea7n\"]}}]',13,1),(386,'2021-10-03 00:27:26.529434','28','Hoá học 9',2,'[{\"changed\": {\"fields\": [\"S\\u1ed1 ti\\u1ebft m\\u1ed7i tu\\u1ea7n\"]}}]',13,1),(387,'2021-10-03 00:27:47.536504','27','Hoá học 8',2,'[{\"changed\": {\"fields\": [\"S\\u1ed1 ti\\u1ebft m\\u1ed7i tu\\u1ea7n\"]}}]',13,1),(388,'2021-10-03 00:28:01.732861','26','Vật Lý 9',2,'[{\"changed\": {\"fields\": [\"S\\u1ed1 ti\\u1ebft m\\u1ed7i tu\\u1ea7n\"]}}]',13,1),(389,'2021-10-03 00:28:13.152809','25','Vật Lý 8',2,'[{\"changed\": {\"fields\": [\"S\\u1ed1 ti\\u1ebft m\\u1ed7i tu\\u1ea7n\"]}}]',13,1),(390,'2021-10-03 00:28:24.329320','24','Vật Lý 7',2,'[{\"changed\": {\"fields\": [\"S\\u1ed1 ti\\u1ebft m\\u1ed7i tu\\u1ea7n\"]}}]',13,1),(391,'2021-10-03 00:28:37.349065','23','Toán 9',2,'[{\"changed\": {\"fields\": [\"S\\u1ed1 ti\\u1ebft m\\u1ed7i tu\\u1ea7n\"]}}]',13,1),(392,'2021-10-03 00:28:52.312615','22','Toán 8',2,'[{\"changed\": {\"fields\": [\"S\\u1ed1 ti\\u1ebft m\\u1ed7i tu\\u1ea7n\"]}}]',13,1),(393,'2021-10-03 00:29:03.588705','21','Toán 7',2,'[{\"changed\": {\"fields\": [\"S\\u1ed1 ti\\u1ebft m\\u1ed7i tu\\u1ea7n\"]}}]',13,1),(394,'2021-10-03 00:29:16.248523','20','Toán 6',2,'[{\"changed\": {\"fields\": [\"S\\u1ed1 ti\\u1ebft m\\u1ed7i tu\\u1ea7n\"]}}]',13,1),(395,'2021-10-03 00:29:27.622333','19','Tiếng Anh 9',2,'[{\"changed\": {\"fields\": [\"S\\u1ed1 ti\\u1ebft m\\u1ed7i tu\\u1ea7n\"]}}]',13,1),(396,'2021-10-03 00:29:37.900058','18','Tiếng Anh 8',2,'[{\"changed\": {\"fields\": [\"S\\u1ed1 ti\\u1ebft m\\u1ed7i tu\\u1ea7n\"]}}]',13,1),(397,'2021-10-03 00:29:50.552534','17','Tiếng Anh 7',2,'[{\"changed\": {\"fields\": [\"S\\u1ed1 ti\\u1ebft m\\u1ed7i tu\\u1ea7n\"]}}]',13,1),(398,'2021-10-03 00:30:03.653264','16','Tiếng Anh 6',2,'[{\"changed\": {\"fields\": [\"S\\u1ed1 ti\\u1ebft m\\u1ed7i tu\\u1ea7n\"]}}]',13,1),(399,'2021-10-03 00:30:15.303411','15','Giáo dục công dân 9',2,'[{\"changed\": {\"fields\": [\"S\\u1ed1 ti\\u1ebft m\\u1ed7i tu\\u1ea7n\"]}}]',13,1),(400,'2021-10-03 00:30:26.548480','14','Giáo dục công dân 8',2,'[{\"changed\": {\"fields\": [\"S\\u1ed1 ti\\u1ebft m\\u1ed7i tu\\u1ea7n\"]}}]',13,1),(401,'2021-10-03 00:30:36.666353','13','Giáo dục công dân 7',2,'[{\"changed\": {\"fields\": [\"S\\u1ed1 ti\\u1ebft m\\u1ed7i tu\\u1ea7n\"]}}]',13,1),(402,'2021-10-03 00:30:50.246282','12','Giáo dục công dân 6',2,'[{\"changed\": {\"fields\": [\"S\\u1ed1 ti\\u1ebft m\\u1ed7i tu\\u1ea7n\"]}}]',13,1),(403,'2021-10-03 00:31:00.404048','11','Lịch sử & Địa lý 6',2,'[{\"changed\": {\"fields\": [\"S\\u1ed1 ti\\u1ebft m\\u1ed7i tu\\u1ea7n\"]}}]',13,1),(404,'2021-10-03 00:31:10.621799','10','Địa lý 9',2,'[{\"changed\": {\"fields\": [\"S\\u1ed1 ti\\u1ebft m\\u1ed7i tu\\u1ea7n\"]}}]',13,1),(405,'2021-10-03 00:31:21.552648','9','Địa lý 8',2,'[{\"changed\": {\"fields\": [\"S\\u1ed1 ti\\u1ebft m\\u1ed7i tu\\u1ea7n\"]}}]',13,1),(406,'2021-10-03 00:31:33.108493','8','Địa lý 7',2,'[{\"changed\": {\"fields\": [\"S\\u1ed1 ti\\u1ebft m\\u1ed7i tu\\u1ea7n\"]}}]',13,1),(407,'2021-10-03 00:31:43.642289','7','Lịch sử 9',2,'[{\"changed\": {\"fields\": [\"S\\u1ed1 ti\\u1ebft m\\u1ed7i tu\\u1ea7n\"]}}]',13,1),(408,'2021-10-03 00:31:53.388561','6','Lịch sử 8',2,'[{\"changed\": {\"fields\": [\"S\\u1ed1 ti\\u1ebft m\\u1ed7i tu\\u1ea7n\"]}}]',13,1),(409,'2021-10-03 00:32:32.386144','3','Ngữ văn 8',2,'[{\"changed\": {\"fields\": [\"S\\u1ed1 ti\\u1ebft m\\u1ed7i tu\\u1ea7n\"]}}]',13,1),(410,'2021-10-03 00:32:46.836150','5','Lịch sử 7',2,'[{\"changed\": {\"fields\": [\"S\\u1ed1 ti\\u1ebft m\\u1ed7i tu\\u1ea7n\"]}}]',13,1),(411,'2021-10-03 00:32:57.944527','4','Ngữ văn 9',2,'[{\"changed\": {\"fields\": [\"S\\u1ed1 ti\\u1ebft m\\u1ed7i tu\\u1ea7n\"]}}]',13,1),(412,'2021-10-03 00:33:07.988867','3','Ngữ văn 8',2,'[{\"changed\": {\"fields\": [\"S\\u1ed1 ti\\u1ebft m\\u1ed7i tu\\u1ea7n\"]}}]',13,1),(413,'2021-10-03 00:33:19.039701','2','Ngữ văn 7',2,'[{\"changed\": {\"fields\": [\"S\\u1ed1 ti\\u1ebft m\\u1ed7i tu\\u1ea7n\"]}}]',13,1),(414,'2021-10-03 00:33:28.772937','1','Ngữ văn 6',2,'[{\"changed\": {\"fields\": [\"S\\u1ed1 ti\\u1ebft m\\u1ed7i tu\\u1ea7n\"]}}]',13,1),(415,'2021-10-03 13:16:49.226842','2','Sinh học 7 : Bài 1 - Tiết 1. Bài 1. THẾ GIỚI ĐỘNG VẬT ĐA DẠNG, PHONG PHÚ - Trương Thị Mỹ',3,'',9,1),(416,'2021-10-03 14:37:38.855900','106','KHTN - Sinh 6 : Bài 3 - Bài 4: kính hiển vi - Đặng Thị Hải Yến',3,'',9,1),(417,'2021-10-03 14:37:38.863486','30','KHTN - Sinh 6 : Bài 2 - Bài 3: Sử dụng kính lúp - Đặng Thị Hải Yến',3,'',9,1),(418,'2021-10-03 14:37:38.869311','20','KHTN - Sinh 6 : Bài 1 - Bài 3: Sử dụng kính lúp - Đặng Thị Hải Yến',3,'',9,1),(419,'2021-10-03 14:47:28.692613','238','Sinh học 8 : Bài 8 - Bài 4: Thực hành quan sát tế bào và mô - Đặng Thị Hải Yến',3,'',9,1),(420,'2021-10-04 07:43:47.504428','325','Lịch sử 7 : Bài 6 - Bài 5. Ấn Độ thời phong kiến - Nguyễn Thị Phượng',3,'',9,1),(421,'2021-10-04 07:59:16.645139','26','Ngữ văn 8 : Bài 2 - Xây dựng đoạn văn trong văn bản - Nguyễn Thị Hoài',3,'',9,1),(422,'2021-10-04 07:59:16.682071','16','Ngữ văn 8 : Bài 1 - Tức nước vỡ bờ - Nguyễn Thị Hoài',3,'',9,1),(423,'2021-10-04 08:03:14.362409','27','Công nghệ 8 : 8B - Nguyễn Thị Hoài',3,'',21,1),(424,'2021-10-04 08:36:25.495208','336','Ngữ văn 8 : Bài 22 - TỪ NGỮ ĐỊA PHƯƠNG VÀ BIỆT NGỮ XÃ HỘI - Nguyễn Thị Hoài',3,'',9,1),(425,'2021-10-04 08:36:25.512233','335','Ngữ văn 8 : Bài 21 - CÔ BÉ BÁN DIÊM - Nguyễn Thị Hoài',3,'',9,1),(426,'2021-10-04 08:36:25.519205','334','Ngữ văn 8 : Bài 20 - CÔ BÉ BÁN DIÊM - Nguyễn Thị Hoài',3,'',9,1),(427,'2021-10-04 08:36:25.528879','333','Ngữ văn 8 : Bài 19 - LIÊN KẾT CÁC ĐOẠN VĂN TRONG VĂN BẢN - Nguyễn Thị Hoài',3,'',9,1),(428,'2021-10-04 08:36:25.536304','332','Ngữ văn 8 : Bài 18 - TỪ TƯỢNG HÌNH, TỪ TƯỢNG THANH - Nguyễn Thị Hoài',3,'',9,1),(429,'2021-10-04 08:36:25.542133','331','Ngữ văn 8 : Bài 17 - ÔN TẬP TRUYỆN KÍ VIỆT NAM - Nguyễn Thị Hoài',3,'',9,1),(430,'2021-10-04 08:36:25.548284','330','Ngữ văn 8 : Bài 16 - ÔN TẬP TRUYỆN KÍ VIỆT NAM - Nguyễn Thị Hoài',3,'',9,1),(431,'2021-10-04 08:37:12.542206','80','Tiếng Anh 6 : Bài 11 - Unit 2- A closer look1 - Võ Quang Dũng',3,'',9,1),(432,'2021-10-04 08:37:12.554529','79','Tiếng Anh 6 : Bài 10 - Tiếng Anh 6 - Võ Quang Dũng',3,'',9,1),(433,'2021-10-04 08:37:12.565940','78','Tiếng Anh 6 : Bài 9 - Unit 2- A closer look1 - Võ Quang Dũng',3,'',9,1),(434,'2021-10-04 08:37:12.585904','74','Tiếng Anh 6 : Bài 8 -  unit 1 - Võ Quang Dũng',3,'',9,1),(435,'2021-10-04 08:37:12.595054','72','Tiếng Anh 6 : Bài 7 -  unit 1 - Võ Quang Dũng',3,'',9,1),(436,'2021-10-04 08:37:12.601224','69','Tiếng Anh 6 : Bài 6 - Unit 1 - Võ Quang Dũng',3,'',9,1),(437,'2021-10-04 08:37:12.611714','67','Tiếng Anh 6 : Bài 5 - Unit 1 - Võ Quang Dũng',3,'',9,1),(438,'2021-10-04 08:37:12.624287','64','Tiếng Anh 6 : Bài 4 - Unit 1 - Võ Quang Dũng',3,'',9,1),(439,'2021-10-04 08:37:12.640328','39','Tiếng Anh 6 : Bài 3 - lesson 2 - Võ Quang Dũng',3,'',9,1),(440,'2021-10-04 08:37:12.651819','37','Tiếng Anh 6 : Bài 2 - A closer look 1 - Võ Quang Dũng',3,'',9,1),(441,'2021-10-04 08:37:12.661905','32','Tiếng Anh 6 : Bài 1 - Unit 1: My new school. - Võ Quang Dũng',3,'',9,1),(442,'2021-10-04 13:45:06.095940','27','Lịch sử 8 : Bài 1 - Bài 1 những cuộc cách mang - Đặng Thị Bích Hà',3,'',9,1),(443,'2021-10-04 13:47:19.646350','31','Lịch sử 7 : Bài 2 - bài 1 sự hình thanh - Đặng Thị Bích Hà',3,'',9,1),(444,'2021-10-04 13:47:19.652978','21','Lịch sử 7 : Bài 1 - bài 1 sự hình thanh... - Đặng Thị Bích Hà',3,'',9,1),(445,'2021-10-04 23:17:42.613691','46','Tiếng Anh 8 : Bài 2 - unit 1 lesson 4.5,6 - Đặng Thị Lương',3,'',9,1),(446,'2021-10-04 23:17:42.621637','45','Tiếng Anh 8 : Bài 1 - unit 1 lesson 1,,2,3 - Đặng Thị Lương',3,'',9,1),(447,'2021-10-05 00:06:37.177363','42','Vật Lý 8 : Bài 4 - Tiết 4: Bài tập - Nguyễn Thị Nhung',3,'',9,1),(448,'2021-10-05 00:06:37.214626','41','Vật Lý 8 : Bài 3 - Tiết 3 - Bài 3: Chuyển động đều và chuyển động không đều - Nguyễn Thị Nhung',3,'',9,1),(449,'2021-10-05 00:06:37.229029','40','Vật Lý 8 : Bài 2 - Tiết 2- Bài 2: vận tốc - Nguyễn Thị Nhung',3,'',9,1),(450,'2021-10-05 00:06:37.236184','4','Vật Lý 8 : Bài 1 - Tiết 1: Bài 1: chuyển động cơ học - Nguyễn Thị Nhung',3,'',9,1),(451,'2021-10-05 00:06:52.397525','107','Vật Lý 9 : Bài 2 - Tiết 2-Điện trở của dây dẫn - Định luật Ôm - Nguyễn Văn Mai',3,'',9,1),(452,'2021-10-05 00:06:52.439697','19','Vật Lý 9 : Bài 1 - Tiết 1. Sự phụ thuộc cường độ dòng điện vào hiệu điện thế giữa 2 đầu dây dẫn - Nguyễn Văn Mai',3,'',9,1),(453,'2021-10-05 00:38:10.508635','27','Nguyễn Diên Dũng Toán',1,'[{\"added\": {}}]',20,1),(454,'2021-10-05 00:38:20.424182','28','Nguyễn Diên Dũng Sinh học',1,'[{\"added\": {}}]',20,1),(455,'2021-10-05 01:28:59.107701','45','Hiếu Admin',1,'[{\"added\": {}}]',14,42),(456,'2021-10-05 01:29:37.339168','29','Hiếu Admin Ngữ văn',1,'[{\"added\": {}}]',20,42),(457,'2021-10-05 01:31:18.368284','2','Hiếu Admin - submanager ',1,'[{\"added\": {}}]',16,42),(458,'2021-10-05 01:58:31.152320','12','Công nghệ 9 : 9A, 9B, 9C, 9D - Nguyễn Thị Nhung',3,'',21,1),(459,'2021-10-05 01:58:55.049044','100','Vật Lý 7 : 7C - Nguyễn Thị Nhung',1,'[{\"added\": {}}]',21,1),(460,'2021-10-05 01:59:19.456372','101','Công nghệ 8 : 8A, 8B, 8C, 8D - Nguyễn Thị Nhung',1,'[{\"added\": {}}]',21,1),(461,'2021-10-05 02:26:17.043019','105','Toán 7 : Bài 2 - Tiet 1- Hai goc đoi đỉnh - Đinh Thị Phương',3,'',9,1),(462,'2021-10-05 02:26:17.086103','104','Toán 7 : Bài 1 - Tiet 1 - So huu ty - Đinh Thị Phương',3,'',9,1),(463,'2021-10-05 02:27:59.172390','250','Ngữ văn 6 : Bài 22 - Thực hành tiếng Việt - Phan Thị Hiền',3,'',9,1),(464,'2021-10-05 02:27:59.179545','242','Ngữ văn 6 : Bài 21 - Mây và sóng (t2) - Phan Thị Hiền',3,'',9,1),(465,'2021-10-05 02:27:59.189805','240','Ngữ văn 6 : Bài 20 - Mây và sóng (t1) - Phan Thị Hiền',3,'',9,1),(466,'2021-10-05 02:27:59.203353','227','Ngữ văn 6 : Bài 19 -    Thực hành tiếng Việt - Phan Thị Hiền',3,'',9,1),(467,'2021-10-05 02:27:59.209467','225','Ngữ văn 6 : Bài 18 - Chuyện cổ tích về loài người - Phan Thị Hiền',3,'',9,1),(468,'2021-10-05 02:27:59.218335','224','Ngữ văn 6 : Bài 17 - Chuyện cổ tích về loài người - Phan Thị Hiền',3,'',9,1),(469,'2021-10-05 02:27:59.224645','185','Ngữ văn 6 : Bài 2 - Bài học đường đời đầu tiên (t1)  - Phan Thị Hiền',3,'',9,1),(470,'2021-10-05 02:27:59.234842','182','Ngữ văn 6 : Bài 1 - Giới thiệu bài học và tri thức ngữ văn  - Bài \"Tôi và các bạn\" - Phan Thị Hiền',3,'',9,1),(471,'2021-10-05 03:13:37.768866','431','Toán 7 : Bài 16 - Tiết 8 Hình học 7 - Đặng Thị Ngọc Hà',3,'',9,1),(472,'2021-10-05 15:09:47.109171','35','Âm nhạc 8 : Bài 1 - Bài 1-tiết 1: Học hát bài: Mùa thu ngày khai trường - Nguyễn Tùng Lâm',3,'',9,1),(473,'2021-10-05 15:09:47.120194','34','Âm nhạc 7 : Bài 1 - Bài 1-tiết 1: Học hát bài: Mái trường mến yêu - Nguyễn Tùng Lâm',3,'',9,1),(474,'2021-10-05 15:09:47.126410','5','Âm nhạc 6 : Bài 1 - Chủ đề 1: TUỔI HỌC TRÒ. Tiết 1: Học hát bài: Con đường học trò - Nguyễn Tùng Lâm',3,'',9,1),(475,'2021-10-06 03:36:44.569344','56','Công nghệ 8',1,'[{\"added\": {}}]',13,1),(476,'2021-10-06 03:37:13.261572','57','Công nghệ 8',1,'[{\"added\": {}}]',13,1),(477,'2021-10-06 03:38:06.292336','5','Giáo dục công dân',2,'[{\"changed\": {\"name\": \"Chi ti\\u1ebft m\\u00f4n h\\u1ecdc\", \"object\": \"Gi\\u00e1o d\\u1ee5c c\\u00f4ng d\\u00e2n 6\", \"fields\": [\"S\\u1ed1 ti\\u1ebft m\\u1ed7i tu\\u1ea7n\"]}}, {\"changed\": {\"name\": \"Chi ti\\u1ebft m\\u00f4n h\\u1ecdc\", \"object\": \"Gi\\u00e1o d\\u1ee5c c\\u00f4ng d\\u00e2n 7\", \"fields\": [\"S\\u1ed1 ti\\u1ebft m\\u1ed7i tu\\u1ea7n\"]}}, {\"changed\": {\"name\": \"Chi ti\\u1ebft m\\u00f4n h\\u1ecdc\", \"object\": \"Gi\\u00e1o d\\u1ee5c c\\u00f4ng d\\u00e2n 9\", \"fields\": [\"S\\u1ed1 ti\\u1ebft m\\u1ed7i tu\\u1ea7n\"]}}]',12,1),(478,'2021-10-07 02:30:04.491106','30','Nguyễn Thị Nhung Vật Lý',1,'[{\"added\": {}}]',20,1),(479,'2021-10-07 02:30:18.633738','31','Nguyễn Thị Nhung Hoá học',1,'[{\"added\": {}}]',20,1),(480,'2021-10-07 02:30:41.652678','32','Nguyễn Thị Nhung Thể dục',1,'[{\"added\": {}}]',20,1),(481,'2021-10-07 02:30:51.268277','33','Nguyễn Thị Nhung Sinh học',1,'[{\"added\": {}}]',20,1),(482,'2021-10-07 02:31:09.080656','34','Nguyễn Thị Nhung KHTN - Sinh',1,'[{\"added\": {}}]',20,1),(483,'2021-10-07 02:31:20.209320','35','Nguyễn Thị Nhung KHTN-Hóa',1,'[{\"added\": {}}]',20,1),(484,'2021-10-07 02:31:29.474402','36','Nguyễn Thị Nhung KHTN - Vật lý',1,'[{\"added\": {}}]',20,1),(485,'2021-10-07 04:40:26.976416','100','Hoá học 8 : Bài 3 - Tiết 7,8 - Phan Tiến Dũng',3,'',9,1),(486,'2021-10-07 04:40:26.985025','99','Hoá học 8 : Bài 2 - Tiết 3,4 hóa 8 - Phan Tiến Dũng',3,'',9,1),(487,'2021-10-07 04:40:26.999685','98','Hoá học 8 : Bài 1 - Tiết 1,2 hóa 8 - Phan Tiến Dũng',3,'',9,1),(488,'2021-10-07 04:40:47.451876','103','Hoá học 9 : Bài 4 - Tiết 5,6 - Phan Tiến Dũng',3,'',9,1),(489,'2021-10-07 04:40:47.465814','102','Hoá học 9 : Bài 3 - TIẾT 2,3 - Phan Tiến Dũng',3,'',9,1),(490,'2021-10-07 04:40:47.472793','101','Hoá học 9 : Bài 2 - Tiết 1 hóa 9 - Phan Tiến Dũng',3,'',9,1),(491,'2021-10-07 04:40:47.481903','3','Hoá học 9 : Bài 1 - Tiết 1 hóa 9 - Phan Tiến Dũng',3,'',9,1),(492,'2021-10-07 07:44:48.533588','156','Giáo dục công dân 7 : Bài 5 - Tiết 5. Chủ đề: Yêu thương con người- Đoàn kết tương trợ. - Nguyễn Thị Thương',3,'',9,1),(493,'2021-10-07 07:44:48.541663','155','Giáo dục công dân 7 : Bài 4 - Tiết 4- Đạo đức và kỉ luật - Nguyễn Thị Thương',3,'',9,1),(494,'2021-10-07 07:44:48.550397','153','Giáo dục công dân 7 : Bài 3 - Tiết 3- Tự trọng - Nguyễn Thị Thương',3,'',9,1),(495,'2021-10-07 07:44:48.560053','152','Giáo dục công dân 7 : Bài 2 -      Tiết 2- Trung thực - Nguyễn Thị Thương',3,'',9,1),(496,'2021-10-07 07:44:48.567045','133','Giáo dục công dân 7 : Bài 1 - Tiết 1- Sống giản dị - Nguyễn Thị Thương',3,'',9,1),(497,'2021-10-07 07:45:05.495239','275','Giáo dục công dân 9 : Bài 6 - Tiết 6- Tình hữu nghị- Hợp tác cùng phát triển - Nguyễn Thị Thương',3,'',9,1),(498,'2021-10-07 07:45:05.504905','222','Giáo dục công dân 9 : Bài 5 - Tiết 5- Bảo vệ hòa bình. - Nguyễn Thị Thương',3,'',9,1),(499,'2021-10-07 07:45:05.523312','220','Giáo dục công dân 9 : Bài 4 - Tiết 4- Dân chủ và kỉ luật. - Nguyễn Thị Thương',3,'',9,1),(500,'2021-10-07 07:45:05.538469','216','Giáo dục công dân 9 : Bài 3 - Tiết 3- Tự chủ - Nguyễn Thị Thương',3,'',9,1),(501,'2021-10-07 07:45:05.552208','214','Giáo dục công dân 9 : Bài 2 - Tiết 2- Chí công vô tư. - Nguyễn Thị Thương',3,'',9,1),(502,'2021-10-07 07:45:05.566378','210','Giáo dục công dân 9 : Bài 1 - Tiết 1- Ôn tập  - Nguyễn Thị Thương',3,'',9,1),(503,'2021-10-07 07:46:32.407601','31','Ngữ văn 9 : 9C, 9D - Nguyễn Thị Oanh',3,'',21,1),(504,'2021-10-07 07:47:50.599699','622','Tiếng Anh 6 : Bài 28 - Unit 1- A closer look1 - Võ Quang Dũng',3,'',9,1),(505,'2021-10-07 07:47:50.613095','621','Tiếng Anh 6 : Bài 27 -  unit 1- Getting started - Võ Quang Dũng',3,'',9,1),(506,'2021-10-07 07:47:50.625353','620','Tiếng Anh 6 : Bài 26 - Unit 1-Tiết3- A closer look1 - Võ Quang Dũng',3,'',9,1),(507,'2021-10-07 07:47:50.633550','619','Tiếng Anh 6 : Bài 25 - Unit 1-Tiết 1,2 - Võ Quang Dũng',3,'',9,1),(508,'2021-10-07 07:47:50.641234','397','Tiếng Anh 6 : Bài 24 - Unit 3 -Lesson 2 - A closer look -1 - Võ Quang Dũng',3,'',9,1),(509,'2021-10-07 07:47:50.648230','396','Tiếng Anh 6 : Bài 23 - Unit 3 -Lesson 1-Getting started - Võ Quang Dũng',3,'',9,1),(510,'2021-10-07 07:47:50.654355','395','Tiếng Anh 6 : Bài 22 - Unit 2-Lesson 7- Looking back - Võ Quang Dũng',3,'',9,1),(511,'2021-10-07 07:47:50.660691','394','Tiếng Anh 6 : Bài 21 - Unit 2 -Lesson 5- Skills -1 - Võ Quang Dũng',3,'',9,1),(512,'2021-10-07 07:47:50.670053','393','Tiếng Anh 6 : Bài 20 - Unit 2 -Lesson 6- Skills -2 - Võ Quang Dũng',3,'',9,1),(513,'2021-10-07 07:47:50.680296','392','Tiếng Anh 6 : Bài 19 - Unit 2 -Lesson 5- Skills -1 - Võ Quang Dũng',3,'',9,1),(514,'2021-10-07 07:47:50.686585','387','Tiếng Anh 6 : Bài 18 - Unit 2 -Lesson 4  Communication - Võ Quang Dũng',3,'',9,1),(515,'2021-10-07 07:47:50.699013','386','Tiếng Anh 6 : Bài 17 - Unit 2 -Lesson 3 - A closer look -2 - Võ Quang Dũng',3,'',9,1),(516,'2021-10-07 07:47:50.712887','385','Tiếng Anh 6 : Bài 16 - Unit 2 -Lesson 2 - A closer look -1 - Võ Quang Dũng',3,'',9,1),(517,'2021-10-07 07:47:50.734397','384','Tiếng Anh 6 : Bài 15 - Unit 2 -Lesson 1-Getting started - Võ Quang Dũng',3,'',9,1),(518,'2021-10-07 07:47:50.742259','382','Tiếng Anh 6 : Bài 14 - Unit 1-Lesson 7. Looking back - Võ Quang Dũng',3,'',9,1),(519,'2021-10-07 07:47:50.751264','381','Tiếng Anh 6 : Bài 13 - Unit 1-Lesson 7. Looking back - Võ Quang Dũng',3,'',9,1),(520,'2021-10-07 07:47:50.763286','380','Tiếng Anh 6 : Bài 12 - Unit 1: Skills 2 - Võ Quang Dũng',3,'',9,1),(521,'2021-10-07 07:47:50.775759','358','Tiếng Anh 6 : Bài 11 - Unit 1: My new school. - Võ Quang Dũng',3,'',9,1),(522,'2021-10-07 07:47:50.784331','357','Tiếng Anh 6 : Bài 10 - Unit 1: My new school. - Võ Quang Dũng',3,'',9,1),(523,'2021-10-07 07:47:50.816940','356','Tiếng Anh 6 : Bài 9 - Unit 1: My new school. - Võ Quang Dũng',3,'',9,1),(524,'2021-10-07 07:47:50.827368','355','Tiếng Anh 6 : Bài 8 - Unit 1: My new school. - Võ Quang Dũng',3,'',9,1),(525,'2021-10-07 07:47:50.834766','354','Tiếng Anh 6 : Bài 7 - Unit 1: My new school. - Võ Quang Dũng',3,'',9,1),(526,'2021-10-07 07:47:50.842366','353','Tiếng Anh 6 : Bài 6 - Unit 1: My new school. - Võ Quang Dũng',3,'',9,1),(527,'2021-10-07 07:47:50.857717','352','Tiếng Anh 6 : Bài 5 - Unit 1: My new school. - Võ Quang Dũng',3,'',9,1),(528,'2021-10-07 07:47:50.866758','351','Tiếng Anh 6 : Bài 4 - Unit 1: My new school. - Võ Quang Dũng',3,'',9,1),(529,'2021-10-07 07:47:50.876942','350','Tiếng Anh 6 : Bài 3 - Unit 1: My new school. - Võ Quang Dũng',3,'',9,1),(530,'2021-10-07 07:47:50.888852','349','Tiếng Anh 6 : Bài 1 - Unit 1: My new school. - Võ Quang Dũng',3,'',9,1),(531,'2021-10-08 16:24:05.385655','37','Nguyễn Diên Dũng Tin học',1,'[{\"added\": {}}]',20,1),(532,'2021-10-09 06:47:02.559013','38','Nguyễn Văn Hóa Tiếng Anh',1,'[{\"added\": {}}]',20,1),(533,'2021-10-09 06:47:19.595470','39','Nguyễn Văn Hóa Âm nhạc',1,'[{\"added\": {}}]',20,1),(534,'2021-10-09 06:47:29.068365','40','Nguyễn Văn Hóa Mỹ thuật',1,'[{\"added\": {}}]',20,1),(535,'2021-10-09 06:48:04.634368','736','Tiếng Anh 6 : Bài 13 - Unit 2: period 9: Lesson 1: Getting started - Võ Quang Dũng',3,'',9,1),(536,'2021-10-09 06:48:04.642702','735','Tiếng Anh 6 : Bài 12 - Unit 1: period 8- Lesson 7: Looking back and project - Võ Quang Dũng',3,'',9,1),(537,'2021-10-09 06:48:04.654223','734','Tiếng Anh 6 : Bài 11 - Unit 1: period 7- Lesson 6: skills - Võ Quang Dũng',3,'',9,1),(538,'2021-10-09 06:48:04.661008','733','Tiếng Anh 6 : Bài 10 - Unit 1: period 6- Lesson 5: skills1 - Võ Quang Dũng',3,'',9,1),(539,'2021-10-09 06:48:04.668209','729','Tiếng Anh 6 : Bài 9 - Unit 2: Period 5- Lesson 4-Communication - Võ Quang Dũng',3,'',9,1),(540,'2021-10-09 06:48:04.673003','721','Tiếng Anh 6 : Bài 8 - Unit 1: period 4: Lesson 3: A closer look2 - Võ Quang Dũng',3,'',9,1),(541,'2021-10-09 06:48:04.677890','672','Tiếng Anh 6 : Bài 7 - Unit1 -Lesson 2-A closer look1 - Võ Quang Dũng',3,'',9,1),(542,'2021-10-09 06:48:04.684377','671','Tiếng Anh 6 : Bài 6 - Unit1 -Lesson 1-Getting started - Võ Quang Dũng',3,'',9,1),(543,'2021-10-09 06:48:04.693375','669','Tiếng Anh 6 : Bài 5 - Unit1 -Lesson 1-Getting started - Võ Quang Dũng',3,'',9,1),(544,'2021-10-09 06:48:04.701433','668','Tiếng Anh 6 : Bài 4 - Unit 1: Tiết 3-lesson 2- A closer look 1 - Võ Quang Dũng',3,'',9,1),(545,'2021-10-09 06:48:04.707036','667','Tiếng Anh 6 : Bài 3 - Unit 1: period 3: Lesson 2: A closer look1 - Võ Quang Dũng',3,'',9,1),(546,'2021-10-09 06:48:04.714161','666','Tiếng Anh 6 : Bài 2 - Unit 1: period: 1,2- Giới thiệu bài học/ Getting started - Võ Quang Dũng',3,'',9,1),(547,'2021-10-09 06:48:42.735991','11','Công nghệ',2,'[{\"changed\": {\"name\": \"Chi ti\\u1ebft m\\u00f4n h\\u1ecdc\", \"object\": \"C\\u00f4ng ngh\\u1ec7 8\", \"fields\": [\"S\\u1ed1 ti\\u1ebft m\\u1ed7i tu\\u1ea7n\"]}}]',12,1),(548,'2021-10-09 06:48:59.295566','11','Công nghệ',2,'[{\"changed\": {\"name\": \"Chi ti\\u1ebft m\\u00f4n h\\u1ecdc\", \"object\": \"C\\u00f4ng ngh\\u1ec7 9\", \"fields\": [\"S\\u1ed1 ti\\u1ebft m\\u1ed7i tu\\u1ea7n\"]}}]',12,1),(549,'2021-10-10 11:06:51.793023','846','Ngữ văn 6 : Bài 27 - Giới thiệu bài học và tri thức ngữ văn  - Bài \"Chia sẻ và yêu thương\" - Phan Thị Hiền',3,'',9,1),(550,'2021-10-10 11:06:51.800656','845','Ngữ văn 6 : Bài 26 - Viết: VIẾT ĐOẠN VĂN GHI LẠI CẢM XÚC VỀ MỘT BÀI THƠ CÓ YẾU TỐ TỰ SỰ VÀ MIÊU TẢ - Phan Thị Hiền',3,'',9,1),(551,'2021-10-10 11:06:51.805701','844','Ngữ văn 6 : Bài 25 - Bức tranh của em gái tôi - Phan Thị Hiền',3,'',9,1),(552,'2021-10-10 11:06:51.811294','842','Ngữ văn 6 : Bài 2 - Bài học đường đời đầu tiên (t1)  - Phan Thị Hiền',3,'',9,1),(553,'2021-10-10 11:06:51.817317','841','Ngữ văn 6 : Bài 1 - Giới thiệu bài học và tri thức ngữ văn  - Bài \"Tôi và các bạn\" - Phan Thị Hiền',3,'',9,1),(554,'2021-10-10 11:10:42.055992','277','Công nghệ 6 : Bài 5 - Ngôi nhà thông minh - Phần I, II - Phan Thị Hiền',3,'',9,1),(555,'2021-10-10 13:04:58.236350','694','Địa lý 7 : Bài 4 - Thực hành: Nhận biết đặc điểm môi trường đới nóng - Nguyễn Thị Hoàn',3,'',9,1),(556,'2021-10-10 13:04:58.273648','688','Địa lý 7 : Bài 3 - Quần cư. Đô thị hóa - Nguyễn Thị Hoàn',3,'',9,1),(557,'2021-10-10 13:04:58.283272','686','Địa lý 7 : Bài 2 - Sự phân bố dân cư. Các chủng tộc trên thế giới - Nguyễn Thị Hoàn',3,'',9,1),(558,'2021-10-10 13:04:58.303810','623','Địa lý 7 : Bài 1 - Dân số - Nguyễn Thị Hoàn',3,'',9,1),(559,'2021-10-10 13:08:08.904098','21','Toán 7',2,'[{\"changed\": {\"fields\": [\"S\\u1ed1 ti\\u1ebft m\\u1ed7i tu\\u1ea7n\"]}}]',13,1),(560,'2021-10-11 00:45:22.261445','7','Lịch sử 9',2,'[{\"changed\": {\"fields\": [\"S\\u1ed1 ti\\u1ebft m\\u1ed7i tu\\u1ea7n\"]}}]',13,1),(561,'2021-10-11 00:45:45.357677','6','Lịch sử 8',2,'[{\"changed\": {\"fields\": [\"S\\u1ed1 ti\\u1ebft m\\u1ed7i tu\\u1ea7n\"]}}]',13,1),(562,'2021-10-11 00:45:54.316550','5','Lịch sử 7',2,'[{\"changed\": {\"fields\": [\"S\\u1ed1 ti\\u1ebft m\\u1ed7i tu\\u1ea7n\"]}}]',13,1),(563,'2021-10-11 00:46:01.338895','57','Công nghệ 8',2,'[{\"changed\": {\"fields\": [\"S\\u1ed1 ti\\u1ebft m\\u1ed7i tu\\u1ea7n\"]}}]',13,1),(564,'2021-10-11 00:46:08.371657','56','Công nghệ 8',2,'[{\"changed\": {\"fields\": [\"S\\u1ed1 ti\\u1ebft m\\u1ed7i tu\\u1ea7n\"]}}]',13,1),(565,'2021-10-11 00:46:22.570757','55','HĐTN-HN 6',2,'[{\"changed\": {\"fields\": [\"S\\u1ed1 ti\\u1ebft m\\u1ed7i tu\\u1ea7n\"]}}]',13,1),(566,'2021-10-11 00:46:37.870572','52','Sinh học 9',2,'[{\"changed\": {\"fields\": [\"S\\u1ed1 ti\\u1ebft m\\u1ed7i tu\\u1ea7n\"]}}]',13,1),(567,'2021-10-11 01:05:12.432510','53','KHTN - Sinh 6',2,'[{\"changed\": {\"fields\": [\"S\\u1ed1 ti\\u1ebft m\\u1ed7i tu\\u1ea7n\"]}}]',13,1),(568,'2021-10-11 01:05:19.780273','52','Sinh học 9',2,'[{\"changed\": {\"fields\": [\"S\\u1ed1 ti\\u1ebft m\\u1ed7i tu\\u1ea7n\"]}}]',13,1),(569,'2021-10-11 01:05:26.484281','51','Sinh học 8',2,'[{\"changed\": {\"fields\": [\"S\\u1ed1 ti\\u1ebft m\\u1ed7i tu\\u1ea7n\"]}}]',13,1),(570,'2021-10-11 01:05:32.608350','50','Sinh học 7',2,'[{\"changed\": {\"fields\": [\"S\\u1ed1 ti\\u1ebft m\\u1ed7i tu\\u1ea7n\"]}}]',13,1),(571,'2021-10-11 01:05:39.926175','49','Mỹ thuật 9',2,'[{\"changed\": {\"fields\": [\"S\\u1ed1 ti\\u1ebft m\\u1ed7i tu\\u1ea7n\"]}}]',13,1),(572,'2021-10-11 01:05:48.051245','48','Mỹ thuật 8',2,'[{\"changed\": {\"fields\": [\"S\\u1ed1 ti\\u1ebft m\\u1ed7i tu\\u1ea7n\"]}}]',13,1),(573,'2021-10-11 01:05:55.315298','47','Mỹ thuật 7',2,'[{\"changed\": {\"fields\": [\"S\\u1ed1 ti\\u1ebft m\\u1ed7i tu\\u1ea7n\"]}}]',13,1),(574,'2021-10-11 01:06:16.864122','28','Hoá học 9',2,'[{\"changed\": {\"fields\": [\"S\\u1ed1 ti\\u1ebft m\\u1ed7i tu\\u1ea7n\"]}}]',13,1),(575,'2021-10-11 01:07:39.585726','28','Hoá học 9',2,'[]',13,1),(576,'2021-10-11 01:08:15.752278','27','Hoá học 8',2,'[{\"changed\": {\"fields\": [\"S\\u1ed1 ti\\u1ebft m\\u1ed7i tu\\u1ea7n\"]}}]',13,1),(577,'2021-10-11 01:08:25.519245','26','Vật Lý 9',2,'[{\"changed\": {\"fields\": [\"S\\u1ed1 ti\\u1ebft m\\u1ed7i tu\\u1ea7n\"]}}]',13,1),(578,'2021-10-11 01:08:34.068381','25','Vật Lý 8',2,'[{\"changed\": {\"fields\": [\"S\\u1ed1 ti\\u1ebft m\\u1ed7i tu\\u1ea7n\"]}}]',13,1),(579,'2021-10-11 01:08:44.270402','24','Vật Lý 7',2,'[{\"changed\": {\"fields\": [\"S\\u1ed1 ti\\u1ebft m\\u1ed7i tu\\u1ea7n\"]}}]',13,1),(580,'2021-10-11 01:08:55.568088','23','Toán 9',2,'[{\"changed\": {\"fields\": [\"S\\u1ed1 ti\\u1ebft m\\u1ed7i tu\\u1ea7n\"]}}]',13,1),(581,'2021-10-11 01:09:04.478748','22','Toán 8',2,'[{\"changed\": {\"fields\": [\"S\\u1ed1 ti\\u1ebft m\\u1ed7i tu\\u1ea7n\"]}}]',13,1),(582,'2021-10-11 01:11:54.826883','21','Toán 7',2,'[]',13,1),(583,'2021-10-11 01:12:10.632631','20','Toán 6',2,'[{\"changed\": {\"fields\": [\"S\\u1ed1 ti\\u1ebft m\\u1ed7i tu\\u1ea7n\"]}}]',13,1),(584,'2021-10-11 01:12:21.380700','4','Ngữ văn 9',2,'[{\"changed\": {\"fields\": [\"S\\u1ed1 ti\\u1ebft m\\u1ed7i tu\\u1ea7n\"]}}]',13,1),(585,'2021-10-11 01:12:29.836863','3','Ngữ văn 8',2,'[{\"changed\": {\"fields\": [\"S\\u1ed1 ti\\u1ebft m\\u1ed7i tu\\u1ea7n\"]}}]',13,1),(586,'2021-10-11 01:12:38.305340','2','Ngữ văn 7',2,'[{\"changed\": {\"fields\": [\"S\\u1ed1 ti\\u1ebft m\\u1ed7i tu\\u1ea7n\"]}}]',13,1),(587,'2021-10-11 01:12:59.004376','2','Ngữ văn 7',2,'[]',13,1),(588,'2021-10-11 01:13:13.904238','1','Ngữ văn 6',2,'[{\"changed\": {\"fields\": [\"S\\u1ed1 ti\\u1ebft m\\u1ed7i tu\\u1ea7n\"]}}]',13,1),(589,'2021-10-11 01:13:58.441538','718','Ngữ văn 7 : Bài 5 - Tuần5 - Nguyễn Thị Thu Hà',3,'',9,1),(590,'2021-10-11 01:13:58.448119','715','Ngữ văn 7 : Bài 4 - Tuần3 - Nguyễn Thị Thu Hà',3,'',9,1),(591,'2021-10-11 01:13:58.458538','713','Ngữ văn 7 : Bài 3 - tuần2 - Nguyễn Thị Thu Hà',3,'',9,1),(592,'2021-10-11 01:13:58.465199','704','Ngữ văn 7 : Bài 2 - tuân1 - Nguyễn Thị Thu Hà',3,'',9,1),(593,'2021-10-11 01:15:06.312301','908','Toán 9 : Bài 17 - Hình 9- Tiết 12: Ôn tập chương 1 - Nguyễn Trọng Linh',3,'',9,1),(594,'2021-10-11 01:15:06.318786','905','Toán 9 : Bài 16 - Hình 9: Tiết 11: ôn tập chương 1 - Nguyễn Trọng Linh',3,'',9,1),(595,'2021-10-11 01:15:06.325154','888','Toán 9 : Bài 15 - ĐẠI SỐ :ÔN TẬP CHƯƠNG 1 - Nguyễn Trọng Linh',3,'',9,1),(596,'2021-10-11 01:15:06.330784','886','Toán 9 : Bài 14 - ĐẠI SỐ :ÔN TẬP CHƯƠNG 1 - Nguyễn Trọng Linh',3,'',9,1),(597,'2021-10-11 01:15:06.336583','14','Toán 9 : Bài 1 - Căn bâc hai số học - Nguyễn Trọng Linh',3,'',9,1),(598,'2021-10-11 01:18:04.377667','700','Địa lý 9 : Bài 6 - Sự phát triển nền kinh tế Việt Nam - Nguyễn Thị Hoàn',3,'',9,1),(599,'2021-10-11 01:18:04.385736','699','Địa lý 9 : Bài 5 - Thực hành: Phân tích và so sánh tháp dân số năm 1989 và 1999 - Nguyễn Thị Hoàn',3,'',9,1),(600,'2021-10-11 01:18:04.392749','698','Địa lý 9 : Bài 4 - Lao động và việc làm. Chất lượng cộc sống - Nguyễn Thị Hoàn',3,'',9,1),(601,'2021-10-11 01:18:04.400909','697','Địa lý 9 : Bài 3 - Phân bố dân cư. Các loại hình quần cư - Nguyễn Thị Hoàn',3,'',9,1),(602,'2021-10-11 01:18:04.408182','696','Địa lý 9 : Bài 2 - Dân số và sự gia tăng dân số - Nguyễn Thị Hoàn',3,'',9,1),(603,'2021-10-11 01:18:04.416007','695','Địa lý 9 : Bài 1 - Cộng đồng các dân tộc Việt Nam - Nguyễn Thị Hoàn',3,'',9,1),(604,'2021-10-12 13:02:28.210228','616','Công nghệ 8 : Bài 8 - Biểu diễn ren - Nguyễn Thị Nhung',3,'',9,1),(605,'2021-10-12 13:02:28.227278','615','Công nghệ 8 : Bài 7 - Bản vẽ chi tiết - Nguyễn Thị Nhung',3,'',9,1),(606,'2021-10-12 13:02:28.237736','614','Công nghệ 8 : Bài 6 - Khái niệm về bản vẽ kỹ thuật - Nguyễn Thị Nhung',3,'',9,1),(607,'2021-10-12 13:02:28.249666','613','Công nghệ 8 : Bài 5 - Thực hành: Hình chiếu của vật thể - Nguyễn Thị Nhung',3,'',9,1),(608,'2021-10-12 13:02:28.263557','612','Công nghệ 8 : Bài 4 - Bản vẽ các khối tròn xoay - Nguyễn Thị Nhung',3,'',9,1),(609,'2021-10-12 13:02:28.275147','611','Công nghệ 8 : Bài 3 - Bản vẽ kỹ thuật - Nguyễn Thị Nhung',3,'',9,1),(610,'2021-10-12 13:02:28.284347','610','Công nghệ 8 : Bài 2 - Hình chiếu - Nguyễn Thị Nhung',3,'',9,1),(611,'2021-10-12 13:02:28.295342','607','Công nghệ 8 : Bài 1 - Vai trò của bản vẽ KT - Nguyễn Thị Nhung',3,'',9,1),(612,'2021-10-12 13:10:24.932997','58','Công nghệ 8',1,'[{\"added\": {}}]',13,1),(613,'2021-10-12 13:10:38.047746','58','Công nghệ 8',2,'[]',13,1),(614,'2021-10-12 13:10:58.276058','56','Công nghệ 8',2,'[{\"changed\": {\"fields\": [\"T\\u1ed5ng s\\u1ed1 ti\\u1ebft\"]}}]',13,1),(615,'2021-10-12 13:12:45.236353','56','Công nghệ 8',2,'[{\"changed\": {\"fields\": [\"T\\u1ed5ng s\\u1ed1 ti\\u1ebft\"]}}]',13,1),(616,'2021-10-12 13:12:56.916819','58','Công nghệ 8',2,'[{\"changed\": {\"fields\": [\"T\\u1ed5ng s\\u1ed1 ti\\u1ebft\"]}}]',13,1),(617,'2021-10-12 13:13:07.055813','56','Công nghệ 8',2,'[]',13,1),(618,'2021-10-12 13:13:20.488036','57','Công nghệ 8',2,'[{\"changed\": {\"fields\": [\"T\\u1ed5ng s\\u1ed1 ti\\u1ebft\"]}}]',13,1),(619,'2021-10-12 13:21:17.156766','58','Công nghệ 8',3,'',13,1),(620,'2021-10-12 13:21:17.167381','57','Công nghệ 8',3,'',13,1),(621,'2021-10-12 13:21:17.178128','56','Công nghệ 8',3,'',13,1),(622,'2021-10-12 13:21:34.650419','32','Công nghệ 8',2,'[{\"changed\": {\"fields\": [\"S\\u1ed1 ti\\u1ebft m\\u1ed7i tu\\u1ea7n\"]}}]',13,1);
/*!40000 ALTER TABLE `django_admin_log` ENABLE KEYS */;
UNLOCK TABLES;

--
-- Table structure for table `django_content_type`
--

DROP TABLE IF EXISTS `django_content_type`;
/*!40101 SET @saved_cs_client     = @@character_set_client */;
/*!40101 SET character_set_client = utf8 */;
CREATE TABLE `django_content_type` (
  `id` int(11) NOT NULL AUTO_INCREMENT,
  `app_label` varchar(100) NOT NULL,
  `model` varchar(100) NOT NULL,
  PRIMARY KEY (`id`),
  UNIQUE KEY `django_content_type_app_label_model_76bd3d3b_uniq` (`app_label`,`model`)
) ENGINE=InnoDB AUTO_INCREMENT=22 DEFAULT CHARSET=utf8;
/*!40101 SET character_set_client = @saved_cs_client */;

--
-- Dumping data for table `django_content_type`
--

LOCK TABLES `django_content_type` WRITE;
/*!40000 ALTER TABLE `django_content_type` DISABLE KEYS */;
INSERT INTO `django_content_type` VALUES (1,'admin','logentry'),(3,'auth','group'),(2,'auth','permission'),(4,'auth','user'),(5,'contenttypes','contenttype'),(7,'lessonmanagement','classyear'),(19,'lessonmanagement','classyearmanager'),(8,'lessonmanagement','groupsubject'),(18,'lessonmanagement','groupsubjectmanager'),(9,'lessonmanagement','lesson'),(17,'lessonmanagement','lessonschedule'),(10,'lessonmanagement','school'),(16,'lessonmanagement','schoolmanager'),(11,'lessonmanagement','schoolyear'),(12,'lessonmanagement','subject'),(21,'lessonmanagement','subjectclassyear'),(13,'lessonmanagement','subjectdetail'),(15,'lessonmanagement','subjectlesson'),(20,'lessonmanagement','subjectmanager'),(14,'lessonmanagement','teacher'),(6,'sessions','session');
/*!40000 ALTER TABLE `django_content_type` ENABLE KEYS */;
UNLOCK TABLES;

--
-- Table structure for table `django_migrations`
--

DROP TABLE IF EXISTS `django_migrations`;
/*!40101 SET @saved_cs_client     = @@character_set_client */;
/*!40101 SET character_set_client = utf8 */;
CREATE TABLE `django_migrations` (
  `id` bigint(20) NOT NULL AUTO_INCREMENT,
  `app` varchar(255) NOT NULL,
  `name` varchar(255) NOT NULL,
  `applied` datetime(6) NOT NULL,
  PRIMARY KEY (`id`)
) ENGINE=InnoDB AUTO_INCREMENT=21 DEFAULT CHARSET=utf8;
/*!40101 SET character_set_client = @saved_cs_client */;

--
-- Dumping data for table `django_migrations`
--

LOCK TABLES `django_migrations` WRITE;
/*!40000 ALTER TABLE `django_migrations` DISABLE KEYS */;
INSERT INTO `django_migrations` VALUES (1,'contenttypes','0001_initial','2021-09-26 10:26:13.411397'),(2,'auth','0001_initial','2021-09-26 10:26:53.309152'),(3,'admin','0001_initial','2021-09-26 10:27:06.936591'),(4,'admin','0002_logentry_remove_auto_add','2021-09-26 10:27:06.950779'),(5,'admin','0003_logentry_add_action_flag_choices','2021-09-26 10:27:06.964376'),(6,'contenttypes','0002_remove_content_type_name','2021-09-26 10:27:07.090608'),(7,'auth','0002_alter_permission_name_max_length','2021-09-26 10:27:07.154350'),(8,'auth','0003_alter_user_email_max_length','2021-09-26 10:27:07.219126'),(9,'auth','0004_alter_user_username_opts','2021-09-26 10:27:07.232132'),(10,'auth','0005_alter_user_last_login_null','2021-09-26 10:27:07.315133'),(11,'auth','0006_require_contenttypes_0002','2021-09-26 10:27:07.321584'),(12,'auth','0007_alter_validators_add_error_messages','2021-09-26 10:27:07.336809'),(13,'auth','0008_alter_user_username_max_length','2021-09-26 10:27:07.404443'),(14,'auth','0009_alter_user_last_name_max_length','2021-09-26 10:27:07.472593'),(15,'auth','0010_alter_group_name_max_length','2021-09-26 10:27:07.551336'),(16,'auth','0011_update_proxy_permissions','2021-09-26 10:27:07.567611'),(17,'auth','0012_alter_user_first_name_max_length','2021-09-26 10:27:07.640310'),(18,'lessonmanagement','0001_initial','2021-09-26 10:31:07.556744'),(19,'sessions','0001_initial','2021-09-26 10:31:17.443818'),(20,'lessonmanagement','0002_alter_lessonschedule_unique_together','2021-10-05 08:12:22.976557');
/*!40000 ALTER TABLE `django_migrations` ENABLE KEYS */;
UNLOCK TABLES;

--
-- Table structure for table `django_session`
--

DROP TABLE IF EXISTS `django_session`;
/*!40101 SET @saved_cs_client     = @@character_set_client */;
/*!40101 SET character_set_client = utf8 */;
CREATE TABLE `django_session` (
  `session_key` varchar(40) NOT NULL,
  `session_data` longtext NOT NULL,
  `expire_date` datetime(6) NOT NULL,
  PRIMARY KEY (`session_key`),
  KEY `django_session_expire_date_a5c62663` (`expire_date`)
) ENGINE=InnoDB DEFAULT CHARSET=utf8;
/*!40101 SET character_set_client = @saved_cs_client */;

--
-- Dumping data for table `django_session`
--

LOCK TABLES `django_session` WRITE;
/*!40000 ALTER TABLE `django_session` DISABLE KEYS */;
INSERT INTO `django_session` VALUES ('0b5zmps0w13z67f3dk0al161wslji4ob','.eJxVjDEOwyAQBP9CHSEMGHDK9H4DOu4gOIlAMnYV5e8xkouk2WJ3dt7Mw75lv7e4-oXYlcmBXX7LAPiMpS_0gHKvHGvZ1iXwjvBzbXyuFF-3k_0TZGi5e7VxgtCSpKQmJ43VQzQGnIgqWH1ECmMaNYKCQNImMxkhwnHBhCgU-3wBA5o4iw:1mVDlg:gVLwItkT5ROql3GKlQi6PLOfk8w8rHyk6m9kUA5hoTg','2021-10-12 14:07:36.227289'),('0m2llm8e01a5ne9189ff88cj68k4wklu','.eJxVjEEOwiAQRe_C2pA6DAgu3XsGMjCDVA1NSrsy3l2bdKHb_977LxVpXWpcu8xxZHVWR3X43RLlh7QN8J3abdJ5ass8Jr0peqddXyeW52V3_w4q9fqtcwBIQg4AJFkjxjvGkmXwA7KhYsUWZ04iEIJDLxkdBTY-IDlLaNX7A-49N-k:1mUfOO:yvGwW81cCy015g3A5DqveJWd7BrHRSpltgP118Wd_dM','2021-10-11 01:25:16.464705'),('1fj7hxibfx0l190awuh3wiu3jk9sqr00','.eJxVjDEOwyAQBP9CHSEO0NmkTJ83oAOO4CQCydiVlb_HllwkzRY7s7sJT-tS_Np59lMSVwFWXH7LQPHF9SDpSfXRZGx1macgD0WetMt7S_y-ne7fQaFe9rUiTkYPI6JTZAIAO1bRaDtasgpZA-SsU0LgPexglEbIGpkpBHRRfL71wTfx:1mVEpK:VwKk4QiKUzRt7k-OV0u1JxnbTtab5r4p8p009_B9rZ8','2021-10-12 15:15:26.394973'),('1rt1vhf7lxt4ik2r9d42xzfz8hmt1b8a','.eJxVjMEOwiAQRP-FsyGL2AU8eu83kIUFqRqalPZk_Hdp0oPeJjPvzVt42tbit5YWP7G4CidOv12g-Ex1H_hB9T7LONd1mYLcEXmsTY4zp9ftYP8OCrXSbQsYFUPuxpmVTYZzRJ0tRutYJa0HcmCyAYeDQswXpXtCSMBBZSDx-QLv8Dev:1mVECc:N61TmYtOZJHQE-TdMrGAiuwZRmV2Jp117yCXvQo9iRw','2021-10-12 14:35:26.155556'),('20vq1hkxtc2hmcxaylycnakg82silqp9','.eJxVjMsOwiAQRf-FtSEjj1Jcuu83kBkGpGogKe3K-O_apAvd3nPOfYmA21rC1tMSZhYXcQZx-h0J4yPVnfAd663J2Oq6zCR3RR60y6lxel4P9--gYC_fOhPqzGYwichFUISOrVcaLTqf0I7aOpU1cDQ4KPRgAUZSyWhnAIwX7w8gTDe-:1mWbDY:IsW0g_Ek3DNckCIko8rEHnOCdh1faeALg8xagLfq3kw','2021-10-16 09:22:04.888457'),('2byl6rsfnsj9ps9iarvnwdqdnhvckhwo','.eJxVjDsOwyAQBe9CHSEtYD4p0-cMaJeF4CTCkrErK3ePLblI2jczbxMR16XGtec5jiyuArS4_I6E6ZXbQfiJ7THJNLVlHkkeijxpl_eJ8_t2un8HFXvda12C9Urr4gEcKz-kjIGdB_YEWCwFh2hUImOtBj2QYrMzAylbNMaLzxf4Hjes:1mXKvH:T2D8-Z_ymjWxjAAhdZzXdTnkuAhejv5uExUBsfcNia4','2021-10-18 10:10:15.299417'),('2dipt1fvdw6vo6cbyaf6tnw06msyirtq','.eJxVjDsOwjAQBe_iGlnZ-BdT0nMGa9e7wQHkSHFSIe4OkVJA-2bmvVTCbS1pa7KkidVZGadOvyNhfkjdCd-x3mad57ouE-ld0Qdt-jqzPC-H-3dQsJVvDdFRBOMsWUEwwMEykmSRIXpDMXgTwiDY586KAwoEI1I_RvTcQWD1_gAKCjhm:1mWaxr:BUDgxp5UpX6ijEZQou7upoTMGNd4Wp1x22gkGqeomlY','2021-10-16 09:05:51.749248'),('3q5t8atriqsa5ns3mhme2svqqx9ieiub','.eJxVjDsOwjAQBe_iGllZ_F1Kes5grb0LDiBHipMKcXeIlALaNzPvpRKtS01rlzmNrE7KenX4HTOVh7SN8J3abdJlass8Zr0peqddXyaW53l3_w4q9fqt0Vs0aAkIfXYhSzAMaIwwAAaCgUoZ3NFAQF8sxhDFBo7XTJZidE69P-aPNzc:1mZYWW:c9CtjH1TTUYSEA2Y1Nt7YICw7PeNEojyVFlnipcktaw','2021-10-24 13:05:52.759791'),('4i3dwgkxlzjtn5vdtg0xfe5tm4hrnirq','.eJxVjMsOwiAQRf-FtSEjj1Jcuu83kBkGpGogKe3K-O_apAvd3nPOfYmA21rC1tMSZhYXcQZx-h0J4yPVnfAd663J2Oq6zCR3RR60y6lxel4P9--gYC_fOhPqzGYwichFUISOrVcaLTqf0I7aOpU1cDQ4KPRgAUZSyWhnAIwX7w8gTDe-:1mZ2Fu:02SKADSdwK3Tc0V9GiPcdE2Frhj5eM7Q4x064F1JUtI','2021-10-23 02:38:34.533906'),('4z6y2y27eo9qa2hagep7uruuvi8y9grw','.eJxVjMsOwiAQRf-FtSGUxyAu3fcbyMwAUjU0Ke3K-O_apAvd3nPOfYmI21rj1vMSpyQuwnhx-h0J-ZHbTtId222WPLd1mUjuijxol-Oc8vN6uH8HFXv91t4k5RNgCZqLG0ABQfGKQDujDSjWaNk6G5g1EZKzA4fskc_GAxoQ7w_9dzfO:1mZs6c:OCM2Df9B7i6enkvxUVhAlhGXfxFsTUsLuRAOh3qSRa0','2021-10-25 10:00:26.848470'),('59in36swhwvvc1zvv87qrbw2c93rg18o','.eJxVjEEOwiAQRe_C2hCGIgwu3fcMBGZAqoYmpV0Z765NutDtf-_9lwhxW2vYel7CxOIi4CxOv2OK9MhtJ3yP7TZLmtu6TEnuijxol-PM-Xk93L-DGnv91siWFQENlj1Zl7h4SwODAuXRaPbFGYcZikoGkExJ1oPHhMiaQbN4fwAKbzfu:1mVE3G:n2_wOTHJWfMaBOhsgIqxppyPP4YsLHNOjqlFvi4_c4I','2021-10-12 14:25:46.090289'),('5bq4zaq8srv43108dr6sokmoo53p7pbf','.eJxVjMEOwiAQRP-FsyFdQNj16L3fQJayStXQpLQn47_bJj3obTLvzbxV5HUpcW0yxzGriwJSp98y8fCUupP84Hqf9DDVZR6T3hV90Kb7Kcvrerh_B4Vb2dZnCx6dBy9Aobu5LVNISNmLR3DGIIeOk4B1KMTWuGAhGyJMIVhr1OcLwgY2HA:1mZy20:nK5_L8zqjW_4TR-pkkabe9QO2AEaHK8FVyJHMP32jf4','2021-10-25 16:20:04.258562'),('5ir6i7w8drmo5ch2bihfqz6jerd1z58g','.eJxVjDsOwjAQBe_iGln2bvyjpOcM0XqzJgHkSHFSIe4OkVJA-2bmvVRP2zr2W5OlnwZ1Vtip0--YiR9SdzLcqd5mzXNdlynrXdEHbfo6D_K8HO7fwUht_NbCHAoYDxYMS3AOgieG0jnL6EuIKdtYjJMOYyIniBEsOWtKhoSpqPcH9dw3Sw:1mX1IZ:0L-pCkswX1KHOdQCw9MlO1ft_-LYDJs0wFKJDliWB6g','2021-10-17 13:12:59.680012'),('5qzpdwp3nb0zyl026aafa4t2x3lomsey','.eJxVjEEOwiAQRe_C2hBhgA4u3fcMZGCoVA0kpV0Z765NutDtf-_9lwi0rSVsPS9hZnERWonT7xgpPXLdCd-p3ppMra7LHOWuyIN2OTbOz-vh_h0U6uVbT5w5asAhWWQV0aJ3UWmfrDHKGAav_JS8M-hQM5DDTACk_QD5zA7E-wP9_zdi:1mX3bH:jNuQ03VloPWFXJqsq2AZO4afN2LnpsaiUSC7Ka7GkMk','2021-10-17 15:40:27.974576'),('5wfh8txr2xijbgstoqhhgwzvu6y15s2f','.eJxVjEEOwiAQRe_C2hCGIgwu3fcMBGZAqoYmpV0Z765NutDtf-_9lwhxW2vYel7CxOIi4CxOv2OK9MhtJ3yP7TZLmtu6TEnuijxol-PM-Xk93L-DGnv91siWFQENlj1Zl7h4SwODAuXRaPbFGYcZikoGkExJ1oPHhMiaQbN4fwAKbzfu:1mZjJF:yq4FdwdB3ASS2q-absf-CHw0sHMYcIVNGbaBTZlJjc4','2021-10-25 00:36:53.413767'),('5wwtec77wwg9s0qejz3ptzc0vo91ajhx','.eJxVjDsOwjAQBe_iGlnrNUlsSnrOYO3HJgEUS_lUiLuTSCmgfTPz3ibRuvRpnfOUBjUX49GcfkcmeeZxJ_qg8V6t1HGZBra7Yg8621vV_Loe7t9BT3O_1aRQCmRkh00MHqUVjqLuHAQANURwHqIwcUdNq6roCBsoXSCVLTSfLxS3OKU:1mYLDG:EIFVn0JA_1oykV6PP7M3dcVFYp98hmzmO6ZZ_AtSoyM','2021-10-21 04:40:58.220147'),('608ymy66hcjdyssfrwj5cari0slhs5mx','.eJxVjEEOgjAQRe_StWnKFGjr0j1naGamg0VNSSisjHcXEha6_e-9_1YRtzXHrcoSp6SuCoK6_I6E_JRykPTAcp81z2VdJtKHok9a9TAned1O9-8gY8173fsAjo2HDtCKEzLcMsDYkiebAtoeSQJ537jRGCH2yXTY2F0GFkD1-QII9TiH:1mY8WE:a71h4oyL1w_7G67BLJ8l0bODeJPcQUX7AkKzi-bZHQg','2021-10-20 15:07:42.078069'),('625q3gweb79gdvjulemr1o2e96t4ilfv','.eJxVjEEOwiAQRe_C2hBhgA4u3fcMZGCoVA0kpV0Z765NutDtf-_9lwi0rSVsPS9hZnERWonT7xgpPXLdCd-p3ppMra7LHOWuyIN2OTbOz-vh_h0U6uVbT5w5asAhWWQV0aJ3UWmfrDHKGAav_JS8M-hQM5DDTACk_QD5zA7E-wP9_zdi:1mVEqC:zKIAzJHjcVzQqxurCbVnjefNjvaAXHRkpc4154Wgbyw','2021-10-12 15:16:20.573049'),('6e9nm5k7945cjc5acavzuw3djibfwytz','.eJxVjMsOwiAQRf-FtSEUKA-X7v0GMjMMUjU0Ke3K-O_apAvd3nPOfYkE21rT1nlJUxZnYUdx-h0R6MFtJ_kO7TZLmtu6TCh3RR60y-uc-Xk53L-DCr1-6wgKfMmRgleDBWRGUyg4NlTQkiWjNHuibNBrViUXxwHHAbTj6JQV7w9B8DlV:1mX0kr:vUNQr4Y2DmORKeiCuGYY7BkQDSEBKfuBNEj4_ck5Tas','2021-10-17 12:38:09.881613'),('6euprh7z28enza2nu0jvv99x6xxh6a40','.eJxVjMsOwiAQRf-FtSHQAQZcuvcbyPCSqoGktCvjv2uTLnR7zzn3xTxta_XbyIufEzuzybDT7xgoPnLbSbpTu3Uee1uXOfBd4Qcd_NpTfl4O9--g0qjfGiTpRBKzDNq4jLFAKUpaiFmgwaCtCTgZBOu0FjqiACQnVAIVAROx9wf7ljdW:1mYJCC:a0tU3JGdZ0MlBwoH8XNMvPivtyjok-fYpBMLkdCX5Eo','2021-10-21 02:31:44.117762'),('6n0n2038ozp7u4n2mofw7217u4o3znoe','.eJxVjMsOwiAQRf-FtSEUKA-X7v0GMjMMUjU0Ke3K-O_apAvd3nPOfYkE21rT1nlJUxZnYUdx-h0R6MFtJ_kO7TZLmtu6TCh3RR60y-uc-Xk53L-DCr1-6wgKfMmRgleDBWRGUyg4NlTQkiWjNHuibNBrViUXxwHHAbTj6JQV7w9B8DlV:1mXwfI:eXbHPunu12wJ58GgVYkLtMJ1PDVhSgnGaoYEjETt2og','2021-10-20 02:28:16.428463'),('7qgo7k2ifrpc7dzb0b7sroe05z83hb80','.eJxVjDsOwjAQBe_iGllZ_F1Kes5grb0LDiBHipMKcXeIlALaNzPvpRKtS01rlzmNrE7KenX4HTOVh7SN8J3abdJlass8Zr0peqddXyaW53l3_w4q9fqt0Vs0aAkIfXYhSzAMaIwwAAaCgUoZ3NFAQF8sxhDFBo7XTJZidE69P-aPNzc:1mX2Jx:6NeDsX8XW6Y8pN_oiTHDybC3nz_vAGOpk1AaW9vKRg0','2021-10-17 14:18:29.457596'),('7z6mksgxkfoz6il6kityzz4cemgtx6e8','.eJxVjEEOwiAQRe_C2hCYUigu3XsGMjCDVA1NSrsy3l1JutDtf-_9lwi4byXsjdcwkzgLA-L0O0ZMD66d0B3rbZFpqds6R9kVedAmrwvx83K4fwcFW-l1BpOdtpa0mlCDSskhjQ61z4OzNBjv1eS_WgTwo2WlTWTGaA04sijeH_y4N9c:1mXdel:-izduddE7rr2T1mio03msLhu6Sb3enu0tcUaJqSxDm8','2021-10-19 06:10:27.975676'),('8pm1akk6ovwmo6hwuami4pkydgix3ubv','.eJxVjDsOwjAUBO_iGln-KjYlPWeI9vnZOIAcKZ8q4u4kUgpod2Z2Ez3WpfbrnKd-YHEVOojL70hIr9wOwk-0xyjT2JZpIHko8qSzvI-c37fT_TuomOtegywUU4kORkekaI3pgo9es2LVweXgSohMybhE7MkGeKu5ADuwTny-GWk4jg:1mVDq4:2iVLF84Wv1AdiOqq6SRdbk8K3i20gS-GtRb82CwPoNg','2021-10-12 14:12:08.622505'),('9qv8e467f7n9a5b1h7uukrf9pzh76wox','.eJxVjMsOwiAQRf-FtSE82oFx6b7fQGYApWogKe3K-O_apAvd3nPOfYlA21rC1vMS5iTOwlhx-h2Z4iPXnaQ71VuTsdV1mVnuijxol1NL-Xk53L-DQr18awDwevSoia2njIA2w-gHAGKDV3bOqmgGZbXOHgBRgXKkARUha0ri_QHPeDaa:1mUrcT:xX0BHJrRCFSl8xs_DCbJPkAQXLiFXrkkm-xPg_v1mjw','2021-10-11 14:28:37.312988'),('9u0ur6lnzhdg03z5j0xp0xwafeqy75gy','.eJxVjEEOgjAQRe_StWnaOoyMS_ecgXQ6g0VNSSisjHcXEha6_e-9_zZ9XJfcr1XnfhRzNSGY0-_IMT217EQesdwnm6ayzCPbXbEHrbabRF-3w_07yLHmrXbDAM4TK6GgF1BS5AujNtCQR0SlFlxSdoLgBiA5tx5i3KTQEjfm8wUEGDfA:1mZwS7:tIWICDaJNaPtP4du6P0m9_RpFQtmnI2lpFD6jqcCTJY','2021-10-25 14:38:55.317889'),('aclxhm3ud42re8gec73ihvha27g51673','.eJxVjMEOwiAQRP-FsyGL2AU8eu83kIUFqRqalPZk_Hdp0oPeJjPvzVt42tbit5YWP7G4CidOv12g-Ex1H_hB9T7LONd1mYLcEXmsTY4zp9ftYP8OCrXSbQsYFUPuxpmVTYZzRJ0tRutYJa0HcmCyAYeDQswXpXtCSMBBZSDx-QLv8Dev:1mVCRL:ECsg_APY4NPl7V61sZlegOdmzDO8ZK5tnMHhVf-opjI','2021-10-12 12:42:31.250744'),('afjpqqyhujn23ac37a30unhzfmpppu05','.eJxVjDsOwjAQBe_iGln-fyjpOYO13rVxADlSnFSIu0OkFNC-mXkvlmBbW9pGWdJE7MyUYaffMQM-St8J3aHfZo5zX5cp813hBx38OlN5Xg7376DBaN9ahhAQPDk0gmLNxdsKaHW1MetSnbIQFVIBb43Q0Tj0UotIUQZrnKns_QEbczf1:1mZUT6:I9lUgNvXLMDJ7WQo8APWMpv_DsMNr_RNo7apGlFogNI','2021-10-24 08:46:04.045694'),('arb7plt39aon2bfwdo7qr17uwkfsn2ad','.eJxVjDsOwjAQBe_iGllZ_F1Kes5grb0LDiBHipMKcXeIlALaNzPvpRKtS01rlzmNrE7KenX4HTOVh7SN8J3abdJlass8Zr0peqddXyaW53l3_w4q9fqt0Vs0aAkIfXYhSzAMaIwwAAaCgUoZ3NFAQF8sxhDFBo7XTJZidE69P-aPNzc:1mWxeL:iEpkzb9neoyiSBqOLqYqq2I8XLZTJOgPh8zIl44Oa3A','2021-10-17 09:19:13.148234'),('av2je1b6jxuac6a8s0p97qzm7r6esl80','.eJxVjEEOwiAQRe_C2hCYUigu3XsGMjCDVA1NSrsy3l1JutDtf-_9lwi4byXsjdcwkzgLA-L0O0ZMD66d0B3rbZFpqds6R9kVedAmrwvx83K4fwcFW-l1BpOdtpa0mlCDSskhjQ61z4OzNBjv1eS_WgTwo2WlTWTGaA04sijeH_y4N9c:1mXZEi:ILdSSHw8bFYi-LEebKRlp_XaNX01E3BbFhVZaH3qBWs','2021-10-19 01:27:16.940059'),('b58kiuvvzjgl41c7tkp8n1zeqphrc8q4','.eJxVjEsOAiEQBe_C2hCQT6NL956BNHQjowaSYWZlvLtOMgvdvqp6LxFxXWpcB89xInEWxovD75gwP7hthO7Ybl3m3pZ5SnJT5E6HvHbi52V3_w4qjvqtnTblRKyTKso6NL6gBq-geMycIAdKCo_ZaShQMDjLFoIHDWQc5xTE-wMXbzhw:1mXLTr:AdWUTCp6HsbvfukPg-r2v4LHQOSOkHA4EDW09V1LZQY','2021-10-18 10:45:59.699474'),('b9tpy3a0zgq2meylapuevbydl2s5jblt','.eJxVjMsOwiAQRf-FtSEjj1Jcuu83kBkGpGogKe3K-O_apAvd3nPOfYmA21rC1tMSZhYXcQZx-h0J4yPVnfAd663J2Oq6zCR3RR60y6lxel4P9--gYC_fOhPqzGYwichFUISOrVcaLTqf0I7aOpU1cDQ4KPRgAUZSyWhnAIwX7w8gTDe-:1mWVKg:b6vLZfaa_DZBDb-uYpUFN19Gbx6j7I-k240BEzwIFRg','2021-10-16 03:05:02.831004'),('bp0g9qaknbfjxl07igcv1wa83h31qfa9','.eJxVjE0OwiAYBe_C2hAQ6Edduu8ZCD8PqRqalHZlvLuSdKHbNzPvxZzft-L2htXNiV2YVuz0OwYfH6idpLuvt4XHpW7rHHhX-EEbn5aE5_Vw_w6Kb-VbgzIsCQQttYkDjdkiCRPPIWSoQQZhBJTGKAkZMZFNQsfOSSuCYO8PIto4oQ:1mWbbf:oEVwHyDVzp8VvXuRImfv2mt0kE1iXr9WtiSBxxu_qxw','2021-10-16 09:46:59.010069'),('c3xcn1mwx39gcfdjhwdduvwpgmhgk0x1','.eJxVjMEOwiAQRP-FsyFdQNj16L3fQJayStXQpLQn47_bJj3obTLvzbxV5HUpcW0yxzGriwJSp98y8fCUupP84Hqf9DDVZR6T3hV90Kb7Kcvrerh_B4Vb2dZnCx6dBy9Aobu5LVNISNmLR3DGIIeOk4B1KMTWuGAhGyJMIVhr1OcLwgY2HA:1mVUj2:U3K88vQ6bJSSEedQVblV2bt323RnuuERwz9V9wusyS0','2021-10-13 08:14:00.267308'),('cbbdr08awwt85iiyxeffkvj4bje2c2xq','.eJxVjMsOwiAQRf-FtSEjj1Jcuu83kBkGpGogKe3K-O_apAvd3nPOfYmA21rC1tMSZhYXcQZx-h0J4yPVnfAd663J2Oq6zCR3RR60y6lxel4P9--gYC_fOhPqzGYwichFUISOrVcaLTqf0I7aOpU1cDQ4KPRgAUZSyWhnAIwX7w8gTDe-:1mYWgR:VMBIblEbFnoga86ladp8qpymGgYbJnXYpeAu7XEhrho','2021-10-21 16:55:51.863472'),('cj2i5uw0idelxvnzolw7v91fwam34jhd','.eJxVjDsOwyAQBe9CHSEtYD4p0-cMaJeF4CTCkrErK3ePLblI2jczbxMR16XGtec5jiyuArS4_I6E6ZXbQfiJ7THJNLVlHkkeijxpl_eJ8_t2un8HFXvda12C9Urr4gEcKz-kjIGdB_YEWCwFh2hUImOtBj2QYrMzAylbNMaLzxf4Hjes:1mXkfc:6U_SzKBEYiRux6YuIw3_hWY-jeXbpdI25mJzKJDdUUQ','2021-10-19 13:39:48.663613'),('d3tokw7pw2gidhbk4e0x3rh8z28ks466','.eJxVjDsOwjAQBe_iGllZ_F1Kes5grb0LDiBHipMKcXeIlALaNzPvpRKtS01rlzmNrE7KenX4HTOVh7SN8J3abdJlass8Zr0peqddXyaW53l3_w4q9fqt0Vs0aAkIfXYhSzAMaIwwAAaCgUoZ3NFAQF8sxhDFBo7XTJZidE69P-aPNzc:1mZYdm:nMCRqkr2Ccg6FLfsNT8PKJPcE7kCKBkLQ7eJOkNXzc8','2021-10-24 13:13:22.262668'),('dlt3j35xtr34hufuvyyi773e5bslbtej','.eJxVjMEOwiAQRP-FsyGL2AU8eu83kIUFqRqalPZk_Hdp0oPeJjPvzVt42tbit5YWP7G4CidOv12g-Ex1H_hB9T7LONd1mYLcEXmsTY4zp9ftYP8OCrXSbQsYFUPuxpmVTYZzRJ0tRutYJa0HcmCyAYeDQswXpXtCSMBBZSDx-QLv8Dev:1mV7uM:tIddKT9floX-PWsd4Z3CeACntSyu-1jNhOIvyoR-FYc','2021-10-12 07:52:10.173153'),('e2fso57x5z1os5om27wxmxbyxh1wzp59','.eJxVjEEOwiAQRe_C2hCYUigu3XsGMjCDVA1NSrsy3l1JutDtf-_9lwi4byXsjdcwkzgLA-L0O0ZMD66d0B3rbZFpqds6R9kVedAmrwvx83K4fwcFW-l1BpOdtpa0mlCDSskhjQ61z4OzNBjv1eS_WgTwo2WlTWTGaA04sijeH_y4N9c:1mZu9q:uikry89xr9Ugwfkn3atprZVY13NiwbBKvLgPz_WHKsU','2021-10-25 12:11:54.470197'),('esvps0v43dcosotjx3rout1ha0ru92q0','.eJxVjEEOgjAQRe_StWnaOoyMS_ecgXQ6g0VNSSisjHcXEha6_e-9_zZ9XJfcr1XnfhRzNSGY0-_IMT217EQesdwnm6ayzCPbXbEHrbabRF-3w_07yLHmrXbDAM4TK6GgF1BS5AujNtCQR0SlFlxSdoLgBiA5tx5i3KTQEjfm8wUEGDfA:1mVDex:SRSiplptiwjMr7Cc-JmtY_IpT771xlV9VC7aKY4nde4','2021-10-12 14:00:39.227686'),('felttz3m8u97891tms4hxfdfpljuzy8y','.eJxVjEEOgjAQRe_StWk6ltLBpXvO0ExnpoIaSCisjHdXEha6_e-9_zKJtnVIW9UljWIuxntz-h0z8UOnncidpttseZ7WZcx2V-xBq-1n0ef1cP8OBqrDt9ZCUSG3xXUNYhQKyrk7Y2DnC3MpktscMSIooEQATy01HAAQXUE07w8wMDh-:1mVQs8:fGvsONIAA-AYONkb5W4llig-5WiOTTyxHcM0o9cT_vM','2021-10-13 04:07:08.161246'),('fqyun7szjdwlobvutzwcrs691cxo02nq','.eJxVjEEOwiAQRe_C2hCGIgwu3fcMBGZAqoYmpV0Z765NutDtf-_9lwhxW2vYel7CxOIi4CxOv2OK9MhtJ3yP7TZLmtu6TEnuijxol-PM-Xk93L-DGnv91siWFQENlj1Zl7h4SwODAuXRaPbFGYcZikoGkExJ1oPHhMiaQbN4fwAKbzfu:1mYg9g:LOv5U0CrSM3IUCFsmFszk8nDzE5Dri_B5THo6eGBF9c','2021-10-22 03:02:40.652493'),('ft6vdvm1xfqj9ttzzjnuz141br2hh3rx','.eJxVjMsOwiAQRf-FtSEUKA-X7v0GMjMMUjU0Ke3K-O_apAvd3nPOfYkE21rT1nlJUxZnYUdx-h0R6MFtJ_kO7TZLmtu6TCh3RR60y-uc-Xk53L-DCr1-6wgKfMmRgleDBWRGUyg4NlTQkiWjNHuibNBrViUXxwHHAbTj6JQV7w9B8DlV:1mWbE2:BNiQdsNkKLJoaYPhz1UGRjVzUSPfh-z9ALKLiYc6Wh4','2021-10-16 09:22:34.692064'),('ggbedqynvw4c6w9pzz2wfllk4lnnq3qb','.eJxVjMsOwiAQRf-FtSE82oFx6b7fQGYApWogKe3K-O_apAvd3nPOfYlA21rC1vMS5iTOwlhx-h2Z4iPXnaQ71VuTsdV1mVnuijxol1NL-Xk53L-DQr18awDwevSoia2njIA2w-gHAGKDV3bOqmgGZbXOHgBRgXKkARUha0ri_QHPeDaa:1mVA2S:-cSdbkNv6H2UkMHHNHrCIcZe3cpd09faJPPxS6IT__w','2021-10-12 10:08:40.243719'),('giuxmbjijukkw0i1sz9moqk4sgbcwlk4','.eJxVjDsOwjAQBe_iGllx1usPJX3OYDm7Dg4gW4qTCnF3EikFtG9m3luEuK05bC0tYWZxFeDF5XccIz1TOQg_YrlXSbWsyzzKQ5EnbXKonF630_07yLHlvTbKTzwRe6e1StE6IOzIIgFiZAa0OweH1vRADrTxyXiF2JPpEEiJzxcFaDc8:1mVDbl:lmGqJfNafRA8OJklnHwnsgyBoVR4Khh4gdg8BFzYAt8','2021-10-12 13:57:21.440066'),('gnb3zkn4kjfl99jo41h086kf6s7jkc6b','.eJxVjEEOwiAQRe_C2hCYUigu3XsGMjCDVA1NSrsy3l1JutDtf-_9lwi4byXsjdcwkzgLA-L0O0ZMD66d0B3rbZFpqds6R9kVedAmrwvx83K4fwcFW-l1BpOdtpa0mlCDSskhjQ61z4OzNBjv1eS_WgTwo2WlTWTGaA04sijeH_y4N9c:1mV7F7:hS4DWClWucbfCfgIQU41ddHA8OQrsrtVz7n9zFr_lBA','2021-10-12 07:09:33.810626'),('grf0629rf5caf5qc7wsqxoug48zc1vgq','.eJxVjE0OwiAYBe_C2hCgtFCX7j0D-f4qVQNJaVfGu2uTLnT7Zua9VIJtzWlrsqSZ1VlZdfrdEOghZQd8h3KrmmpZlxn1ruiDNn2tLM_L4f4dZGj5W0_eesccaWAXQBx56boIDkcxNPXBjj1ECl4MkAsSxAyWkZEkGo-xU-8P95U4iw:1mXOGg:GiJPNgZs0PTD_VKu6OCWOf1yodHfMXCYnYkV4K_nkbM','2021-10-18 13:44:34.795224'),('h2arnq9x505m8swlcmaxqbxngsv2dull','.eJxVjDsOwjAQBe_iGln-Jd5Q0nMGa71r4wCypTipEHeHSCmgfTPzXiLgtpaw9bSEmcVZWBCn3zEiPVLdCd-x3pqkVtdljnJX5EG7vDZOz8vh_h0U7OVbJwTniLSCMZH3FnS2rAYExnFitJDYxzw40H4CioZJZVQIkQxkC0a8Px0xOKU:1mYI9K:Zu9w1G-LzroXgtJbwUT2ZJDlQ4_NmC3DKPB1qjaweuo','2021-10-21 01:24:42.975999'),('h46ze35e2jckuzq3totc4fvdtstm7wph','.eJxVjMsOwiAQRf-FtSEUKA-X7v0GMjMMUjU0Ke3K-O_apAvd3nPOfYkE21rT1nlJUxZnYUdx-h0R6MFtJ_kO7TZLmtu6TCh3RR60y-uc-Xk53L-DCr1-6wgKfMmRgleDBWRGUyg4NlTQkiWjNHuibNBrViUXxwHHAbTj6JQV7w9B8DlV:1maEG6:gKVnxGBZCQSwKX4MbPG7XfYdMROncbtpbgYdflYQd5U','2021-10-26 09:39:42.816077'),('haz339wxhuz8qaydlphk6bun9rpnhy5o','.eJxVjDsOwjAQBe_iGllx1usPJX3OYDm7Dg4gW4qTCnF3EikFtG9m3luEuK05bC0tYWZxFeDF5XccIz1TOQg_YrlXSbWsyzzKQ5EnbXKonF630_07yLHlvTbKTzwRe6e1StE6IOzIIgFiZAa0OweH1vRADrTxyXiF2JPpEEiJzxcFaDc8:1mXBeB:EeUxUi1dtHjhLhVzZ-Db5jFb8i-PXEyNA0V9uzuu5ow','2021-10-18 00:15:59.644164'),('hcnvdx49ge55uj0b1igf63mo5vnzkbc5','.eJxVjMsOwiAUBf-FtSFQ3i7d9xvIBS5SNZCUdmX8d2nShW5n5pw38bBvxe8dV78kciWGXH5ZgPjEeoj0gHpvNLa6rUugR0JP2-ncEr5uZ_t3UKCXsQadozRcOBVDVkpqNgjLzGUDk0PlJEgrckDhrJ0kqpBGwpk2wgoeBfl8AeEbN1Q:1mVDpk:Vu1k9PVtsk9l3Gy2x9JWzEots-_jrkNNoU5pA-waSg8','2021-10-12 14:11:48.780031'),('huhpo40qxhftb9vzzofppfhrxe0nv0t1','.eJxVjMEOwiAQRP-FsyFdQNj16L3fQJayStXQpLQn47_bJj3obTLvzbxV5HUpcW0yxzGriwJSp98y8fCUupP84Hqf9DDVZR6T3hV90Kb7Kcvrerh_B4Vb2dZnCx6dBy9Aobu5LVNISNmLR3DGIIeOk4B1KMTWuGAhGyJMIVhr1OcLwgY2HA:1mZkeE:EYgasLkPssU0to60vAIf4cA7enVSepUwU1U4vXSvuDw','2021-10-25 02:02:38.811574'),('i125p0fr52eoops7fmh6ja4o8dn1f782','.eJxVjMsOwiAQRf-FtSE8Kgwu3fcbmmEGpGogKe3K-O_apAvd3nPOfYkJt7VMW0_LNLO4CK3F6XeMSI9Ud8J3rLcmqdV1maPcFXnQLsfG6Xk93L-Dgr18a4MBCAGNBqdQO5-9RkZrdWZUBiwlBYqicoGDMudI1g-GsxuyQYIs3h8AtTgd:1mXlNr:d-ETqwZaFBTmuwsKktHfoBcwBCGbNEZ7SDXxMaAYC-Q','2021-10-19 14:25:31.754669'),('i75wunvoavzb4c7n5j4nd2nml82skmkk','.eJxVjEsOAiEQBe_C2hCQT6NL956BNHQjowaSYWZlvLtOMgvdvqp6LxFxXWpcB89xInEWxovD75gwP7hthO7Ybl3m3pZ5SnJT5E6HvHbi52V3_w4qjvqtnTblRKyTKso6NL6gBq-geMycIAdKCo_ZaShQMDjLFoIHDWQc5xTE-wMXbzhw:1mWwSr:37YiiKw50iNLQQ0-uXaI7FHbcEKsCTgFdjMDN4cpZmw','2021-10-17 08:03:17.882702'),('i7izjcr4eruj66vluburyxp1w11or3hf','.eJxVjDsOwjAQBe_iGllZ_F1Kes5grb0LDiBHipMKcXeIlALaNzPvpRKtS01rlzmNrE7KenX4HTOVh7SN8J3abdJlass8Zr0peqddXyaW53l3_w4q9fqt0Vs0aAkIfXYhSzAMaIwwAAaCgUoZ3NFAQF8sxhDFBo7XTJZidE69P-aPNzc:1mWc5Y:aAmULRgAUtRpHrumgdeQSWhdXcwkP6oB4uEVGXk2w1k','2021-10-16 10:17:52.502360'),('j2mmfpj8vpe6xxnkyv7k5k92wm9z8bt5','.eJxVjDsOwjAQBe_iGllx1usPJX3OYDm7Dg4gW4qTCnF3EikFtG9m3luEuK05bC0tYWZxFeDF5XccIz1TOQg_YrlXSbWsyzzKQ5EnbXKonF630_07yLHlvTbKTzwRe6e1StE6IOzIIgFiZAa0OweH1vRADrTxyXiF2JPpEEiJzxcFaDc8:1mXZ1H:OoQyo6tm6E551bWA6VAkfb0qqbinR2R988RLPxXdsuY','2021-10-19 01:13:23.044496'),('k396amfnzzj2fkzitenfuth1ym70ezah','.eJxVjDsOwyAQBe9CHSEtYD4p0-cMaJeF4CTCkrErK3ePLblI2jczbxMR16XGtec5jiyuArS4_I6E6ZXbQfiJ7THJNLVlHkkeijxpl_eJ8_t2un8HFXvda12C9Urr4gEcKz-kjIGdB_YEWCwFh2hUImOtBj2QYrMzAylbNMaLzxf4Hjes:1mXLDd:jdY-BFlN70vNRtAJzOHXegssIq2j2ttmv674dtKRrl4','2021-10-18 10:29:13.142723'),('k4znu57vcdtsdp4mm5knaq1hp6x3145z','.eJxVjMsOwiAQRf-FtSEUKA-X7v0GMjMMUjU0Ke3K-O_apAvd3nPOfYkE21rT1nlJUxZnYUdx-h0R6MFtJ_kO7TZLmtu6TCh3RR60y-uc-Xk53L-DCr1-6wgKfMmRgleDBWRGUyg4NlTQkiWjNHuibNBrViUXxwHHAbTj6JQV7w9B8DlV:1maDfs:sucnhgvAtVM6jdFJYsI9nLIuhP5-bGI5Poc6bKue_6k','2021-10-26 09:02:16.320921'),('kpi2kw95d6aqbo047uz5ukdnd69i7oy0','.eJxVjMEOwiAQRP-FsyGL2AU8eu83kIUFqRqalPZk_Hdp0oPeJjPvzVt42tbit5YWP7G4CidOv12g-Ex1H_hB9T7LONd1mYLcEXmsTY4zp9ftYP8OCrXSbQsYFUPuxpmVTYZzRJ0tRutYJa0HcmCyAYeDQswXpXtCSMBBZSDx-QLv8Dev:1mVN0O:2iBybJgd1uJ0D6B0fdU9pZbo7Fbp5lL4WQlv067f4WI','2021-10-12 23:59:24.636005'),('kpvofnttb69zd83pqw2jmz17qdz7ougu','.eJxVjDsOwjAQBe_iGln-re1Q0nOGaNe74ABKpDipEHdHllJA-2bmvdWI-1bHvck6TqzOykZ1-h0Jy1PmTviB833RZZm3dSLdFX3Qpq8Ly-tyuH8HFVvt9TCUWAQlWZcgUPJMsZAJbBAhGHMTZiouD-CAQ_Auok2QMxN450V9viAMOC4:1mWbX0:-0BfsshZihDWAdp9XqYTLwKyoVhqjNGq2pPq_WbC1dw','2021-10-16 09:42:10.219337'),('l4vlli08d20t4m2bwiqermuyeervneyh','.eJxVjEEOgjAQRe_StWnKFGjr0j1naGamg0VNSSisjHcXEha6_e-9_1YRtzXHrcoSp6SuCoK6_I6E_JRykPTAcp81z2VdJtKHok9a9TAned1O9-8gY8173fsAjo2HDtCKEzLcMsDYkiebAtoeSQJ537jRGCH2yXTY2F0GFkD1-QII9TiH:1mVE1C:cWj-Q0LYcOJ1adC2wBkCsnvsp0YVHQqv_64mFjfG0IE','2021-10-12 14:23:38.808487'),('loh9e13bgqnbq2finup6dm0surk4km7q','.eJxVjDsOwjAUBO_iGln-KjYlPWeI9vnZOIAcKZ8q4u4kUgpod2Z2Ez3WpfbrnKd-YHEVOojL70hIr9wOwk-0xyjT2JZpIHko8qSzvI-c37fT_TuomOtegywUU4kORkekaI3pgo9es2LVweXgSohMybhE7MkGeKu5ADuwTny-GWk4jg:1maT5c:-rKeiDeAeDa6uexY1Q9WiG_Ass14lANDfXtPlJZti0w','2021-10-27 01:29:52.630944'),('ml44nqhos946ktwi536imkyf28ddiczs','.eJxVjMsOwiAQRf-FtSE82oFx6b7fQGYApWogKe3K-O_apAvd3nPOfYlA21rC1vMS5iTOwlhx-h2Z4iPXnaQ71VuTsdV1mVnuijxol1NL-Xk53L-DQr18awDwevSoia2njIA2w-gHAGKDV3bOqmgGZbXOHgBRgXKkARUha0ri_QHPeDaa:1maHt9:zB925y0b9BFl2fgMCo66BSjwxa1BJnDVnHwXJ5kSeVA','2021-10-26 13:32:15.551197'),('mod0ke3k7imd8xqqo9bp7jdr5t1pcgor','.eJxVjEEOwiAQRe_C2hBhgA4u3fcMZGCoVA0kpV0Z765NutDtf-_9lwi0rSVsPS9hZnERWonT7xgpPXLdCd-p3ppMra7LHOWuyIN2OTbOz-vh_h0U6uVbT5w5asAhWWQV0aJ3UWmfrDHKGAav_JS8M-hQM5DDTACk_QD5zA7E-wP9_zdi:1mZbKh:39Ml0OifwP2-QR5Qgs11kzOJrWOlW1TfOE_uLrN16GY','2021-10-24 16:05:51.075290'),('mt3v3brnmjw16tmazsl8pbe8jgw8gcjp','.eJxVjDsOwjAQBe_iGln-fyjpOYO13rVxADlSnFSIu0OkFNC-mXkvlmBbW9pGWdJE7MyUYaffMQM-St8J3aHfZo5zX5cp813hBx38OlN5Xg7376DBaN9ahhAQPDk0gmLNxdsKaHW1MetSnbIQFVIBb43Q0Tj0UotIUQZrnKns_QEbczf1:1mX1qz:NGdKdKmp5Cj2uylP6_JnmbX3_K-M9aLI7fdCyUc3yHc','2021-10-17 13:48:33.690849'),('mvqhs1tm4n5tsjk8vwnzpifwvurnodbp','.eJxVjDEOwyAQBP9CHSEO0NmkTJ83oAOO4CQCydiVlb_HllwkzRY7s7sJT-tS_Np59lMSVwFWXH7LQPHF9SDpSfXRZGx1macgD0WetMt7S_y-ne7fQaFe9rUiTkYPI6JTZAIAO1bRaDtasgpZA-SsU0LgPexglEbIGpkpBHRRfL71wTfx:1mYTyY:WvoqYUcOBU5ti6p9LhQAg4OS0lQPfKMHtBkRORTTfwg','2021-10-21 14:02:22.168269'),('ntcy9asin0j29nuaeqtbhhjp0qutl2ks','.eJxVjDsOwyAQRO9CHSF-NiZlep8BLbsQnEQgGbuKcvdgyUUy5bw382Ye9i37vcXVL8SuTCp2-S0D4DOWg9ADyr1yrGVbl8APhZ-08blSfN1O9-8gQ8t9rayOFs2YcDSKogaUPQYUiQkSqMFhkCSMM5KcFnYIrltOT4mQusA-XwU4OIQ:1mVEir:2JEuif8kybdvSiyUs1Wtdkt72o5e64d5vXlPH7DtPpU','2021-10-12 15:08:45.313126'),('o75grkcaxxein0t3hsiw8fxt6i09p5qe','.eJxVjDsOwjAQBe_iGln-fyjpOYO13rVxADlSnFSIu0OkFNC-mXkvlmBbW9pGWdJE7MyUYaffMQM-St8J3aHfZo5zX5cp813hBx38OlN5Xg7376DBaN9ahhAQPDk0gmLNxdsKaHW1MetSnbIQFVIBb43Q0Tj0UotIUQZrnKns_QEbczf1:1mWbz3:xK9D2pwGzdTDz89B8AUyEbrVIsLI26bQuokIp6zqikI','2021-10-16 10:11:09.375522'),('pejny0p4ne8zovsxduw2x29zyhs9b5s0','.eJxVjMsOwiAQRf-FtSE8Kgwu3fcbmmEGpGogKe3K-O_apAvd3nPOfYkJt7VMW0_LNLO4CK3F6XeMSI9Ud8J3rLcmqdV1maPcFXnQLsfG6Xk93L-Dgr18a4MBCAGNBqdQO5-9RkZrdWZUBiwlBYqicoGDMudI1g-GsxuyQYIs3h8AtTgd:1mXl9h:_yfI3dJHVkliKkEYALArBHV_cop9ljGisk5ZBCL4hiY','2021-10-19 14:10:53.175802'),('pq5m3ja4224c5z0cfye2bxeygslk9etp','.eJxVjMEOgjAQRP-lZ9MIW9rFo3e_odlltxY1JaFwMv67kHDQ48x7M28TaV1yXKvOcRRzMXA2p9-SaXhq2Yk8qNwnO0xlmUe2u2IPWu1tEn1dD_fvIFPN25oIBJJnSSE4FRF0ve_BKypw1wBiYmWnbfCYus3Bxm8JQJWxJTWfLyYJOIs:1mVDMs:4UlaOJsA-IIljOtRJuYxhGxupB_7jW8Ib6vcxREbn7s','2021-10-12 13:41:58.578286'),('pwhmxci9lqsfq8xrn61myp51qw4td781','.eJxVjDsOwjAQBe_iGln-re1Q0nOGaNe74ABKpDipEHdHllJA-2bmvdWI-1bHvck6TqzOykZ1-h0Jy1PmTviB833RZZm3dSLdFX3Qpq8Ly-tyuH8HFVvt9TCUWAQlWZcgUPJMsZAJbBAhGHMTZiouD-CAQ_Auok2QMxN450V9viAMOC4:1mWbXA:lXPY0Ar17C6Lw3l_rlr6vE1yUudvG3xbOZxTYrhlNK0','2021-10-16 09:42:20.035044'),('qu7trcthfs3vmvfga4hncrjxkmwu14im','.eJxVjMsOwiAQRf-FtSGUxyAu3fcbyMwAUjU0Ke3K-O_apAvd3nPOfYmI21rj1vMSpyQuwnhx-h0J-ZHbTtId222WPLd1mUjuijxol-Oc8vN6uH8HFXv91t4k5RNgCZqLG0ABQfGKQDujDSjWaNk6G5g1EZKzA4fskc_GAxoQ7w_9dzfO:1mZ0Z4:otRsuJuAIAUTloTR5bN0582Rnubxyjxa5KYRp9iIEPg','2021-10-23 00:50:14.870096'),('rdf2aiw4ebkkzgqouo485c5cvho1d1bm','.eJxVjMEOgjAQRP-lZ9MIW9rFo3e_odlltxY1JaFwMv67kHDQ48x7M28TaV1yXKvOcRRzMXA2p9-SaXhq2Yk8qNwnO0xlmUe2u2IPWu1tEn1dD_fvIFPN25oIBJJnSSE4FRF0ve_BKypw1wBiYmWnbfCYus3Bxm8JQJWxJTWfLyYJOIs:1mWbdR:UfZFkGqLvi3aj7Sz-4a-CGnhvUU9zbApQ-hZyKUncr8','2021-10-16 09:48:49.339468'),('riku5erxrdcwom5cqdauvild423zy300','.eJxVjMEOgjAQRP-lZ9MIW9rFo3e_odlltxY1JaFwMv67kHDQ48x7M28TaV1yXKvOcRRzMXA2p9-SaXhq2Yk8qNwnO0xlmUe2u2IPWu1tEn1dD_fvIFPN25oIBJJnSSE4FRF0ve_BKypw1wBiYmWnbfCYus3Bxm8JQJWxJTWfLyYJOIs:1mXHfn:Lr1bQ9w85wRqMZ5-XxZVO1Inx18lTzHwPtaEhPMzQI4','2021-10-18 06:42:03.566366'),('s39ihfludlf0fccfwzasy2t3qi03xyiw','.eJxVjMsOwiAQRf-FtSEjj1Jcuu83kBkGpGogKe3K-O_apAvd3nPOfYmA21rC1tMSZhYXcQZx-h0J4yPVnfAd663J2Oq6zCR3RR60y6lxel4P9--gYC_fOhPqzGYwichFUISOrVcaLTqf0I7aOpU1cDQ4KPRgAUZSyWhnAIwX7w8gTDe-:1mVb7j:qYCZqaIkfELjbI1Ey-afJoWyzu6A8ho-EKBbMkt87n8','2021-10-13 15:03:55.118852'),('scdwy3q9h8wp7obnzdgfr1mz2l28gfat','.eJxVjEEOwiAQRe_C2hCGIgwu3fcMBGZAqoYmpV0Z765NutDtf-_9lwhxW2vYel7CxOIi4CxOv2OK9MhtJ3yP7TZLmtu6TEnuijxol-PM-Xk93L-DGnv91siWFQENlj1Zl7h4SwODAuXRaPbFGYcZikoGkExJ1oPHhMiaQbN4fwAKbzfu:1mUrbw:h5n6mg3siJJOMpnx9v9v6JhYI8ePBG2cY9G_9Ptjy2Q','2021-10-11 14:28:04.287596'),('se9dvqcjf9cgz8dpcayndupi26jbc6bk','.eJxVjMEOwiAQRP-FsyGL2AU8eu83kIUFqRqalPZk_Hdp0oPeJjPvzVt42tbit5YWP7G4CidOv12g-Ex1H_hB9T7LONd1mYLcEXmsTY4zp9ftYP8OCrXSbQsYFUPuxpmVTYZzRJ0tRutYJa0HcmCyAYeDQswXpXtCSMBBZSDx-QLv8Dev:1mWaGG:cnAG8Di-cdWPmerzF8K3FeJZmq9RAc38kvd8WNN-bdg','2021-10-16 08:20:48.196484'),('sfyufpkk6dy4pfu4cpr8oobmlyuvcq64','.eJxVjEEOgjAQRe_StWk6ltLBpXvO0ExnpoIaSCisjHdXEha6_e-9_zKJtnVIW9UljWIuxntz-h0z8UOnncidpttseZ7WZcx2V-xBq-1n0ef1cP8OBqrDt9ZCUSG3xXUNYhQKyrk7Y2DnC3MpktscMSIooEQATy01HAAQXUE07w8wMDh-:1mVDmZ:Nw6z-x9jqkaR0DHCHddUyzsSQ-elufxc2pEwbrdOj00','2021-10-12 14:08:31.490609'),('t2ajgzr2lcndhpjr65ddsx7lrd3ywak7','.eJxVjDsOwjAQBe_iGln-fyjpOYO13rVxADlSnFSIu0OkFNC-mXkvlmBbW9pGWdJE7MyUYaffMQM-St8J3aHfZo5zX5cp813hBx38OlN5Xg7376DBaN9ahhAQPDk0gmLNxdsKaHW1MetSnbIQFVIBb43Q0Tj0UotIUQZrnKns_QEbczf1:1mVDov:mzD3A24GHD5xfcL1KRGUk6rl1E7c8Pr_l95gimZ4VLQ','2021-10-12 14:10:57.118235'),('tdpl6gebzhtcu5h144gnlph1ke6vu2u5','.eJxVjEsOwjAMBe-SNYrckDo1S_Y9Q-XEDimgVOpnhbg7VOoCtm9m3ssMvK1l2Badh1HMxTgwp98xcnpo3Yncud4mm6a6zmO0u2IPuth-En1eD_fvoPBSvjV1IM5jDlGooSyYQCFlZdfmGDw0gpod-TN7AiRgzdi1GLDzwbUpmfcHDsc37Q:1mVDeG:irw7s1ruh81NQDWtillOP64DtRygkpsqU5IwkNldHU4','2021-10-12 13:59:56.197761'),('ttm1m8bz7cnizjix8r255g3chee6648s','.eJxVjMsOwiAQRf-FtSE82oFx6b7fQGYApWogKe3K-O_apAvd3nPOfYlA21rC1vMS5iTOwlhx-h2Z4iPXnaQ71VuTsdV1mVnuijxol1NL-Xk53L-DQr18awDwevSoia2njIA2w-gHAGKDV3bOqmgGZbXOHgBRgXKkARUha0ri_QHPeDaa:1mWbfF:xHraKjhQcFrEnyPEOCEcDwzR2Jw9-v8BjkY4isGgPfI','2021-10-16 09:50:41.553000'),('u933sflbh52s84p71dsx9hbarllcmww4','.eJxVjEEOwiAUBe_C2hBogY8u3fcMzeNDpWogKe3KeHdt0oVu38y8lxixrXncWlrGOYqLcOL0uwXwI5UdxDvKrUquZV3mIHdFHrTJocb0vB7u30FGy99aw5L3ismZXnnNBgGTRqLUMZSHsZGCNs71ShPH80QIxDahUwyvnHh_ANzMN-4:1mXF6s:AmN9j-VNCwOigeFosKBj4pbGeP_jrqMWZ0SRKy9SNb4','2021-10-18 03:57:50.614010'),('uiovriflai787w49jucz52bgy4fpvibt','.eJxVjMEOwiAQRP-FsyGL2AU8eu83kIUFqRqalPZk_Hdp0oPeJjPvzVt42tbit5YWP7G4CidOv12g-Ex1H_hB9T7LONd1mYLcEXmsTY4zp9ftYP8OCrXSbQsYFUPuxpmVTYZzRJ0tRutYJa0HcmCyAYeDQswXpXtCSMBBZSDx-QLv8Dev:1mVDy0:lul-Kw5pjuDwa6lDlxxigYZN-j_z4YtLky8echZ8MHE','2021-10-12 14:20:20.015820'),('up72bglndw4e6quiydlwy6s7ehoeo1ux','.eJxVjDsOwyAQBe9CHSEtYD4p0-cMaJeF4CTCkrErK3ePLblI2jczbxMR16XGtec5jiyuArS4_I6E6ZXbQfiJ7THJNLVlHkkeijxpl_eJ8_t2un8HFXvda12C9Urr4gEcKz-kjIGdB_YEWCwFh2hUImOtBj2QYrMzAylbNMaLzxf4Hjes:1mVDol:SD_3klFUs_HQkl2sEQOE077sxWNBG69UIn56Rfa0euo','2021-10-12 14:10:47.414579'),('uwzifsccol3bu6818rfzbxxf1vsfq0b1','.eJxVjMEOwiAQRP-FsyGL2AU8eu83kIUFqRqalPZk_Hdp0oPeJjPvzVt42tbit5YWP7G4CidOv12g-Ex1H_hB9T7LONd1mYLcEXmsTY4zp9ftYP8OCrXSbQsYFUPuxpmVTYZzRJ0tRutYJa0HcmCyAYeDQswXpXtCSMBBZSDx-QLv8Dev:1mVEEc:wh1UAiYjD9Mcb-URdGFXET64KyxUmyzKalDak-kU_RQ','2021-10-12 14:37:30.691129'),('vtkepzox5pnpwm4wn1ih08gmsig5z09f','.eJxVjEEOwiAQRe_C2pA6DAgu3XsGMjCDVA1NSrsy3l2bdKHb_977LxVpXWpcu8xxZHVWR3X43RLlh7QN8J3abdJ5ass8Jr0peqddXyeW52V3_w4q9fqtcwBIQg4AJFkjxjvGkmXwA7KhYsUWZ04iEIJDLxkdBTY-IDlLaNX7A-49N-k:1mURS6:xw1v8cIp1oUv73889WQzTmsp8O45fj0cPnQ7GX1-ju0','2021-10-10 10:32:10.127353'),('vzwysl2ocpdus4ijfrd9p9ktexubim38','.eJxVjEEOwiAUBe_C2hBogY8u3fcMzeNDpWogKe3KeHdt0oVu38y8lxixrXncWlrGOYqLcOL0uwXwI5UdxDvKrUquZV3mIHdFHrTJocb0vB7u30FGy99aw5L3ismZXnnNBgGTRqLUMZSHsZGCNs71ShPH80QIxDahUwyvnHh_ANzMN-4:1mVDpY:SQ1kMzYP0o9KaeTa5S8apVpkxZxTugfzgbBo6TaGZ8o','2021-10-12 14:11:36.283668'),('w0pjtww4k24pohwhyiq6mmpz3gry14ma','.eJxVjMsOwiAQRf-FtSE8Kgwu3fcbmmEGpGogKe3K-O_apAvd3nPOfYkJt7VMW0_LNLO4CK3F6XeMSI9Ud8J3rLcmqdV1maPcFXnQLsfG6Xk93L-Dgr18a4MBCAGNBqdQO5-9RkZrdWZUBiwlBYqicoGDMudI1g-GsxuyQYIs3h8AtTgd:1mV8XL:jxMyIZQr6QuQELbL-SZZoxqVwGoWn1JvUcDcRlRKr4U','2021-10-12 08:32:27.555537'),('wh161nfya161kadxrbftk01mecbu7qi2','.eJxVjMEOwiAQRP-FsyGL2AU8eu83kIUFqRqalPZk_Hdp0oPeJjPvzVt42tbit5YWP7G4CidOv12g-Ex1H_hB9T7LONd1mYLcEXmsTY4zp9ftYP8OCrXSbQsYFUPuxpmVTYZzRJ0tRutYJa0HcmCyAYeDQswXpXtCSMBBZSDx-QLv8Dev:1mVCRE:Sy1_5H5lMT_3ZzItYd5CJkl1_pWSY1Wuog_OR98cJ44','2021-10-12 12:42:24.666044'),('y60tn734735njcyhbjtq2bts2t4x0z0r','.eJxVjDsOwjAQBe_iGln-re1Q0nOGaNe74ABKpDipEHdHllJA-2bmvdWI-1bHvck6TqzOykZ1-h0Jy1PmTviB833RZZm3dSLdFX3Qpq8Ly-tyuH8HFVvt9TCUWAQlWZcgUPJMsZAJbBAhGHMTZiouD-CAQ_Auok2QMxN450V9viAMOC4:1mVDp9:tCB2e_BGhx4KYilIlzpAIDcFfoiX0qASRyvUN-5Rnow','2021-10-12 14:11:11.662173'),('ypnat75l65g32t4dvagqh8quq1kgn0rk','.eJxVjE0OwiAYBe_C2hCgtFCX7j0D-f4qVQNJaVfGu2uTLnT7Zua9VIJtzWlrsqSZ1VlZdfrdEOghZQd8h3KrmmpZlxn1ruiDNn2tLM_L4f4dZGj5W0_eesccaWAXQBx56boIDkcxNPXBjj1ECl4MkAsSxAyWkZEkGo-xU-8P95U4iw:1mYO4T:fcIPt7xKykFuqTH85spHYaF-uelYHFwCLxyjt380LbY','2021-10-21 07:44:05.375497'),('z2kezlofj6wq119sgwstmuymqfjonx6x','.eJxVjDsOwjAQBe_iGlmxvesPJX3OYHn9wQHkSHFSIe5OIqWA9s3MezMftrX6refFT4ldmUR2-R0pxGduB0mP0O4zj3Nbl4n4ofCTdj7OKb9up_t3UEOvew2Qo9NCIDmnUtROG6msNUYCgYtglaViCiAOFl1RBYUMWe0yxCEXYp8v2UU3Fw:1mWbv8:x-t_-8i0PPQreiWLPthZsFjr7jozHkzCW2nipPepWo4','2021-10-16 10:07:06.820571'),('z41qcydpzwvir5nylksbm9fws52hf2dj','.eJxVjMsOwiAQRf-FtSE82oFx6b7fQGYApWogKe3K-O_apAvd3nPOfYlA21rC1vMS5iTOwlhx-h2Z4iPXnaQ71VuTsdV1mVnuijxol1NL-Xk53L-DQr18awDwevSoia2njIA2w-gHAGKDV3bOqmgGZbXOHgBRgXKkARUha0ri_QHPeDaa:1mWzvE:xkyNTd60LKVTbWFQlqq8jd3xc7TutwKFzyKPIxIcrew','2021-10-17 11:44:48.022469'),('z5x1csxj7vl6bjmqilsamxj5u4iigu1d','.eJxVjEEOwiAQRe_C2hCGIgwu3fcMBGZAqoYmpV0Z765NutDtf-_9lwhxW2vYel7CxOIi4CxOv2OK9MhtJ3yP7TZLmtu6TEnuijxol-PM-Xk93L-DGnv91siWFQENlj1Zl7h4SwODAuXRaPbFGYcZikoGkExJ1oPHhMiaQbN4fwAKbzfu:1maJXy:9TlzLIch-Yhbz1Y2QNgx1xnoZ58YchmyP8ff6TUEw_A','2021-10-26 15:18:30.866963');
/*!40000 ALTER TABLE `django_session` ENABLE KEYS */;
UNLOCK TABLES;

--
-- Table structure for table `lessonmanagement_classyear`
--

DROP TABLE IF EXISTS `lessonmanagement_classyear`;
/*!40101 SET @saved_cs_client     = @@character_set_client */;
/*!40101 SET character_set_client = utf8 */;
CREATE TABLE `lessonmanagement_classyear` (
  `id` bigint(20) NOT NULL AUTO_INCREMENT,
  `title` varchar(1) NOT NULL,
  `startyear_id` bigint(20) NOT NULL,
  PRIMARY KEY (`id`),
  UNIQUE KEY `lessonmanagement_classyear_title_startyear_id_81a7309c_uniq` (`title`,`startyear_id`),
  KEY `lessonmanagement_cla_startyear_id_d1f7cea4_fk_lessonman` (`startyear_id`),
  CONSTRAINT `lessonmanagement_cla_startyear_id_d1f7cea4_fk_lessonman` FOREIGN KEY (`startyear_id`) REFERENCES `lessonmanagement_schoolyear` (`id`)
) ENGINE=InnoDB AUTO_INCREMENT=17 DEFAULT CHARSET=utf8;
/*!40101 SET character_set_client = @saved_cs_client */;

--
-- Dumping data for table `lessonmanagement_classyear`
--

LOCK TABLES `lessonmanagement_classyear` WRITE;
/*!40000 ALTER TABLE `lessonmanagement_classyear` DISABLE KEYS */;
INSERT INTO `lessonmanagement_classyear` VALUES (1,'A',1),(5,'A',2),(9,'A',3),(13,'A',4),(2,'B',1),(6,'B',2),(10,'B',3),(14,'B',4),(3,'C',1),(7,'C',2),(11,'C',3),(15,'C',4),(4,'D',1),(8,'D',2),(12,'D',3),(16,'D',4);
/*!40000 ALTER TABLE `lessonmanagement_classyear` ENABLE KEYS */;
UNLOCK TABLES;

--
-- Table structure for table `lessonmanagement_classyearmanager`
--

DROP TABLE IF EXISTS `lessonmanagement_classyearmanager`;
/*!40101 SET @saved_cs_client     = @@character_set_client */;
/*!40101 SET character_set_client = utf8 */;
CREATE TABLE `lessonmanagement_classyearmanager` (
  `id` bigint(20) NOT NULL AUTO_INCREMENT,
  `startdate` date DEFAULT NULL,
  `enddate` date DEFAULT NULL,
  `is_active` tinyint(1) NOT NULL,
  `classyear_id` bigint(20) NOT NULL,
  `schoolyear_id` bigint(20) NOT NULL,
  `teacher_id` bigint(20) NOT NULL,
  PRIMARY KEY (`id`),
  KEY `lessonmanagement_cla_classyear_id_2841eefd_fk_lessonman` (`classyear_id`),
  KEY `lessonmanagement_cla_schoolyear_id_59e9cc86_fk_lessonman` (`schoolyear_id`),
  KEY `lessonmanagement_cla_teacher_id_8e852e62_fk_lessonman` (`teacher_id`),
  CONSTRAINT `lessonmanagement_cla_classyear_id_2841eefd_fk_lessonman` FOREIGN KEY (`classyear_id`) REFERENCES `lessonmanagement_classyear` (`id`),
  CONSTRAINT `lessonmanagement_cla_schoolyear_id_59e9cc86_fk_lessonman` FOREIGN KEY (`schoolyear_id`) REFERENCES `lessonmanagement_schoolyear` (`id`),
  CONSTRAINT `lessonmanagement_cla_teacher_id_8e852e62_fk_lessonman` FOREIGN KEY (`teacher_id`) REFERENCES `lessonmanagement_teacher` (`id`)
) ENGINE=InnoDB DEFAULT CHARSET=utf8;
/*!40101 SET character_set_client = @saved_cs_client */;

--
-- Dumping data for table `lessonmanagement_classyearmanager`
--

LOCK TABLES `lessonmanagement_classyearmanager` WRITE;
/*!40000 ALTER TABLE `lessonmanagement_classyearmanager` DISABLE KEYS */;
/*!40000 ALTER TABLE `lessonmanagement_classyearmanager` ENABLE KEYS */;
UNLOCK TABLES;

--
-- Table structure for table `lessonmanagement_groupsubject`
--

DROP TABLE IF EXISTS `lessonmanagement_groupsubject`;
/*!40101 SET @saved_cs_client     = @@character_set_client */;
/*!40101 SET character_set_client = utf8 */;
CREATE TABLE `lessonmanagement_groupsubject` (
  `id` bigint(20) NOT NULL AUTO_INCREMENT,
  `title` varchar(50) NOT NULL,
  `description` varchar(200) NOT NULL,
  `cover` varchar(100) DEFAULT NULL,
  PRIMARY KEY (`id`)
) ENGINE=InnoDB AUTO_INCREMENT=29 DEFAULT CHARSET=utf8;
/*!40101 SET character_set_client = @saved_cs_client */;

--
-- Dumping data for table `lessonmanagement_groupsubject`
--

LOCK TABLES `lessonmanagement_groupsubject` WRITE;
/*!40000 ALTER TABLE `lessonmanagement_groupsubject` DISABLE KEYS */;
INSERT INTO `lessonmanagement_groupsubject` VALUES (1,'Ngữ văn','',''),(2,'Lịch sử','',''),(3,'Địa lý','',''),(4,'Lịch sử & Địa lý','',''),(5,'Giáo dục công dân','',''),(6,'Tiếng Anh','',''),(7,'Toán','',''),(8,'Vật Lý','',''),(9,'Hoá học','',''),(10,'Sinh học','',''),(11,'Khoa học tự nhiên','',''),(12,'Công nghệ','',''),(13,'Tin học','',''),(14,'Thể dục','',''),(15,'Âm nhạc','',''),(16,'Mỹ thuật','',''),(17,'HĐ tập thể','',''),(18,'GDĐP','',''),(19,'HĐGDNGLL','',''),(20,'HĐGDTNHN','',''),(21,'Sinh học','',''),(22,'KHTN-Hóa','',''),(23,'KHTN - Sinh','',''),(24,'KHTN - Vật lý','',''),(25,'CTrGDĐP','',''),(26,'CTrGDĐP','',''),(27,'HĐTN-HN','',''),(28,'HĐTN-HN','','');
/*!40000 ALTER TABLE `lessonmanagement_groupsubject` ENABLE KEYS */;
UNLOCK TABLES;

--
-- Table structure for table `lessonmanagement_groupsubjectmanager`
--

DROP TABLE IF EXISTS `lessonmanagement_groupsubjectmanager`;
/*!40101 SET @saved_cs_client     = @@character_set_client */;
/*!40101 SET character_set_client = utf8 */;
CREATE TABLE `lessonmanagement_groupsubjectmanager` (
  `id` bigint(20) NOT NULL AUTO_INCREMENT,
  `startdate` date DEFAULT NULL,
  `enddate` date DEFAULT NULL,
  `is_active` tinyint(1) NOT NULL,
  `role` varchar(10) NOT NULL,
  `group_id` bigint(20) NOT NULL,
  `schoolyear_id` bigint(20) NOT NULL,
  `teacher_id` bigint(20) NOT NULL,
  PRIMARY KEY (`id`),
  KEY `lessonmanagement_gro_group_id_202e8a72_fk_lessonman` (`group_id`),
  KEY `lessonmanagement_gro_schoolyear_id_9f49cb5e_fk_lessonman` (`schoolyear_id`),
  KEY `lessonmanagement_gro_teacher_id_193a4d52_fk_lessonman` (`teacher_id`),
  CONSTRAINT `lessonmanagement_gro_group_id_202e8a72_fk_lessonman` FOREIGN KEY (`group_id`) REFERENCES `lessonmanagement_groupsubject` (`id`),
  CONSTRAINT `lessonmanagement_gro_schoolyear_id_9f49cb5e_fk_lessonman` FOREIGN KEY (`schoolyear_id`) REFERENCES `lessonmanagement_schoolyear` (`id`),
  CONSTRAINT `lessonmanagement_gro_teacher_id_193a4d52_fk_lessonman` FOREIGN KEY (`teacher_id`) REFERENCES `lessonmanagement_teacher` (`id`)
) ENGINE=InnoDB DEFAULT CHARSET=utf8;
/*!40101 SET character_set_client = @saved_cs_client */;

--
-- Dumping data for table `lessonmanagement_groupsubjectmanager`
--

LOCK TABLES `lessonmanagement_groupsubjectmanager` WRITE;
/*!40000 ALTER TABLE `lessonmanagement_groupsubjectmanager` DISABLE KEYS */;
/*!40000 ALTER TABLE `lessonmanagement_groupsubjectmanager` ENABLE KEYS */;
UNLOCK TABLES;

--
-- Table structure for table `lessonmanagement_lesson`
--

DROP TABLE IF EXISTS `lessonmanagement_lesson`;
/*!40101 SET @saved_cs_client     = @@character_set_client */;
/*!40101 SET character_set_client = utf8 */;
CREATE TABLE `lessonmanagement_lesson` (
  `id` bigint(20) NOT NULL AUTO_INCREMENT,
  `title` varchar(200) NOT NULL,
  `lesson_path` varchar(100) DEFAULT NULL,
  `upload_time` datetime(6) DEFAULT NULL,
  `edit_time` datetime(6) DEFAULT NULL,
  `description` varchar(200) DEFAULT NULL,
  `number_lesson` int(11) NOT NULL,
  `week` int(11) NOT NULL,
  `status` varchar(10) NOT NULL,
  `check_date` datetime(6) NOT NULL,
  `note_checker` varchar(200) NOT NULL,
  `checker_id` bigint(20) DEFAULT NULL,
  `schoolyear_id` bigint(20) NOT NULL,
  `subject_id` bigint(20) NOT NULL,
  `teacher_id` bigint(20) NOT NULL,
  PRIMARY KEY (`id`),
  UNIQUE KEY `lessonmanagement_lesson_subject_id_number_lesson_2434faca_uniq` (`subject_id`,`number_lesson`,`teacher_id`,`schoolyear_id`),
  KEY `lessonmanagement_les_checker_id_929a49eb_fk_lessonman` (`checker_id`),
  KEY `lessonmanagement_les_schoolyear_id_acf3d186_fk_lessonman` (`schoolyear_id`),
  KEY `lessonmanagement_les_teacher_id_b62044fb_fk_lessonman` (`teacher_id`),
  CONSTRAINT `lessonmanagement_les_checker_id_929a49eb_fk_lessonman` FOREIGN KEY (`checker_id`) REFERENCES `lessonmanagement_teacher` (`id`),
  CONSTRAINT `lessonmanagement_les_schoolyear_id_acf3d186_fk_lessonman` FOREIGN KEY (`schoolyear_id`) REFERENCES `lessonmanagement_schoolyear` (`id`),
  CONSTRAINT `lessonmanagement_les_subject_id_78ceb86f_fk_lessonman` FOREIGN KEY (`subject_id`) REFERENCES `lessonmanagement_subjectdetail` (`id`),
  CONSTRAINT `lessonmanagement_les_teacher_id_b62044fb_fk_lessonman` FOREIGN KEY (`teacher_id`) REFERENCES `lessonmanagement_teacher` (`id`)
) ENGINE=InnoDB AUTO_INCREMENT=1083 DEFAULT CHARSET=utf8;
/*!40101 SET character_set_client = @saved_cs_client */;

--
-- Dumping data for table `lessonmanagement_lesson`
--

LOCK TABLES `lessonmanagement_lesson` WRITE;
/*!40000 ALTER TABLE `lessonmanagement_lesson` DISABLE KEYS */;
INSERT INTO `lessonmanagement_lesson` VALUES (6,'Giáo án Văn 7 từ tiết 1 đến tiết 4','lessons/loanntk.c2as@nghean.edu.vn/van-7-tuan-1doc.doc','2021-09-28 14:24:49.658678',NULL,'',1,1,'acept','2021-10-10 08:51:38.491899','',14,1,2,18),(8,'So hoc Tiet 1: Bai 1: Tap hop','lessons/truongbx.c2as@nghean.edu.vn/so-hoc-tiet-1-bai-1-tap-hopdoc.doc','2021-09-28 14:25:02.227616',NULL,'',1,1,'acept','2021-10-07 08:18:00.553689','',7,1,20,37),(12,'Tiết 1 - Bài 1. Thông tin và dữ liệu','lessons/quynhntn.as@nghean.edu.vn/bai1_thongtindulieupptx.pptx','2021-09-28 14:28:25.074255',NULL,'Bài 1. Thông tin và dữ liệu',1,1,'acept','2021-10-07 14:28:49.271404','',7,1,34,32),(15,'Tiết 1 - Bài 1 - Đại số 8 - Nhân đơn thức đa thức','lessons/tuanta.c2as@nghean.edu.vn/1-nhan-don-thuc-voi-da-thucppt.ppt','2021-09-28 14:29:40.022556',NULL,'',1,1,'acept','2021-10-07 14:18:22.977413','',7,1,22,35),(17,'Bài 1 - Tiết 1 Tự hào về truyền thống gia đình dòng họ','lessons/oanhnt.gdas@nghean.edu.vn/tiet-12-gdcd6doc.doc','2021-09-28 14:29:58.714195',NULL,'',1,1,'acept','2021-10-10 08:58:14.277699','',14,1,12,25),(28,'So hoc Tiet 2: Bai 2: Cach ghi so tu nhien','lessons/truongbx.c2as@nghean.edu.vn/so-hoc-tiet-2-bai-2-cach-ghi-so-tu-nhiendoc.doc','2021-09-28 14:33:01.030379',NULL,'',2,1,'acept','2021-10-07 14:17:56.646828','',7,1,20,37),(29,'So hoc - Tiet 3 - Bai 3 - Thu tu trong tap hop so tu nhien','lessons/truongbx.c2as@nghean.edu.vn/so-hoc-tiet-3-bai-3-thu-tu-trong-tap-hop-so-tu-nhiendoc.doc','2021-09-28 14:34:00.742395',NULL,'',3,1,'acept','2021-10-07 14:17:32.349458','',7,1,20,37),(33,'Giáo án Văn 9 từ tiết 1 đến tiết 5','lessons/loanntk.c2as@nghean.edu.vn/tuan-1-van-9doc.doc','2021-09-28 14:36:44.445047',NULL,'',1,1,'acept','2021-10-10 08:51:27.428188','',14,1,4,18),(36,'Anh 7','lessons/minhnt.c2as@nghean.edu.vn/period-123doc.doc','2021-09-28 14:51:54.363552',NULL,'',1,1,'acept','2021-10-10 01:18:36.937195','',13,1,17,20),(43,'cổng trường mở ra','lessons/hantt.c2as@nghean.edu.vn/buoi-1docx.docx','2021-09-28 15:16:59.350594',NULL,'',1,1,'pending','2021-09-28 15:16:59.780248','',NULL,1,2,12),(51,'Tiết 1 số học 6','lessons/hadtn.c2as@nghean.edu.vn/tiet-1-so-hoc-6docx.docx','2021-09-29 02:07:12.733915',NULL,'',1,1,'acept','2021-10-07 14:17:08.721101','',7,1,20,11),(52,'Tiết 1 Đại số 7','lessons/hadtn.c2as@nghean.edu.vn/tiet-1-ai-so-7docx_c9s1s5L.docx','2021-09-29 02:14:14.851571',NULL,'',1,1,'acept','2021-10-07 14:16:44.154682','',7,1,21,11),(53,'Tiết 2 Đại số 7','lessons/hadtn.c2as@nghean.edu.vn/tiet-2-ai-so-7docx_ViWFUy3.docx','2021-09-29 02:17:44.675250',NULL,'',2,1,'acept','2021-10-07 14:16:25.699968','',7,1,21,11),(54,'Tiết 3 Đại số 7','lessons/hadtn.c2as@nghean.edu.vn/tiet-3-ai-so-7docx.docx','2021-09-29 02:18:50.903768',NULL,'',3,1,'acept','2021-10-07 14:16:00.312237','',7,1,21,11),(55,'Tiết 1 Hình học 7','lessons/hadtn.c2as@nghean.edu.vn/tiet-1-hinh-hoc-7docx.docx','2021-09-29 02:20:02.949454',NULL,'',4,2,'acept','2021-10-07 14:15:32.100888','',7,1,21,11),(56,'Tiết 2 Hình học 7','lessons/hadtn.c2as@nghean.edu.vn/tiet-2-hinh-hoc-7docx.docx','2021-09-29 02:20:56.851467',NULL,'',5,2,'acept','2021-10-07 14:15:09.514798','',7,1,21,11),(57,'Tiết 4 Đại số 7','lessons/hadtn.c2as@nghean.edu.vn/tiet-4-ai-so-7docx.docx','2021-09-29 02:21:46.663774',NULL,'',6,2,'acept','2021-10-07 14:14:44.187645','',7,1,21,11),(58,'Tiết 5 Đại số 7','lessons/hadtn.c2as@nghean.edu.vn/tiet-5-ai-so-7docx.docx','2021-09-29 02:22:26.005786',NULL,'',7,2,'acept','2021-10-07 14:14:21.423092','',7,1,21,11),(59,'Tiết 6 Đại số 7','lessons/hadtn.c2as@nghean.edu.vn/tiet-6-ai-so-7docx.docx','2021-09-29 02:23:50.170826',NULL,'',8,3,'acept','2021-10-07 14:13:59.024808','',7,1,21,11),(60,'Tiết 7 Đại số 7','lessons/hadtn.c2as@nghean.edu.vn/tiet-7-ai-so-7docx.docx','2021-09-29 02:24:30.583139',NULL,'',9,3,'acept','2021-10-07 14:13:34.815445','',7,1,21,11),(61,'Tiết 8 Đại số 7','lessons/hadtn.c2as@nghean.edu.vn/tiet-8-ai-so-7docx.docx','2021-09-29 02:25:00.747143',NULL,'',10,3,'acept','2021-10-07 14:13:14.992860','',7,1,21,11),(62,'Tiết 3 Hình học 7','lessons/hadtn.c2as@nghean.edu.vn/tiet-3-hinh-hoc-7docx.docx','2021-09-29 02:25:32.527252',NULL,'',11,3,'acept','2021-10-07 14:12:34.689071','',7,1,21,11),(63,'Period 1: review','lessons/hoanv.c2as@nghean.edu.vn/period-1doc.doc','2021-09-29 15:19:35.921414',NULL,'',1,1,'acept','2021-10-10 01:19:42.859009','',13,1,19,13),(65,'Period 2: Unit 1 Lesson 1','lessons/hoanv.c2as@nghean.edu.vn/period-2doc.doc','2021-09-29 15:20:56.747284',NULL,'',2,1,'acept','2021-10-10 01:20:32.995797','',13,1,19,13),(68,'Period 3: Unit 1 Lesson 2','lessons/hoanv.c2as@nghean.edu.vn/period-3doc.doc','2021-09-29 15:22:18.748671',NULL,'',3,1,'acept','2021-10-10 01:20:49.036289','',13,1,19,13),(70,'Period 4: Unit 1 Lesson 3','lessons/hoanv.c2as@nghean.edu.vn/period-4doc.doc','2021-09-29 15:23:28.241746',NULL,'',4,2,'acept','2021-10-10 01:20:07.616112','',13,1,19,13),(71,'Period 5: Unit 1 Lesson 4','lessons/hoanv.c2as@nghean.edu.vn/period-5doc.doc','2021-09-29 15:24:16.659007',NULL,'',5,2,'acept','2021-10-10 01:19:25.811895','',13,1,19,13),(73,'Period 6: Unit 1 Lesson 5','lessons/hoanv.c2as@nghean.edu.vn/period-6doc.doc','2021-09-29 15:25:02.929590',NULL,'',6,2,'acept','2021-10-10 01:19:05.470352','',13,1,19,13),(75,'Period 7: Unit 1 Lesson 6','lessons/hoanv.c2as@nghean.edu.vn/period-7doc.doc','2021-09-29 15:26:05.859807',NULL,'',7,3,'acept','2021-10-10 01:18:54.352229','',13,1,19,13),(76,'Period 8: Unit 1 Lesson 7','lessons/hoanv.c2as@nghean.edu.vn/period-8doc.doc','2021-09-29 15:26:51.188792',NULL,'',8,3,'acept','2021-10-10 01:18:17.601894','',13,1,19,13),(77,'Period 9: Unit 2 Lesson 1','lessons/hoanv.c2as@nghean.edu.vn/period-9doc.doc','2021-09-29 15:27:41.947932',NULL,'',9,3,'acept','2021-10-10 01:15:11.546387','',13,1,19,13),(81,'Period 10: Unit 1 lesson 7','lessons/hoanv.c2as@nghean.edu.vn/period-10doc.doc','2021-10-02 00:36:36.766415',NULL,'',10,3,'acept','2021-10-10 01:17:58.953816','',13,1,19,13),(82,'Period 11: Unit 2 lesson 1','lessons/hoanv.c2as@nghean.edu.vn/period-11doc.doc','2021-10-02 00:37:36.178331',NULL,'',11,3,'acept','2021-10-10 01:17:43.608183','',13,1,19,13),(83,'Period 12: Unit 2 lesson 4','lessons/hoanv.c2as@nghean.edu.vn/period-12doc.doc','2021-10-02 04:22:11.310366',NULL,'',12,3,'acept','2021-10-10 01:17:21.066093','',13,1,19,13),(84,'Period 13: Unit 2 lesson 5','lessons/hoanv.c2as@nghean.edu.vn/period-13doc.doc','2021-10-02 04:28:21.430069',NULL,'',13,4,'acept','2021-10-10 01:16:59.111985','',13,1,19,13),(85,'Period 14: Unit 3 lesson 1','lessons/hoanv.c2as@nghean.edu.vn/period-14doc.doc','2021-10-02 04:29:38.236798',NULL,'',14,4,'acept','2021-10-10 01:16:42.179093','',13,1,19,13),(87,'Period 15: Unit 3 lesson 2','lessons/hoanv.c2as@nghean.edu.vn/period-15doc.doc','2021-10-02 04:30:46.779823',NULL,'',15,4,'acept','2021-10-10 01:16:22.820150','',13,1,19,13),(89,'Period 16: Unit 3 lesson 3','lessons/hoanv.c2as@nghean.edu.vn/period-16doc.doc','2021-10-02 04:32:52.786555',NULL,'',16,5,'acept','2021-10-10 01:16:07.453846','',13,1,19,13),(90,'Period 17: Unit 3 lesson 4','lessons/hoanv.c2as@nghean.edu.vn/period-17doc.doc','2021-10-02 04:36:24.764955',NULL,'',17,5,'acept','2021-10-10 01:15:51.940560','',13,1,19,13),(94,'Period 16: Unit 3 lesson 3','lessons/hoanv.c2as@nghean.edu.vn/period-16doc_t2PZFP4.doc','2021-10-02 05:04:48.639730',NULL,'',18,4,'acept','2021-10-10 01:15:30.567038','',13,1,19,13),(97,'Period 17: Unit 3 lesson 4','lessons/hoanv.c2as@nghean.edu.vn/period-17doc_lnQMLRq.doc','2021-10-02 05:06:21.182561',NULL,'',19,4,'acept','2021-10-10 01:14:52.896875','',13,1,19,13),(108,'Period 18: Review','lessons/hoanv.c2as@nghean.edu.vn/period-18doc.doc','2021-10-02 14:14:10.889304',NULL,'',20,5,'acept','2021-10-10 01:14:40.387733','',13,1,19,13),(109,'Period 19: Review','lessons/hoanv.c2as@nghean.edu.vn/period-19doc.doc','2021-10-02 14:15:50.756058',NULL,'',21,5,'acept','2021-10-10 01:14:24.623968','',13,1,19,13),(110,'Period 20: The first mid-semester test','lessons/hoanv.c2as@nghean.edu.vn/period-20doc.doc','2021-10-02 14:17:23.223170',NULL,'',22,5,'acept','2021-10-10 01:13:38.568077','',13,1,19,13),(111,'Period 21: Correction','lessons/hoanv.c2as@nghean.edu.vn/period-21doc.doc','2021-10-02 14:17:54.621997',NULL,'',23,5,'acept','2021-10-10 01:13:20.756579','',13,1,19,13),(112,'Tiết 1 - Bài 1. Thông tin và dữ liệu','lessons/quynhntn.as@nghean.edu.vn/6-bai1_thongtindulieupptx.pptx','2021-10-03 02:17:47.100366',NULL,'Bài giảng PowerPoint - Tiết 1 - Thông tin và dữ liệu',2,1,'acept','2021-10-07 14:28:21.648988','',7,1,34,32),(113,'Tiết 2, 3 - Bài 2 - Xử lí thông tin','lessons/quynhntn.as@nghean.edu.vn/bai-2_xulythongtin_t23docx.docx','2021-10-03 02:20:28.309504',NULL,'',3,2,'acept','2021-10-07 14:27:58.479486','',7,1,34,32),(114,'Tiết 2, 3 - Bài 2 - Xử lí thông tin','lessons/quynhntn.as@nghean.edu.vn/bai-2_xulythongtin_t23docx_APY2cms.docx','2021-10-03 02:22:19.619976',NULL,'',4,3,'acept','2021-10-07 14:27:28.873575','',7,1,34,32),(115,'Tiết 4, 5 - Bài 3 - Thông tin trong máy tính','lessons/quynhntn.as@nghean.edu.vn/bai-3_thongtintrongmt_t45docx.docx','2021-10-03 02:23:02.324511',NULL,'',5,4,'acept','2021-10-07 14:27:06.489149','',7,1,34,32),(116,'Tiết 4, 5 - Bài 3 - Thông tin trong máy tính','lessons/quynhntn.as@nghean.edu.vn/bai-3_thongtintrongmt_t45docx_0l7iUdx.docx','2021-10-03 02:23:28.033943',NULL,'',6,5,'acept','2021-10-07 14:26:44.970807','',7,1,34,32),(117,'Tiết 1, 2 - Bài 1 - Chương trình bảng tính là gì?','lessons/quynhntn.as@nghean.edu.vn/7-bai1-chuongtrinhbangtinhlagi_t12docx.docx','2021-10-03 02:24:58.424092',NULL,'',1,1,'acept','2021-10-07 14:26:22.560737','',7,1,35,32),(118,'Tiết 1, 2 - Bài 1 - Chương trình bảng tính là gì?','lessons/quynhntn.as@nghean.edu.vn/7-bai1-chuongtrinhbangtinhlagi1pptx.pptx','2021-10-03 02:27:32.685783',NULL,'',2,1,'acept','2021-10-07 14:26:01.751258','',7,1,35,32),(119,'Tiết 3, 4 - Bài thực hành 1 - Làm quen với Excel','lessons/quynhntn.as@nghean.edu.vn/7-bth1_lamquenvoiexcel_t34docx.docx','2021-10-03 02:28:13.072426',NULL,'',3,2,'acept','2021-10-07 14:25:44.308453','',7,1,35,32),(120,'Tiết 5, 6 - Bài 2 - Các thành phần chính và dữ liệu trên trang tính','lessons/quynhntn.as@nghean.edu.vn/7-bai2-cactpchinhvadltrentrangtinh_t56docx.docx','2021-10-03 02:29:11.680116',NULL,'',4,3,'acept','2021-10-07 14:25:25.177225','',7,1,35,32),(121,'Tiết 5, 6 - Bài 2 - Các thành phần chính và dữ liệu trên trang tính','lessons/quynhntn.as@nghean.edu.vn/7-bai2_cactpchinhvadltrentrangtinhpptx.pptx','2021-10-03 02:29:37.724400',NULL,'',5,3,'acept','2021-10-07 14:25:02.975609','',7,1,35,32),(122,'Tiết 7, 8 - Bài thực hành 2 - Làm quen với các kiểu dữ liệu trên trang tính','lessons/quynhntn.as@nghean.edu.vn/7-bth2_lamquenvoicackieudltrentrangtinh_t78docx.docx','2021-10-03 02:31:24.824940',NULL,'',6,4,'acept','2021-10-07 14:24:44.798544','',7,1,35,32),(123,'Tiết 9, 10 - Bài 3 - Thực hiện tính toán trên trang tính','lessons/quynhntn.as@nghean.edu.vn/7-bai3-thuchientinhtoantrentt_t910docx.docx','2021-10-03 02:32:36.724284',NULL,'',7,4,'acept','2021-10-07 14:24:26.198770','',7,1,35,32),(124,'Tiết 11, 12 - Bài thực hành 3 - Bảng điểm của em','lessons/quynhntn.as@nghean.edu.vn/7-bth3_bangdiemcuaem_t1112docx.docx','2021-10-03 02:36:39.701434',NULL,'',8,5,'acept','2021-10-07 14:24:09.409593','',7,1,35,32),(125,'Tiết 1, 2 - Ôn tập kiến thức lớp 7','lessons/quynhntn.as@nghean.edu.vn/8-ontapdaunamdoc.doc','2021-10-03 02:51:59.766793',NULL,'',1,1,'acept','2021-10-07 14:23:51.748804','',7,1,36,32),(126,'Tiết 3, 4 - Bài 1 - Máy tính và chương trình máy tính','lessons/quynhntn.as@nghean.edu.vn/8-bai1_maytinhvachuongtrinhmt_t12doc.doc','2021-10-03 02:53:55.240220',NULL,'',2,2,'acept','2021-10-07 14:23:23.694073','',7,1,36,32),(127,'Tiết 3, 4 - Bài 1 - Máy tính và chương trình máy tính','lessons/quynhntn.as@nghean.edu.vn/8-bai1-maytinhvachuongtrinhmtpptx.pptx','2021-10-03 02:55:07.352570',NULL,'',3,2,'acept','2021-10-07 14:23:02.200854','',7,1,36,32),(128,'Tiết 3, 4 - Bài 2 - Làm quen với chương trình và ngôn ngữ lập trình','lessons/quynhntn.as@nghean.edu.vn/8-bai2_lamquenvoichuongtrinhvannlt_t34doc.doc','2021-10-03 02:56:36.738712',NULL,'',4,3,'acept','2021-10-07 14:22:33.170388','',7,1,36,32),(129,'Tiết 7, 8 - Bài 3 - Chương trình máy tính và dữ liệu','lessons/quynhntn.as@nghean.edu.vn/8-bai2-lamquenvoict-nnltpptx.pptx','2021-10-03 02:57:04.858226','2021-10-03 02:59:59.111020','',7,5,'acept','2021-10-07 14:22:08.016653','',7,1,36,32),(130,'Tiết 5, 6 - Bài thực hành 1 - Làm quen với Free Pascal','lessons/quynhntn.as@nghean.edu.vn/8-baith1_lamquenvoifreepascal_t56doc.doc','2021-10-03 03:02:10.652252',NULL,'',6,4,'acept','2021-10-07 14:21:17.820754','',7,1,36,32),(131,'Tiết 3, 4 - Bài 2 - Làm quen với chương trình và ngôn ngữ lập trình','lessons/quynhntn.as@nghean.edu.vn/8-bai2_lamquenvoichuongtrinhvannlt_t34doc_hCXH10r.doc','2021-10-03 03:33:24.965759',NULL,'',8,4,'acept','2021-10-07 14:20:51.886473','',7,1,36,32),(132,'Tiết 5, 6 - Bài 2 - Các thành phần chính và dữ liệu trên trang tính','lessons/quynhntn.as@nghean.edu.vn/7-bai2-cactpchinhvadltrentrangtinh_t56docx_KbhAFVb.docx','2021-10-03 03:36:01.508078',NULL,'',9,4,'acept','2021-10-07 14:20:22.661519','',7,1,35,32),(134,'Tiết 9, 10 - Bài 3 - Thực hiện tính toán trên trang tính','lessons/quynhntn.as@nghean.edu.vn/7-bai3-thuchientinhtoantrentt_t910docx_kbUzFBg.docx','2021-10-03 08:21:06.506518',NULL,'',10,5,'acept','2021-10-07 14:20:00.932217','',7,1,35,32),(135,'Tiết 5, 6 - Bài thực hành 1 - Làm quen với Free Pascal','lessons/quynhntn.as@nghean.edu.vn/8-baith1_lamquenvoifreepascal_t56doc_09dESof.doc','2021-10-03 08:23:47.792907',NULL,'',9,5,'acept','2021-10-07 14:19:41.108742','',7,1,36,32),(136,'Bài 1 - Tiết 2 Tự hào về truyền thống gia đình dòng họ','lessons/oanhnt.gdas@nghean.edu.vn/tiet-2-gdcd6-tu-hao-ve-truyen-thong-gia-inh-dong-hodoc.doc','2021-10-03 08:33:56.922842',NULL,'',2,2,'acept','2021-10-10 08:58:00.456872','',14,1,12,25),(137,'Bài 2- Tiết 3 Yêu thương con người','lessons/oanhnt.gdas@nghean.edu.vn/tiet-3-gdcd6-yeu-thuong-con-nguoidoc.doc','2021-10-03 08:35:32.453096',NULL,'',3,3,'acept','2021-10-10 08:57:46.718193','',14,1,12,25),(138,'Bài 2- Tiết 4 Yêu thương con người','lessons/oanhnt.gdas@nghean.edu.vn/tiet-4-gdcd6-yeu-thuong-con-nguoidoc.doc','2021-10-03 08:36:43.307319',NULL,'',4,4,'acept','2021-10-10 08:57:33.985604','',14,1,12,25),(139,'Bài 3. Tiết 5- Siêng năng kiên trì','lessons/oanhnt.gdas@nghean.edu.vn/tiet-5-gdcd6-sieng-nang-kien-tridoc.doc','2021-10-03 08:38:11.018118',NULL,'',5,5,'acept','2021-10-10 08:57:19.847401','',14,1,12,25),(140,'Bài 3. Tiết 6- Siêng năng kiên trì','lessons/oanhnt.gdas@nghean.edu.vn/tiet-6-bai-3-sieng-nang-kien-tridoc.doc','2021-10-03 08:43:47.046881',NULL,'',6,5,'acept','2021-10-10 08:57:03.095409','',14,1,12,25),(141,'Bài 1- Khái quát nhà ở','lessons/oanhnt.gdas@nghean.edu.vn/tiet-1-cn-6-khai-quat-nha-odoc.doc','2021-10-03 08:47:37.160764',NULL,'',1,1,'pending','2021-10-03 08:47:37.212172','',NULL,1,30,25),(142,'Bài 1- Tiết 2- Khái quát nhà ở','lessons/oanhnt.gdas@nghean.edu.vn/tiet-2-cn6-khai-quat-nha-odoc.doc','2021-10-03 08:50:17.457739',NULL,'',2,2,'pending','2021-10-03 08:50:17.581009','',NULL,1,30,25),(143,'Bài 2- Tiết 3 Xây dựng nhà ở','lessons/oanhnt.gdas@nghean.edu.vn/tiet-3-cn6-xay-dung-nha-odoc.doc','2021-10-03 08:52:39.970769',NULL,'',3,3,'pending','2021-10-03 08:52:40.046098','',NULL,1,30,25),(144,'Bài 2- Tiết 4  Xây dựng nhà ở','lessons/oanhnt.gdas@nghean.edu.vn/tiet-4-cn6-xay-dung-nha-odoc.doc','2021-10-03 08:57:00.831989',NULL,'',4,4,'pending','2021-10-03 08:57:01.335651','',NULL,1,30,25),(145,'Bài 3. Tiết 5 Ngôi nhà thông minh','lessons/oanhnt.gdas@nghean.edu.vn/tiet-5-cn6-ngoi-nha-thong-minhdoc.doc','2021-10-03 08:58:15.680028',NULL,'',5,5,'pending','2021-10-03 08:58:15.728936','',NULL,1,30,25),(146,'Bài 3- Tiết 6. Ngôi nhà thông minh','lessons/oanhnt.gdas@nghean.edu.vn/tiet-6-cn6-ngoi-nha-thong-minhdoc.doc','2021-10-03 08:59:47.088295',NULL,'',6,5,'pending','2021-10-03 08:59:47.129752','',NULL,1,30,25),(147,'Bài 1. Tiết 1. Tôn trọng lẽ phải','lessons/oanhnt.gdas@nghean.edu.vn/gdcd8-tiet-1-ton-trong-le-phaidoc.doc','2021-10-03 09:01:40.199703',NULL,'',1,1,'acept','2021-10-10 08:56:52.284670','',14,1,14,25),(148,'Bài 2, Tiết 2. Liêm khiết','lessons/oanhnt.gdas@nghean.edu.vn/tiet-2-gdcd8-liem-khietdoc.doc','2021-10-03 09:02:25.476175',NULL,'',2,2,'acept','2021-10-10 08:56:40.167887','',14,1,14,25),(149,'Bài 3. Tiết 3- Tôn trọng người khác','lessons/oanhnt.gdas@nghean.edu.vn/tiet-3-gdcd8-ton-trong-nguoi-khacdoc.doc','2021-10-03 09:03:10.511953',NULL,'',3,3,'acept','2021-10-10 08:56:17.161481','',14,1,14,25),(150,'Bài 4. Tiết 4. Giữ chữ tín','lessons/oanhnt.gdas@nghean.edu.vn/tiet-4-gdcd8-giu-chu-tindoc.doc','2021-10-03 09:04:55.400276',NULL,'',4,4,'acept','2021-10-10 08:56:06.717365','',14,1,14,25),(151,'Tiết 5. Chủ đề Bài 5+21. Pháp luật nước CHXHCN..','lessons/oanhnt.gdas@nghean.edu.vn/tiet-5-gdcd8-chu-e-phap-luat-nuoc-chxhdoc.doc','2021-10-03 09:06:30.080628',NULL,'',5,5,'pending','2021-10-03 09:06:30.652980','',NULL,1,14,25),(154,'Tiết 6. Chủ đề Bài 5+21. Pháp luật nước CHXHCN..','lessons/oanhnt.gdas@nghean.edu.vn/tiet-6-bai-521-chu-e-phap-luatdoc.doc','2021-10-03 09:10:59.176485',NULL,'',6,5,'acept','2021-10-10 08:55:48.487581','',14,1,14,25),(157,'Tiết 1- Bai1- Tự hào về truyền thống gia đình, dòng họ','lessons/oanhnt.c2as@nghean.edu.vn/tiet-1-gdcd6doc.doc','2021-10-03 09:36:17.905998',NULL,'',1,1,'acept','2021-10-10 08:55:18.946048','',14,1,12,23),(158,'Tiết 2- Bai1- Tự hào về truyền thống gia đình, dòng họ','lessons/oanhnt.c2as@nghean.edu.vn/tiet-2-gdcd6-tu-hao-ve-truyen-thong-gia-inh-dong-hodoc.doc','2021-10-03 09:37:01.808898',NULL,'',2,2,'acept','2021-10-10 08:53:49.579919','',14,1,12,23),(159,'Tiết 3- Bài 2- Yêu thương con người','lessons/oanhnt.c2as@nghean.edu.vn/tiet-3-gdcd6-yeu-thuong-con-nguoidoc.doc','2021-10-03 09:38:05.440654',NULL,'',3,3,'acept','2021-10-10 08:53:36.803916','',14,1,12,23),(160,'Tiết 4- Bài 2- Yêu thương con người','lessons/oanhnt.c2as@nghean.edu.vn/tiet-4-gdcd6-yeu-thuong-con-nguoidoc.doc','2021-10-03 09:38:34.304208',NULL,'',4,4,'acept','2021-10-10 08:53:28.263841','',14,1,12,23),(161,'Tiết 5- Bài 3. Siêng năng, kiên trì','lessons/oanhnt.c2as@nghean.edu.vn/tiet-5-gdcd6-sieng-nang-kien-tridoc.doc','2021-10-03 09:40:50.379340',NULL,'',5,5,'acept','2021-10-10 08:53:19.112187','',14,1,12,23),(162,'Tiết 6- Bài 3. Siêng năng, kiên trì','lessons/oanhnt.c2as@nghean.edu.vn/tiet-6-bai-3-sieng-nang-kien-tridoc.doc','2021-10-03 09:41:17.335358',NULL,'',6,5,'acept','2021-10-10 08:53:10.179059','',14,1,12,23),(163,'Tiết 1- Bai1- Tôn trọng lẽ phải','lessons/oanhnt.c2as@nghean.edu.vn/gdcd8-tiet-1-ton-trong-le-phaidoc.doc','2021-10-03 09:43:29.279458',NULL,'',1,1,'acept','2021-10-10 08:53:01.289037','',14,1,14,23),(164,'Tiết 2- Bai2- Liêm khiết','lessons/oanhnt.c2as@nghean.edu.vn/tiet-2-gdcd8-liem-khietdoc.doc','2021-10-03 09:44:34.662584',NULL,'',2,2,'acept','2021-10-10 08:54:45.346010','',14,1,14,23),(165,'Tiết 3- Bài 3- Tôn trọng người khác','lessons/oanhnt.c2as@nghean.edu.vn/tiet-3-gdcd8-ton-trong-nguoi-khacdoc.doc','2021-10-03 09:45:26.843970',NULL,'',3,3,'acept','2021-10-10 08:54:25.384087','',14,1,14,23),(166,'Tiết 4- Bài 4- Giữ chữ tín','lessons/oanhnt.c2as@nghean.edu.vn/tiet-4-gdcd8-giu-chu-tindoc.doc','2021-10-03 09:46:28.774782',NULL,'',4,4,'acept','2021-10-10 08:52:20.681840','',14,1,14,23),(167,'Tiết 5- Bài 5+21 Chủ đề pháp luật','lessons/oanhnt.c2as@nghean.edu.vn/tiet-5-gdcd8-chu-e-phap-luat-nuoc-chxhdoc.doc','2021-10-03 09:47:18.647513',NULL,'',5,5,'acept','2021-10-10 08:54:06.792580','',14,1,14,23),(168,'Tiết 6- Bài 5+21 Chủ đề pháp luật','lessons/oanhnt.c2as@nghean.edu.vn/tiet-6-bai-521-chu-e-phap-luatdoc.doc','2021-10-03 09:48:28.502343',NULL,'',6,5,'acept','2021-10-10 08:52:01.552205','',14,1,14,23),(169,'Tiết 1- Bai1- Khái quát nhà ở','lessons/oanhnt.c2as@nghean.edu.vn/tiet-1-cn-6-khai-quat-nha-odoc.doc','2021-10-03 09:58:06.455416',NULL,'',1,1,'pending','2021-10-03 09:58:06.494380','',NULL,1,30,23),(170,'Tiết 2- Bài 1 Khái quát nhà ở','lessons/oanhnt.c2as@nghean.edu.vn/tiet-2-cn6-khai-quat-nha-odoc.doc','2021-10-03 09:59:22.198659',NULL,'',2,2,'pending','2021-10-03 09:59:22.244285','',NULL,1,30,23),(171,'Tiết 3- Bài 2. Xây dựng nhà ở','lessons/oanhnt.c2as@nghean.edu.vn/tiet-3-cn6-xay-dung-nha-odoc.doc','2021-10-03 10:01:00.956508',NULL,'',3,3,'pending','2021-10-03 10:01:01.087602','',NULL,1,30,23),(172,'Tiết 4- Bài 2. Xây dựng nhà ở','lessons/oanhnt.c2as@nghean.edu.vn/tiet-4-cn6-xay-dung-nha-odoc.doc','2021-10-03 10:02:36.565761',NULL,'',4,4,'pending','2021-10-03 10:02:37.332477','',NULL,1,30,23),(173,'Tiết 5- Bài 3- Ngôi nhà thông minh','lessons/oanhnt.c2as@nghean.edu.vn/tiet-5-cn6-ngoi-nha-thong-minhdoc.doc','2021-10-03 10:03:23.033363',NULL,'',5,5,'pending','2021-10-03 10:03:23.080412','',NULL,1,30,23),(174,'Tiết 6- Bài 3. Ngôi nha thông minh','lessons/oanhnt.c2as@nghean.edu.vn/tiet-6-cn6-ngoi-nha-thong-minhdoc.doc','2021-10-03 10:04:14.677242',NULL,'',6,5,'pending','2021-10-03 10:04:14.717066','',NULL,1,30,23),(175,'Tiết 6, 7 - Bài 4 - Mạng máy tính','lessons/quynhntn.as@nghean.edu.vn/bai-4_thongtintrongmt_t67docx.docx','2021-10-03 10:39:58.684444',NULL,'',7,5,'acept','2021-10-07 14:19:18.420848','',7,1,34,32),(176,'Bài 4: Các nước Châu Á','lessons/phuong.c2as@nghean.edu.vn/bai-4-cac-nuoc-chau-appt.ppt','2021-10-03 13:18:40.241698',NULL,'',1,5,'acept','2021-10-11 15:21:30.684206','',44,1,7,44),(177,'Bài 5. Các nước Đông Nam Á','lessons/phuong.c2as@nghean.edu.vn/bai-5-cac-nuoc-dong-nam-apptx.pptx','2021-10-03 13:22:55.975725',NULL,'',5,5,'acept','2021-10-11 15:20:46.766636','',44,1,7,44),(178,'Bài 3. Quá trình phát triển của phong trào giải phóng dân tọc và sự tan rã của hệ thống thuộc địa','lessons/phuong.c2as@nghean.edu.vn/bai-3-qua-trinh-phat-trien-cua-phong-trao-giai-phong-dan-toc-va-su','2021-10-03 13:27:06.155089',NULL,'',4,4,'acept','2021-10-11 15:19:57.767392','',44,1,7,44),(180,'Bài 2. Liên Xô và Đông Âu từ giữa những năm 70 đến giữa những năm 90 của thế kỉ XX','lessons/phuong.c2as@nghean.edu.vn/bai-2-lien-xo-va-cac-nuoc-dong-au-tu-giua-nhung-nam-70-den-dau-nhu','2021-10-03 13:38:18.236912',NULL,'',3,3,'acept','2021-10-11 15:19:11.528775','',44,1,7,44),(184,'Bài 1. Liên Xô và Đông Âu từ giữa những năm 1945 đến những năm 70 của thế kỉ XX','lessons/phuong.c2as@nghean.edu.vn/bai-1-lien-xo-va-cac-nuoc-dong-au-tu-nam-1945-den-giua-nhung-nam-7','2021-10-03 13:46:33.367452',NULL,'',2,2,'acept','2021-10-11 15:18:28.659726','',44,1,7,44),(186,'Tiet 1 - Bài mở đầu','lessons/nganth.c2as@nghean.edu.vn/tiet-1-bai-mo-audocx.docx','2021-10-03 13:51:38.019388',NULL,'Tiết 1 - bài mở đầu',1,1,'pending','2021-10-03 13:51:38.104630','',NULL,1,11,22),(187,'Tiết 2 - Bài 1','lessons/nganth.c2as@nghean.edu.vn/tiet-2-bai-1docx.docx','2021-10-03 13:53:50.403231',NULL,'Tiet 2 - bài 1',2,1,'pending','2021-10-03 13:53:50.464867','',NULL,1,11,22),(188,'Tiet 3 - Bài 2','lessons/nganth.c2as@nghean.edu.vn/tiet-3-bai-2docx.docx','2021-10-03 13:56:51.938571',NULL,'tiet 3 - Bài 2',3,2,'pending','2021-10-03 13:56:51.982903','',NULL,1,11,22),(189,'Tiet 4 - Bài 3','lessons/nganth.c2as@nghean.edu.vn/tiet-4-bai-3docx.docx','2021-10-03 14:00:59.955057',NULL,'',4,2,'pending','2021-10-03 14:01:00.080221','',NULL,1,11,22),(191,'Tiet 5 - Bài 4','lessons/nganth.c2as@nghean.edu.vn/tiet-5-bai-4docx.docx','2021-10-03 14:02:39.294220',NULL,'',5,3,'pending','2021-10-03 14:02:39.353989','',NULL,1,11,22),(193,'Tiet 6 - Bài 6','lessons/nganth.c2as@nghean.edu.vn/tiet-6-bai-6docx.docx','2021-10-03 14:04:04.385688',NULL,'',6,3,'pending','2021-10-03 14:04:04.719031','',NULL,1,11,22),(194,'Tiet 7 - Bài 7','lessons/nganth.c2as@nghean.edu.vn/tiet-7-bai-7docx.docx','2021-10-03 14:05:25.745673',NULL,'',7,4,'pending','2021-10-03 14:05:25.801822','',NULL,1,11,22),(196,'Tiet 8+9 - Bài 8','lessons/nganth.c2as@nghean.edu.vn/tiet-8-9-bai-8docx.docx','2021-10-03 14:06:49.179489',NULL,'',8,4,'pending','2021-10-03 14:06:49.218251','',NULL,1,11,22),(197,'Giáo án Văn 7 từ tiết 5 đến tiết 8','lessons/loanntk.c2as@nghean.edu.vn/van-7-tuan-2doc.doc','2021-10-03 14:07:29.345233',NULL,'',2,2,'acept','2021-10-10 08:50:53.527851','',14,1,2,18),(198,'Tiet 10 - Bài 10','lessons/nganth.c2as@nghean.edu.vn/tiet-10-bai-10docx.docx','2021-10-03 14:08:15.811099',NULL,'',9,4,'pending','2021-10-03 14:08:15.865842','',NULL,1,11,22),(199,'Giáo án Văn 9 từ tiết 6 đến tiết 10','lessons/loanntk.c2as@nghean.edu.vn/tuan-2-van-9doc.doc','2021-10-03 14:08:51.828999',NULL,'',2,2,'acept','2021-10-10 08:50:39.561917','',14,1,4,18),(201,'Tiet 9 - Bài 8','lessons/nganth.c2as@nghean.edu.vn/tiet-8-9-bai-8docx_cym681X.docx','2021-10-03 14:09:34.440656',NULL,'',10,5,'pending','2021-10-03 14:09:34.479370','',NULL,1,11,22),(202,'Giáo án Văn 7 từ tiết 9 đến tiết 12','lessons/loanntk.c2as@nghean.edu.vn/van-7-tuan-3doc.doc','2021-10-03 14:10:09.360249',NULL,'',3,3,'acept','2021-10-10 08:50:18.135876','',14,1,2,18),(203,'tiet 10 - bài 10','lessons/nganth.c2as@nghean.edu.vn/tiet-10-bai-10docx_Lx7FC8A.docx','2021-10-03 14:10:21.127142',NULL,'',11,5,'pending','2021-10-03 14:10:21.180051','',NULL,1,11,22),(204,'Giáo án Văn 11 từ tiết 6 đến tiết 15','lessons/loanntk.c2as@nghean.edu.vn/tuan-3-van-9doc.doc','2021-10-03 14:10:55.506899',NULL,'',3,3,'acept','2021-10-10 08:50:06.704114','',14,1,4,18),(206,'Tiet 11 - Bài 11','lessons/nganth.c2as@nghean.edu.vn/tiet-11-bai-11docx.docx','2021-10-03 14:11:10.216181',NULL,'',12,5,'pending','2021-10-03 14:11:10.278722','',NULL,1,11,22),(208,'Bài 1. Liên Xô .....giữa những năm 1945 đến những năm 70 của thế kỉ XX (tiết 1)','lessons/phuong.c2as@nghean.edu.vn/bai-1-lien-xo-1945-den-giua-nhung-nam-70-cua-the-ki-xx-tiet-1ppt_g','2021-10-03 14:12:35.456858',NULL,'',0,1,'acept','2021-10-11 15:17:15.473652','',44,1,7,44),(209,'Tiet 1 - Bài 1','lessons/nganth.c2as@nghean.edu.vn/tiet-1-bai-1docx.docx','2021-10-03 14:12:49.448898',NULL,'',1,1,'acept','2021-10-11 15:34:33.372793','',44,1,9,22),(212,'Tiet 2 - Bài 2','lessons/nganth.c2as@nghean.edu.vn/tiet-2-bai-2docx.docx','2021-10-03 14:14:01.310980',NULL,'',2,2,'acept','2021-10-11 15:34:03.540444','',44,1,9,22),(213,'Tiet 3 - Bài 3','lessons/nganth.c2as@nghean.edu.vn/tiet-3-bai-3docx.docx','2021-10-03 14:14:45.308553',NULL,'',3,3,'acept','2021-10-11 15:33:21.693521','',44,1,9,22),(215,'Tiet 4 - Bài 4','lessons/nganth.c2as@nghean.edu.vn/tiet-4-bai-4docx.docx','2021-10-03 14:15:32.846769',NULL,'',4,4,'acept','2021-10-11 15:32:39.950324','',44,1,9,22),(218,'Tiet 5 - bài 5','lessons/nganth.c2as@nghean.edu.vn/tiet-5-bai-5docx.docx','2021-10-03 14:16:08.570916',NULL,'',5,4,'acept','2021-10-11 15:31:25.119581','',44,1,9,22),(219,'Tiet 6 - bài 6','lessons/nganth.c2as@nghean.edu.vn/tiet-6-bai-6docx_h6DVxIC.docx','2021-10-03 14:16:41.672896',NULL,'',6,5,'acept','2021-10-11 15:30:30.545892','',44,1,9,22),(221,'Giáo án Văn 7 từ tiết 13 đến tiết 16','lessons/loanntk.c2as@nghean.edu.vn/van-7-tuan-4doc.doc','2021-10-03 14:17:25.391664',NULL,'',4,4,'acept','2021-10-10 08:49:53.955453','',14,1,2,18),(223,'Giáo án Văn 9 từ tiết 16 đến tiết 20','lessons/loanntk.c2as@nghean.edu.vn/tuan-4-van-9doc.doc','2021-10-03 14:19:31.839798',NULL,'',4,5,'acept','2021-10-10 08:49:32.670584','',14,1,4,18),(226,'Tiet 5 - Bài 5','lessons/nganth.c2as@nghean.edu.vn/tiet-5-bai-5docx_ITzQSG6.docx','2021-10-03 14:22:55.125237',NULL,'',7,5,'acept','2021-10-11 15:22:35.561011','',44,1,9,22),(228,'Bài 1: Bài mở đầu','lessons/yendth.gdas@nghean.edu.vn/tiet-1-bai-mo-daudocx.docx','2021-10-03 14:26:33.914904',NULL,'',1,1,'acept','2021-10-12 09:04:42.355912','',24,1,51,5),(229,'Bài 1: Bài mở đầu','lessons/yendth.gdas@nghean.edu.vn/bai-1-bai-mo-dauppt_Nmi6iq9.ppt','2021-10-03 14:27:35.841837',NULL,'',2,1,'acept','2021-10-12 13:28:24.053947','',24,1,51,5),(230,'Bài 2: Cấu tạo cơ thể người','lessons/yendth.gdas@nghean.edu.vn/tiet-2-cau-tao-co-the-nguoidocx.docx','2021-10-03 14:28:54.036056',NULL,'',3,1,'acept','2021-10-12 13:28:12.569971','',24,1,51,5),(231,'Bài 2: Cấu tạo cơ thể người','lessons/yendth.gdas@nghean.edu.vn/bai-2-cau-tao-co-the-nguoippt.ppt','2021-10-03 14:30:37.472476',NULL,'',4,1,'acept','2021-10-12 13:28:00.463340','',24,1,51,5),(232,'Bài 3,4: Tế bào, mô','lessons/yendth.gdas@nghean.edu.vn/tiet-3-te-bao-modocx.docx','2021-10-03 14:33:25.475896',NULL,'',5,2,'acept','2021-10-12 13:27:47.688242','',24,1,51,5),(233,'Bài 3,4: Tế bào, mô','lessons/yendth.gdas@nghean.edu.vn/bai-3-te-baoppt.ppt','2021-10-03 14:34:25.689205',NULL,'',6,2,'acept','2021-10-12 13:27:34.109429','',24,1,51,5),(234,'Bài 3,4: Tế bào, mô','lessons/yendth.gdas@nghean.edu.vn/bai-4-moppt.ppt','2021-10-03 14:35:07.001148',NULL,'',7,2,'acept','2021-10-12 09:12:09.180546','',24,1,51,5),(237,'Tiet 8+9 - Bài 8','lessons/nganth.c2as@nghean.edu.vn/tiet-8-9-bai-8docx_G5pNVJn.docx','2021-10-03 14:35:57.103545',NULL,'',13,5,'pending','2021-10-03 14:35:57.137989','',NULL,1,11,22),(239,'Tiết 3- Bài 2- Xây dựng nhà ở','lessons/oanhnt.c2as@nghean.edu.vn/tiet-3-cn6-xay-dung-nha-odoc_NskASjs.doc','2021-10-03 14:40:09.737433',NULL,'',7,4,'pending','2021-10-03 14:40:09.804022','',NULL,1,30,23),(241,'Bài 1. Sự hình thành và phát triển của XHPK châu Âu','lessons/phuong.c2as@nghean.edu.vn/bai-1-su-hinh-thanh-va-phat-trien-cua-xa-hoi-phong-kien-o-chau-aup','2021-10-03 14:43:30.442602',NULL,'',1,1,'acept','2021-10-11 15:16:26.754617','',44,1,5,44),(243,'Bài 4: Thực hành quan sát tế bào và mô','lessons/yendth.gdas@nghean.edu.vn/tiet-4-thuc-hanhdocx.docx','2021-10-03 14:45:35.752234',NULL,'',9,2,'acept','2021-10-12 13:27:22.351977','',24,1,51,5),(244,'Bài 4: Thực hành quan sát tế bào và mô','lessons/yendth.gdas@nghean.edu.vn/bai-5-thuc-hanh-quan-sat-te-bao-va-moppt_JbLTmAN.ppt','2021-10-03 14:46:30.888698',NULL,'',10,2,'acept','2021-10-12 13:19:28.912750','',24,1,51,5),(246,'Bai 2. Sự suy vong của chế độ phong kiến và sự hinh thành CNTB châu Âu','lessons/phuong.c2as@nghean.edu.vn/bai-2-su-suy-vong-cua-che-do-phong-kien-va-su-hinh-thanh-chu-nghia','2021-10-03 14:46:57.159260',NULL,'',2,1,'acept','2021-10-11 15:15:42.304279','',44,1,5,44),(247,'Bài 6: Phản xạ','lessons/yendth.gdas@nghean.edu.vn/bai-6-phan-xappt.ppt','2021-10-03 14:47:41.631982','2021-10-03 14:49:06.775816','',11,3,'acept','2021-10-12 13:18:36.732239','',24,1,51,5),(249,'Bài 6: Phản xạ','lessons/yendth.gdas@nghean.edu.vn/tiet-5-phan-xadocx.docx','2021-10-03 14:51:51.185441',NULL,'',12,3,'acept','2021-10-12 13:18:24.889872','',24,1,51,5),(251,'Bài 7: Bộ xương','lessons/yendth.gdas@nghean.edu.vn/tiet-6-bo-xuongdocx.docx','2021-10-03 14:52:38.139923',NULL,'',13,3,'acept','2021-10-12 13:18:09.683938','',24,1,51,5),(252,'Bài 3: Sử dụng kính lúp','lessons/yendth.gdas@nghean.edu.vn/ch_kntt_ch1_bai3_su-dung-kinh-luppptx_GzRurUM.pptx','2021-10-03 14:54:39.328386',NULL,'',1,1,'acept','2021-10-12 13:17:56.157320','',24,1,53,5),(254,'Bài 3: Sử dụng kính lúp','lessons/yendth.gdas@nghean.edu.vn/bai3_su-dung-kinh-lupdocx_7lL4u9O.docx','2021-10-03 14:55:12.758559',NULL,'',2,1,'acept','2021-10-12 13:17:44.431899','',24,1,53,5),(256,'Bài 4: Sử dụng kính hiển vi quang học','lessons/yendth.gdas@nghean.edu.vn/bai4_su-dung-kinh-hien-vidocx_0eWKZYK.docx','2021-10-03 14:56:29.887458',NULL,'',3,1,'acept','2021-10-12 13:17:19.652106','',24,1,53,5),(258,'Bài 4: Sử dụng kính hiển vi quang học','lessons/yendth.gdas@nghean.edu.vn/kntt_khtn6_c1_bai-4_su-dung-kinh-hien-vi-quang-hocpptx.pptx','2021-10-03 14:57:20.061579',NULL,'',4,1,'acept','2021-10-12 13:01:56.223069','',24,1,53,5),(259,'Bài 3. Cuộc đấu tranh của giai câp tư sản...','lessons/phuong.c2as@nghean.edu.vn/bai-3-cuoc-dau-tranh-cua-giai-cap-tu-san-chong-phong-kien-thoi-hau','2021-10-03 14:58:47.473640',NULL,'',3,2,'acept','2021-10-11 15:14:50.056511','',44,1,5,44),(261,'Bài 4. Trung Quốc phong kiến tiết 1','lessons/phuong.c2as@nghean.edu.vn/bai-4-trung-quoc-thoi-phong-kien-tiet-1ppt.ppt','2021-10-03 15:03:28.282122',NULL,'',4,5,'acept','2021-10-11 15:13:56.708240','',44,1,5,44),(262,'Bài 4: Sử dụng kính hiển vi quang học','lessons/yendth.gdas@nghean.edu.vn/kntt_khtn6_c1_bai-4_su-dung-kinh-hien-vi-quang-hocpptx_5rbkSit.ppt','2021-10-03 15:03:52.986426',NULL,'',5,2,'acept','2021-10-12 13:01:38.443515','',24,1,53,5),(263,'Bài 4: Sử dụng kính hiển vi quang học','lessons/yendth.gdas@nghean.edu.vn/bai4_su-dung-kinh-hien-vidocx_BIDcaQO.docx','2021-10-03 15:04:45.668475',NULL,'',6,2,'acept','2021-10-12 13:01:24.560477','',24,1,53,5),(264,'Bài 18: Tế bào đơn vị cơ bản của sự sống','lessons/yendth.gdas@nghean.edu.vn/bai19_cau-tao-va-chuc-nang-te-baodocx.docx','2021-10-03 15:06:09.551636',NULL,'',7,2,'acept','2021-10-12 13:01:04.821338','',24,1,53,5),(265,'Bài 4. Trung Quốc phong kiến tiết 2','lessons/phuong.c2as@nghean.edu.vn/bai-4-trung-quoc-phong-kien-tiet-2ppt.ppt','2021-10-03 15:06:44.088463',NULL,'',5,3,'acept','2021-10-11 15:13:09.197603','',44,1,5,44),(266,'Bài 18: Tế bào đơn vị cơ bản của sự sống','lessons/yendth.gdas@nghean.edu.vn/ch_kntt_ch5_bai18_te-baopptx.pptx','2021-10-03 15:06:50.408254',NULL,'',8,2,'acept','2021-10-12 13:00:51.292091','',24,1,53,5),(267,'Bài 18: Tế bào đơn vị cơ bản của sự sống','lessons/yendth.gdas@nghean.edu.vn/ch_kntt_ch5_bai18_te-baopptx_BamsBx6.pptx','2021-10-03 15:07:36.352766',NULL,'',9,3,'acept','2021-10-12 13:00:32.972294','',24,1,53,5),(268,'Bài 18: Tế bào đơn vị cơ bản của sự sống','lessons/yendth.gdas@nghean.edu.vn/bai18_te-baodocx.docx','2021-10-03 15:08:13.102319',NULL,'',10,3,'acept','2021-10-12 13:00:05.800256','',24,1,53,5),(271,'Bài 19: Cấu tạo và chức năng các thành phần của tế bào','lessons/yendth.gdas@nghean.edu.vn/bai19_cau-tao-va-chuc-nang-te-baodocx_dqmrIiP.docx','2021-10-03 15:09:10.629101',NULL,'',11,3,'acept','2021-10-12 12:59:53.537690','',24,1,53,5),(272,'Bài 19: Cấu tạo và chức năng các thành phần của tế bào','lessons/yendth.gdas@nghean.edu.vn/ch_kntt_ch5_bai19_cau-tao-va-chuc-nang-te-baopptx.pptx','2021-10-03 15:09:47.644942',NULL,'',12,3,'acept','2021-10-12 12:59:36.745979','',24,1,53,5),(273,'Bài 19: Cấu tạo và chức năng các thành phần của tế bào','lessons/yendth.gdas@nghean.edu.vn/ch_kntt_ch5_bai19_cau-tao-va-chuc-nang-te-baopptx_i7BIxjj.pptx','2021-10-03 15:10:22.389446',NULL,'',13,4,'acept','2021-10-12 12:59:18.448591','',24,1,53,5),(274,'Bài 121: Thực hành quan sát và phân biệt một số loại tế bào','lessons/yendth.gdas@nghean.edu.vn/bai19_cau-tao-va-chuc-nang-te-baodocx_hXSsM1g.docx','2021-10-03 15:10:51.770051','2021-10-03 15:20:15.584159','',14,4,'acept','2021-10-12 12:58:43.528394','',24,1,53,5),(276,'Bài 20: Sự lớn lên và sinh sản của tế bào','lessons/yendth.gdas@nghean.edu.vn/bai20_su-lon-len-va-sinh-san-cua-tbdocx.docx','2021-10-03 15:12:11.293507',NULL,'',15,4,'acept','2021-10-12 12:58:28.376057','',24,1,53,5),(278,'Bài 20: Sự lớn lên và sinh sản của tế bào','lessons/yendth.gdas@nghean.edu.vn/kntt_ch5_bai20_su-lon-len-va-sinh-san-cua-tbpptx.pptx','2021-10-03 15:13:59.878332',NULL,'',16,4,'acept','2021-10-12 12:58:10.972437','',24,1,53,5),(279,'Bài 6: Phản xạ','lessons/yendth.gdas@nghean.edu.vn/tiet-5-phan-xadocx_e88nSQi.docx','2021-10-03 15:25:12.683847',NULL,'',14,4,'acept','2021-10-12 12:56:09.902734','',24,1,51,5),(280,'Tiết 1- Bài 1:    THẾ GIỚI ĐỘNG VẬT ĐA DẠNG PHONG PHÚ','lessons/mytt.as@nghean.edu.vn/tiet-1docx_Uc7grGK.docx','2021-10-03 15:25:20.231831',NULL,'Tiết 1- Bài 1:    THẾ GIỚI ĐỘNG VẬT ĐA DẠNG PHONG PHÚ',1,1,'acept','2021-10-12 12:55:56.668198','',24,1,50,21),(281,'Tổ chức HĐTNST ( T1)','lessons/yendth.gdas@nghean.edu.vn/tiet-7-tnstaodocx.docx','2021-10-03 15:26:09.632102',NULL,'',15,4,'acept','2021-10-12 12:55:44.235579','',24,1,51,5),(282,'Tiết 2 - Bài 2:             PHÂN BIỆT ĐỘNG VẬT VỚI THỰC VẬT. ĐẶC ĐIỂM CHUNG CỦA ĐỘNG VẬT','lessons/mytt.as@nghean.edu.vn/tiet-2docx_a664sMz.docx','2021-10-03 15:26:49.116738',NULL,'Tiết 2 - Bài 2: PHÂN BIỆT ĐỘNG VẬT VỚI THỰC VẬT. ĐẶC ĐIỂM CHUNG CỦA ĐỘNG VẬT\r\n',2,1,'acept','2021-10-12 12:55:33.327785','',24,1,50,21),(292,'Tiết 3. CHỦ ĐỀ ĐỘNG VẬT NGUYÊN SINH ','lessons/mytt.as@nghean.edu.vn/tiet-3docx_kVrIaxq.docx','2021-10-03 15:34:45.226067',NULL,'Tiết 3. CHỦ ĐỀ ĐỘNG VẬT NGUYÊN SINH \r\n',3,2,'acept','2021-10-12 12:55:22.453126','',24,1,50,21),(293,'Tiết 4 - CHỦ ĐỀ ĐỘNG VẬT NGUYÊN SINH (Tiếp) ','lessons/mytt.as@nghean.edu.vn/tiet-4docx.docx','2021-10-03 15:36:22.902396',NULL,'Tiết 4 - CHỦ ĐỀ ĐỘNG VẬT NGUYÊN SINH (Tiếp)',4,2,'acept','2021-10-12 12:55:10.344788','',24,1,50,21),(295,'Tiết 5. CHỦ ĐỀ ĐỘNG VẬT NGUYÊN SINH (Tiếp)   ','lessons/mytt.as@nghean.edu.vn/tiet-5docx_OlH7EiL.docx','2021-10-03 15:39:18.615524',NULL,'Tiết 5. CHỦ ĐỀ ĐỘNG VẬT NGUYÊN SINH (Tiếp) ',5,3,'acept','2021-10-12 12:54:58.316103','',24,1,50,21),(296,'Tiết 6. CHỦ ĐỀ ĐỘNG VẬT NGUYÊN SINH (Tiếp)','lessons/mytt.as@nghean.edu.vn/tiet-6docx.docx','2021-10-03 15:40:42.986688',NULL,'Tiết 6. CHỦ ĐỀ ĐỘNG VẬT NGUYÊN SINH (Tiếp)',6,3,'acept','2021-10-12 12:54:46.708495','',24,1,50,21),(297,'Tiết 7. CHỦ ĐỀ ĐỘNG VẬT NGUYÊN SINH (Tiếp)   ','lessons/mytt.as@nghean.edu.vn/tiet-7docx.docx','2021-10-03 15:42:43.785614',NULL,'Tiết 7. CHỦ ĐỀ ĐỘNG VẬT NGUYÊN SINH (Tiếp)   ',7,4,'acept','2021-10-12 12:54:28.794944','',24,1,50,21),(298,'Tiết 8. ','lessons/mytt.as@nghean.edu.vn/tiet-8docx.docx','2021-10-03 15:43:25.176934','2021-10-03 15:48:25.470577','Tiết 8. ',8,4,'acept','2021-10-12 12:54:13.379181','',24,1,50,21),(299,'Tiết 9. ','lessons/mytt.as@nghean.edu.vn/tiet-9docx.docx','2021-10-03 15:43:59.762168','2021-10-03 15:49:03.366449','Tiết 9. ',9,5,'acept','2021-10-12 12:53:57.444215','',24,1,50,21),(302,'Tiết 9. CHỦ ĐỀ RUỘT KHOANG ','lessons/mytt.as@nghean.edu.vn/tiet-9docx_fVIxPlA.docx','2021-10-03 15:52:19.588315',NULL,'Tiết 9. CHỦ ĐỀ RUỘT KHOANG ',10,4,'acept','2021-10-12 12:53:41.575021','',24,1,50,21),(303,'Tiết 10. CHỦ ĐỀ RUỘT KHOANG','lessons/mytt.as@nghean.edu.vn/tiet-10docx.docx','2021-10-03 15:58:27.824621',NULL,'Tiết 10. CHỦ ĐỀ RUỘT KHOANG',11,5,'acept','2021-10-12 12:53:27.050651','',24,1,50,21),(304,'Tiết 11. CHỦ ĐỀ: GIUN DẸP','lessons/mytt.as@nghean.edu.vn/tiet-11docx.docx','2021-10-03 15:59:46.039036',NULL,'Tiết 11. CHỦ ĐỀ: GIUN DẸP',12,5,'acept','2021-10-12 12:53:13.884100','',24,1,50,21),(305,'Tiết 12. CHỦ ĐỀ: GIUN DẸP (Tiếp)','lessons/mytt.as@nghean.edu.vn/tiet-12docx.docx','2021-10-03 16:17:34.277868',NULL,'Tiết 12. CHỦ ĐỀ: GIUN DẸP (Tiếp)',13,5,'acept','2021-10-12 12:53:01.616946','',24,1,50,21),(306,'ÔN TẬP ĐẦU NĂM','lessons/mytt.as@nghean.edu.vn/on-tap-au-nampptx.pptx','2021-10-03 16:23:14.309254',NULL,'',1,1,'acept','2021-10-12 12:52:37.025130','',24,1,52,21),(307,'TIẾT 1. Bài 1: MENĐEN VÀ DI TRUYỀN HỌC','lessons/mytt.as@nghean.edu.vn/tiet-1docx_dnNoYow.docx','2021-10-03 16:27:42.285967',NULL,'TIẾT 1. Bài 1: MENĐEN VÀ DI TRUYỀN HỌC',2,2,'acept','2021-10-12 12:52:22.304554','',24,1,52,21),(308,'Tiết 2: Chủ đề: LAI  MỘT CẶP TÍNH TRẠNG','lessons/mytt.as@nghean.edu.vn/tiet-2docx_zk13luK.docx','2021-10-03 16:29:03.660187',NULL,'Tiết 2: Chủ đề: LAI  MỘT CẶP TÍNH TRẠNG',3,2,'acept','2021-10-12 12:52:08.236400','',24,1,52,21),(309,'Tiết 3: Chủ đề: LAI  MỘT CẶP TÍNH TRẠNG (Tiếp)','lessons/mytt.as@nghean.edu.vn/tiet-3docx_Cua0wC0.docx','2021-10-03 16:30:29.063522',NULL,'Tiết 3: Chủ đề: LAI  MỘT CẶP TÍNH TRẠNG (Tiếp)',4,3,'acept','2021-10-12 12:51:54.985606','',24,1,52,21),(310,'Tiết 4. LAI  HAI CẶP TÍNH TRẠNG ','lessons/mytt.as@nghean.edu.vn/tiet-4docx_UVDSHte.docx','2021-10-03 16:32:20.589767',NULL,'Tiết 4. LAI  HAI CẶP TÍNH TRẠNG ',5,3,'acept','2021-10-12 12:51:42.722976','',24,1,52,21),(311,'Tiết 5. LAI  HAI CẶP TÍNH TRẠNG (Tiếp)','lessons/mytt.as@nghean.edu.vn/tiet-5docx_OSR3Mbk.docx','2021-10-03 16:34:21.430743',NULL,'Tiết 5. LAI  HAI CẶP TÍNH TRẠNG (Tiếp)',6,4,'acept','2021-10-12 12:51:21.308460','',24,1,52,21),(312,'TIẾT 6. NHIỄM SẮC THỂ','lessons/mytt.as@nghean.edu.vn/tiet-6docx_2ZKrwvI.docx','2021-10-03 16:35:40.352247',NULL,'TIẾT 6. NHIỄM SẮC THỂ',7,4,'acept','2021-10-12 12:51:04.558835','',24,1,52,21),(313,'Tiết 7:  CHỦ ĐỀ PHÂN BÀO','lessons/mytt.as@nghean.edu.vn/tiet-7docx_8OnEQm9.docx','2021-10-03 16:36:51.605659',NULL,'Tiết 7:  CHỦ ĐỀ PHÂN BÀO',8,4,'acept','2021-10-12 12:50:50.068638','',24,1,52,21),(314,'Tiết 8:  CHỦ ĐỀ PHÂN BÀO (Tiếp)','lessons/mytt.as@nghean.edu.vn/tiet-8docx_cVQJ5F5.docx','2021-10-03 16:37:33.586452',NULL,'Tiết 8:  CHỦ ĐỀ PHÂN BÀO (Tiếp)',9,4,'acept','2021-10-12 12:50:33.504567','',24,1,52,21),(315,'Tiết 9:  CHỦ ĐỀ PHÂN BÀO (Tiếp)','lessons/mytt.as@nghean.edu.vn/tiet-9docx_jZmF31J.docx','2021-10-03 16:38:47.859432',NULL,'Tiết 9:  CHỦ ĐỀ PHÂN BÀO (Tiếp)',10,5,'acept','2021-10-12 12:50:20.672234','',24,1,52,21),(316,'Tiết 10 :  CƠ CHẾ XÁC ĐỊNH GIỚI TÍNH 	','lessons/mytt.as@nghean.edu.vn/tiet-10docx_7O01U7z.docx','2021-10-03 16:40:06.914793',NULL,'Tiết 10 :  CƠ CHẾ XÁC ĐỊNH GIỚI TÍNH',11,5,'acept','2021-10-12 12:50:07.708451','',24,1,52,21),(317,'Báo cáo hoạt động trải nghiệm sáng tạo','lessons/yendth.gdas@nghean.edu.vn/tiet-9-tnstaodocx.docx','2021-10-04 07:10:48.275040',NULL,'',16,5,'acept','2021-10-12 12:49:53.580946','',24,1,51,5),(318,'Bài 8: Cấu tạo và tính chất của xương','lessons/yendth.gdas@nghean.edu.vn/tiet-4-thuc-hanhdocx_ECJ8L9N.docx','2021-10-04 07:14:53.878494',NULL,'',17,5,'acept','2021-10-12 12:49:37.571769','',24,1,51,5),(319,'Bài 9: Cấu tạo và tính chất của cơ','lessons/yendth.gdas@nghean.edu.vn/tiet-10-cau-tao-tc-cua-codocx.docx','2021-10-04 07:15:46.838141',NULL,'',18,5,'acept','2021-10-12 09:12:24.880067','',24,1,51,5),(320,'Bài 10: Hoạt động của cơ','lessons/yendth.gdas@nghean.edu.vn/tiet-11-hoat-dong-cua-codocx.docx','2021-10-04 07:18:03.439009',NULL,'',19,5,'acept','2021-10-12 09:11:31.819938','',24,1,51,5),(321,'Bài 11: Tiến hóa của hệ vận động, vệ sinh hệ vận động','lessons/yendth.gdas@nghean.edu.vn/tiet-12-tien-hoa-hvddocx.docx','2021-10-04 07:18:59.849560',NULL,'',20,5,'acept','2021-10-12 09:11:17.144327','',24,1,51,5),(322,'Bài 20: Sự lớn lên và sinh sản của tế bào','lessons/yendth.gdas@nghean.edu.vn/bai20_su-lon-len-va-sinh-san-cua-tbdocx_DEd70rU.docx','2021-10-04 07:23:13.162773',NULL,'',17,5,'acept','2021-10-12 09:11:01.878005','',24,1,53,5),(323,'Bài 21: Thực hành quan sát và phân biệt một số loại tế bào','lessons/yendth.gdas@nghean.edu.vn/bai21_th-qs-va-pb-mot-so-loai-tbdocx_PYFX7OK.docx','2021-10-04 07:23:57.031085',NULL,'',18,5,'acept','2021-10-12 09:10:46.813236','',24,1,53,5),(324,'Bài 22: Cơ thể sinh vật','lessons/yendth.gdas@nghean.edu.vn/bai22_co-the-sinh-vatdocx.docx','2021-10-04 07:24:43.170712',NULL,'',19,5,'acept','2021-10-12 09:10:33.999171','',24,1,53,5),(326,'Bài 10: Hoạt động của cơ','lessons/yendth.gdas@nghean.edu.vn/tiet-11-hoat-dong-cua-codocx_6NyA4TT.docx','2021-10-04 07:45:00.913750',NULL,'',21,4,'acept','2021-10-12 09:10:19.077929','',24,1,51,5),(327,'Bài 6. Đông Nam Á Phong kiến','lessons/phuong.c2as@nghean.edu.vn/bai-6-cac-quoc-gia-phong-kien-dong-nam-appt.ppt','2021-10-04 07:45:04.502148','2021-10-04 07:49:38.352383','',7,4,'acept','2021-10-11 15:11:53.658046','',44,1,5,44),(328,'Bài 11: Tiến hóa của hệ vận động, vệ sinh hệ vận động','lessons/yendth.gdas@nghean.edu.vn/tiet-12-tien-hoa-hvddocx_oRaW9jv.docx','2021-10-04 07:45:35.282744',NULL,'',22,4,'acept','2021-10-12 09:09:57.579540','',24,1,51,5),(329,'Bài 8: Cấu tạo và tính chất của xương','lessons/yendth.gdas@nghean.edu.vn/tiet-4-thuc-hanhdocx_Ljc4KkM.docx','2021-10-04 07:48:06.882240',NULL,'',23,4,'acept','2021-10-12 09:09:38.488110','',24,1,51,5),(342,'Tứ giác','lessons/Chautt.c2as@nghean.edu.vn/tiet-1-tu-giacdocx.docx','2021-10-04 09:08:07.184625',NULL,'',2,2,'acept','2021-10-07 14:11:54.448826','',7,1,22,40),(343,'Hình bình hành','lessons/Chautt.c2as@nghean.edu.vn/tiet-10-hinh-binh-hanhdoc.doc','2021-10-04 09:11:49.041059',NULL,'',10,5,'acept','2021-10-07 14:11:22.077405','',7,1,22,40),(344,'Hình thang cân ','lessons/Chautt.c2as@nghean.edu.vn/tiet-3-hinh-thang-candocx.docx','2021-10-04 09:14:31.052887',NULL,'',3,3,'acept','2021-10-07 14:10:55.312828','',7,1,22,40),(345,'Đường trung bình tam giác , hình thang ','lessons/Chautt.c2as@nghean.edu.vn/uong-tb-tam-giac-hinh-thangdocx.docx','2021-10-04 09:16:51.279550',NULL,'',5,4,'acept','2021-10-07 14:10:24.166011','',7,1,22,40),(359,'Tôi đi học','lessons/hoaint.c2as@nghean.edu.vn/tiet-123docx.docx','2021-10-04 12:12:52.560245',NULL,'',1,1,'acept','2021-10-10 08:49:15.985508','',14,1,3,14),(360,'Tôi đi học','lessons/hoaint.c2as@nghean.edu.vn/tiet-123docx_KtEGHDR.docx','2021-10-04 12:13:14.271742',NULL,'',2,6,'acept','2021-10-10 08:49:02.431423','',14,1,3,14),(361,'Tôi đi học','lessons/hoaint.c2as@nghean.edu.vn/tiet-123docx_EvSXaah.docx','2021-10-04 12:13:35.916075',NULL,'',3,6,'acept','2021-10-10 08:48:50.808133','',14,1,3,14),(362,'Trong lòng mẹ','lessons/hoaint.c2as@nghean.edu.vn/tiet-567docx.docx','2021-10-04 12:15:26.226765',NULL,'',4,2,'acept','2021-10-10 08:48:38.084996','',14,1,3,14),(363,'Tính thống nhất về chủ đề văn bản','lessons/hoaint.c2as@nghean.edu.vn/tiet-7docx.docx','2021-10-04 12:16:31.981579',NULL,'',5,3,'acept','2021-10-10 08:48:25.609679','',14,1,3,14),(364,'Bố cục văn bản','lessons/hoaint.c2as@nghean.edu.vn/tiet-8docx.docx','2021-10-04 12:17:26.942329',NULL,'',6,3,'acept','2021-10-10 08:48:04.101690','',14,1,3,14),(365,'Trường từ vựng','lessons/hoaint.c2as@nghean.edu.vn/tiet-9docx.docx','2021-10-04 12:25:10.994168',NULL,'',7,3,'acept','2021-10-10 08:47:52.114050','',14,1,3,14),(366,'Tức nước vỡ bờ','lessons/hoaint.c2as@nghean.edu.vn/tiet-1011docx.docx','2021-10-04 12:26:20.428586',NULL,'',8,3,'acept','2021-10-10 08:47:40.380254','',14,1,3,14),(367,'Xây dựng đoạn văn trong văn bản','lessons/hoaint.c2as@nghean.edu.vn/tiet-1213docx.docx','2021-10-04 12:28:18.807225',NULL,'',9,4,'acept','2021-10-10 08:47:21.463664','',14,1,3,14),(368,'Lão Hạc','lessons/hoaint.c2as@nghean.edu.vn/tiet-1415docx.docx','2021-10-04 12:28:59.558917',NULL,'',10,4,'acept','2021-10-10 08:47:05.852164','',14,1,3,14),(369,'ÔN TẬP TRUYỆN KÍ VIỆT NAM','lessons/hoaint.c2as@nghean.edu.vn/tiet-1617-van-8docx_rfril3V.docx','2021-10-04 12:29:43.128109',NULL,'',11,4,'acept','2021-10-10 08:46:46.431099','',14,1,3,14),(370,'TỪ TƯỢNG HÌNH, TỪ TƯỢNG THANH','lessons/hoaint.c2as@nghean.edu.vn/tiet-18-van-8docx_bLz0oDB.docx','2021-10-04 12:31:03.907945',NULL,'',12,5,'acept','2021-10-10 08:46:08.172270','',14,1,3,14),(371,'LIÊN KẾT CÁC ĐOẠN VĂN TRONG VĂN BẢN','lessons/hoaint.c2as@nghean.edu.vn/tiet-19-van-8docx_dTPczh2.docx','2021-10-04 12:31:36.527781',NULL,'',13,5,'acept','2021-10-10 08:45:55.524092','',14,1,3,14),(372,'CÔ BÉ BÁN DIÊM','lessons/hoaint.c2as@nghean.edu.vn/tiet-2021-van-8docx_WtT3t7I.docx','2021-10-04 12:32:11.696127',NULL,'',14,5,'acept','2021-10-10 08:45:42.616110','',14,1,3,14),(373,'TỪ NGỮ ĐỊA PHƯƠNG VÀ BIỆT NGỮ XÃ HỘI','lessons/hoaint.c2as@nghean.edu.vn/tiet-22van-8docx_L359JVb.docx','2021-10-04 12:32:48.727879',NULL,'',15,5,'acept','2021-10-10 08:45:25.451925','',14,1,3,14),(374,'Bài 7. Những nét chung về xã hội phong kiến','lessons/phuong.c2as@nghean.edu.vn/bai-7-nhung-net-chung-ve-xa-hoi-phong-kiendoc.doc','2021-10-04 13:08:58.572500',NULL,'',8,5,'acept','2021-10-11 15:11:04.303323','',44,1,5,44),(375,'Bài . Nước ta buổi đầu độc lập','lessons/phuong.c2as@nghean.edu.vn/bai-8-nuoc-ta-buoi-dau-doc-lapppt_EzLVKsi.ppt','2021-10-04 13:12:50.887384',NULL,'',9,5,'acept','2021-10-11 15:10:12.191602','',44,1,5,44),(376,'Bài. Nước Đại Cồ Việt thời Đinh Tiền Lê','lessons/phuong.c2as@nghean.edu.vn/bai-9-nuoc-ai-co-viet-tiet-1ppt.ppt','2021-10-04 13:15:29.308235',NULL,'',10,5,'acept','2021-10-11 15:09:13.828631','',44,1,5,44),(377,'Bài. Nước .... thời Đinh Tiền Lê (tiết 2)','lessons/phuong.c2as@nghean.edu.vn/bai-9-nuoc-dai-co-viet-tiet-2ppt.ppt','2021-10-04 13:18:37.232099',NULL,'',11,5,'acept','2021-10-11 15:08:26.343767','',44,1,5,44),(378,'Bài. Ấn Độ phong kiến','lessons/phuong.c2as@nghean.edu.vn/bai-5-an-o-thoi-phong-kiendoc_7LLjRUo.doc','2021-10-04 13:21:14.514208',NULL,'',6,4,'acept','2021-10-11 15:07:39.922541','',44,1,5,44),(388,'Giáo án Văn 9 từ tiết 20 đến tiết 25','lessons/loanntk.c2as@nghean.edu.vn/tuan-5-van-9doc.doc','2021-10-04 14:45:11.964085',NULL,'',5,5,'acept','2021-10-10 08:45:11.164057','',14,1,4,18),(389,'Giáo án Văn 9 từ tiết 26 đến tiết 30','lessons/loanntk.c2as@nghean.edu.vn/tuan-6-van-9doc.doc','2021-10-04 14:46:12.204472',NULL,'',6,6,'acept','2021-10-10 08:44:52.530334','',14,1,4,18),(398,'Tiết 2 Số Học 6','lessons/hadtn.c2as@nghean.edu.vn/tiet-2-so-hoc-6docx.docx','2021-10-05 00:39:05.840834',NULL,'',2,1,'acept','2021-10-07 14:09:51.392911','',7,1,20,11),(399,'Tiết 3 Số Học 6','lessons/hadtn.c2as@nghean.edu.vn/tiet-3-so-hoc-6docx.docx','2021-10-05 00:40:11.961697',NULL,'',3,1,'acept','2021-10-07 14:06:26.220385','',7,1,20,11),(400,'Tiết 4 Số học 6','lessons/hadtn.c2as@nghean.edu.vn/tiet-4-so-hoc-6docx.docx','2021-10-05 00:40:57.300625',NULL,'',4,1,'acept','2021-10-07 14:05:53.601002','',7,1,20,11),(401,'Tiết 5 Số học 6','lessons/hadtn.c2as@nghean.edu.vn/tiet-5-so-hoc-6docx.docx','2021-10-05 00:42:15.849448',NULL,'',5,2,'acept','2021-10-07 14:05:28.561382','',7,1,20,11),(402,'Tiết 6 Số học 6','lessons/hadtn.c2as@nghean.edu.vn/tiet-6-so-hoc-6docx.docx','2021-10-05 00:43:03.852211',NULL,'',6,2,'acept','2021-10-07 14:05:06.892461','',7,1,20,11),(403,'Tiết 7 Số học 6','lessons/hadtn.c2as@nghean.edu.vn/tiet-7-so-hoc-6docx.docx','2021-10-05 00:43:45.076871',NULL,'',7,2,'acept','2021-10-07 14:04:48.098178','',7,1,20,11),(404,'Tiết 8 Số học 6','lessons/hadtn.c2as@nghean.edu.vn/tiet-8-so-hoc-6docx.docx','2021-10-05 00:44:39.384658',NULL,'',8,2,'acept','2021-10-07 14:04:25.251084','',7,1,20,11),(405,'Tiết 9 Số học 6','lessons/hadtn.c2as@nghean.edu.vn/tiet-9-so-hoc-6docx.docx','2021-10-05 00:46:31.628780',NULL,'',9,3,'acept','2021-10-07 14:04:02.276826','',7,1,20,11),(406,'Tiết 10 Số học 6','lessons/hadtn.c2as@nghean.edu.vn/tiet-10-so-hoc-6docx.docx','2021-10-05 00:47:03.724616',NULL,'',10,3,'acept','2021-10-07 14:03:39.036009','',7,1,20,11),(407,'Tiết 11 Số học 6','lessons/hadtn.c2as@nghean.edu.vn/tiet-11-so-hoc-6docx.docx','2021-10-05 00:48:02.267119',NULL,'',11,3,'acept','2021-10-07 14:03:13.995299','',7,1,20,11),(408,'Tiết 12 Số Học 6','lessons/hadtn.c2as@nghean.edu.vn/tiet-12-so-hoc-6docx.docx','2021-10-05 00:51:04.628909',NULL,'',12,3,'acept','2021-10-07 14:02:46.293030','',7,1,20,11),(409,'Tiết 1 Hình học 6','lessons/hadtn.c2as@nghean.edu.vn/tiet-1-hinh-hocdocx.docx','2021-10-05 00:56:11.007818',NULL,'',13,3,'acept','2021-10-07 14:02:23.529292','',7,1,20,11),(410,'Tiết 2 Hình học','lessons/hadtn.c2as@nghean.edu.vn/tiet-2-hinh-hocdocx_JNi63Jd.docx','2021-10-05 02:46:36.763612',NULL,'',14,3,'acept','2021-10-07 14:01:58.081005','',7,1,20,11),(411,'Tiết 3 Hình học 6','lessons/hadtn.c2as@nghean.edu.vn/tiet-3-hinh-hocdocx.docx','2021-10-05 02:47:17.214172',NULL,'',15,3,'acept','2021-10-07 14:01:34.852663','',7,1,20,11),(412,'Tiết 4 Hình học 6','lessons/hadtn.c2as@nghean.edu.vn/tiet-4-hinh-hocdocx.docx','2021-10-05 02:48:01.066356',NULL,'',16,4,'acept','2021-10-07 14:01:01.505382','',7,1,20,11),(413,'Tiết 5 Hình học 6','lessons/hadtn.c2as@nghean.edu.vn/tiet-5-hinh-hocdocx.docx','2021-10-05 02:48:38.915233',NULL,'',17,4,'acept','2021-10-07 14:00:39.825232','',7,1,20,11),(414,'Tiết 6 Hình học 6','lessons/hadtn.c2as@nghean.edu.vn/tiet-6-hinh-hocdocx.docx','2021-10-05 02:49:21.829092',NULL,'',18,4,'acept','2021-10-07 14:00:15.601260','',7,1,20,11),(415,'Tiết 13 Số học 6','lessons/hadtn.c2as@nghean.edu.vn/tiet-13-so-hoc-6docx.docx','2021-10-05 02:50:24.240725',NULL,'',19,4,'acept','2021-10-07 13:59:52.125036','',7,1,20,11),(416,'Tiết 14 Số học 6','lessons/hadtn.c2as@nghean.edu.vn/tiet-14-so-hoc-6docx.docx','2021-10-05 02:50:53.968410',NULL,'',20,4,'acept','2021-10-07 13:59:29.556916','',7,1,20,11),(417,'Tiết 15 Số học 6','lessons/hadtn.c2as@nghean.edu.vn/tiet-15-so-hoc-6docx.docx','2021-10-05 02:51:36.327552',NULL,'',21,4,'acept','2021-10-07 13:59:07.379506','',7,1,20,11),(418,'Tiết 16 Số học 6','lessons/hadtn.c2as@nghean.edu.vn/tiet-16-so-hoc-6docx.docx','2021-10-05 02:52:13.995644',NULL,'',22,5,'acept','2021-10-07 13:58:45.669766','',7,1,20,11),(419,'Tiết 17 Số học 6','lessons/hadtn.c2as@nghean.edu.vn/tiet-17-so-hoc-6docx.docx','2021-10-05 02:52:48.029969',NULL,'',23,5,'acept','2021-10-07 13:58:21.466474','',7,1,20,11),(420,'Tiết 18 Số học 6','lessons/hadtn.c2as@nghean.edu.vn/tiet-18-so-hoc-6docx.docx','2021-10-05 02:53:17.260321',NULL,'',24,5,'acept','2021-10-07 13:57:57.106722','',7,1,20,11),(421,'Tiết 19 Số học 6','lessons/hadtn.c2as@nghean.edu.vn/tiet-19-so-hoc-6docx.docx','2021-10-05 02:53:45.984880',NULL,'',25,5,'acept','2021-10-07 13:57:36.759856','',7,1,20,11),(422,'Tiết 7 Hình học 6','lessons/hadtn.c2as@nghean.edu.vn/tiet-7-hinh-hoc-6docx.docx','2021-10-05 02:54:14.628916',NULL,'',26,5,'acept','2021-10-07 13:57:14.013089','',7,1,20,11),(423,'Tiết 8 Hình học 6','lessons/hadtn.c2as@nghean.edu.vn/tiet-8-hinh-hoc-6docx.docx','2021-10-05 02:56:30.960373',NULL,'',27,5,'acept','2021-10-07 13:56:53.112867','',7,1,20,11),(424,'Unit 1 lesson 1','lessons/luongdt.c2as@nghean.edu.vn/unit-1-lesson-1docx_jbO2hBm.docx','2021-10-05 02:58:07.249596',NULL,'',1,1,'acept','2021-10-10 01:13:01.672632','',13,1,18,19),(425,'unit 1 lesson 2','lessons/luongdt.c2as@nghean.edu.vn/unit-1lesson-2docx.docx','2021-10-05 02:58:59.830103',NULL,'',2,1,'acept','2021-10-10 01:12:36.072355','',13,1,18,19),(426,'unit 1 lesson 3','lessons/luongdt.c2as@nghean.edu.vn/unit-1-lesson-3docx.docx','2021-10-05 02:59:47.664668',NULL,'',3,1,'acept','2021-10-10 01:09:26.408229','',13,1,18,19),(427,'Tiết 4 Hình học 7','lessons/hadtn.c2as@nghean.edu.vn/tiet-4-hinh-hoc-7docx.docx','2021-10-05 03:00:38.342148',NULL,'',12,3,'acept','2021-10-07 13:56:26.234037','',7,1,21,11),(428,'Tiết 5 Hình học 7','lessons/hadtn.c2as@nghean.edu.vn/tiet-5-hinh-hoc-7docx.docx','2021-10-05 03:01:14.844516',NULL,'',13,3,'acept','2021-10-07 13:55:55.783408','',7,1,21,11),(429,'Tiết 6 Hình học 7','lessons/hadtn.c2as@nghean.edu.vn/tiet-6-hinh-hoc-7docx.docx','2021-10-05 03:02:23.104456',NULL,'',14,4,'acept','2021-10-07 13:55:28.724374','',7,1,21,11),(430,'Tiết 7 Hình học 7','lessons/hadtn.c2as@nghean.edu.vn/tiet-7-hinh-hoc-7docx.docx','2021-10-05 03:03:12.264081',NULL,'',15,4,'acept','2021-10-07 08:39:51.262148','',7,1,21,11),(432,'So hoc - Tiet 4 - Bai 4 - Phep cong va tru so tu nhien','lessons/truongbx.c2as@nghean.edu.vn/so-hoc-tiet-4-bai-4-phep-cong-va-tru-so-tu-nhiendoc_J6Ph3HT.doc','2021-10-05 03:03:55.073893',NULL,'',4,1,'acept','2021-10-07 08:39:22.423547','',7,1,20,37),(433,'Tiết 8 Hình học 7','lessons/hadtn.c2as@nghean.edu.vn/tiet-8-hinh-hoc-7docx_uYJpd7j.docx','2021-10-05 03:05:34.600159',NULL,'',17,4,'acept','2021-10-07 08:38:59.273523','',7,1,21,11),(434,'Tiết 9 Hình học 7','lessons/hadtn.c2as@nghean.edu.vn/tiet-9-hinh-hoc-7docx.docx','2021-10-05 03:06:14.063602',NULL,'',18,4,'acept','2021-10-07 08:38:27.599168','',7,1,21,11),(435,'Tiết 10 Hình học 7','lessons/hadtn.c2as@nghean.edu.vn/tiet-10-hinh-hoc-7docx.docx','2021-10-05 03:06:48.829952',NULL,'',19,4,'acept','2021-10-07 08:38:03.403257','',7,1,21,11),(436,'Tiết 9 Đại số 7','lessons/hadtn.c2as@nghean.edu.vn/tiet-9-ai-so-7docx.docx','2021-10-05 03:08:21.979008',NULL,'',20,4,'acept','2021-10-07 08:37:12.248396','',7,1,21,11),(437,'Tiết 10 Đại số 7','lessons/hadtn.c2as@nghean.edu.vn/tiet-10-ai-so-7docx.docx','2021-10-05 03:09:29.372174',NULL,'',21,4,'acept','2021-10-07 08:36:45.982814','',7,1,21,11),(438,'unit 1 lesson 4','lessons/luongdt.c2as@nghean.edu.vn/unit-1lesson-4docx.docx','2021-10-05 03:09:36.358297',NULL,'',4,2,'acept','2021-10-10 01:12:21.423523','',13,1,18,19),(439,'unit 1 lesson 5','lessons/luongdt.c2as@nghean.edu.vn/unit-1lesson-5docx.docx','2021-10-05 03:10:13.346558',NULL,'',5,2,'acept','2021-10-10 01:12:03.418914','',13,1,18,19),(440,'Tiết 11 Đại số 7','lessons/hadtn.c2as@nghean.edu.vn/tiet-11-ai-so-7docx.docx','2021-10-05 03:10:16.801478',NULL,'',22,5,'acept','2021-10-07 08:36:23.316650','',7,1,21,11),(441,'unit 1 lesson 6','lessons/luongdt.c2as@nghean.edu.vn/unit-1lesson-6docx.docx','2021-10-05 03:10:42.716835',NULL,'',6,2,'acept','2021-10-10 01:11:35.002764','',13,1,18,19),(442,'unit 1 lesson 7','lessons/luongdt.c2as@nghean.edu.vn/unit-1lesson-7docx.docx','2021-10-05 03:14:35.828038',NULL,'',7,3,'acept','2021-10-10 01:11:21.152832','',13,1,18,19),(443,'unit 2 lesson 1','lessons/luongdt.c2as@nghean.edu.vn/unit-2-lesson-1docx.docx','2021-10-05 03:15:30.475322',NULL,'',8,3,'acept','2021-10-10 01:10:58.795970','',13,1,18,19),(444,'unit 2 lesson 2','lessons/luongdt.c2as@nghean.edu.vn/unit-2-lesson-2docx.docx','2021-10-05 03:16:20.333037',NULL,'',9,3,'acept','2021-10-10 01:10:41.319911','',13,1,18,19),(445,'ĐS 9 - Tiết 1 - Căn bậc hai','lessons/truongbx.c2as@nghean.edu.vn/ds-9-tiet-1doc.doc','2021-10-05 03:16:55.397134',NULL,'',1,1,'acept','2021-10-07 08:35:02.268063','',7,1,23,37),(446,'HH 9 - Tiết 1 - Một số hệ thức về cạnh và đường cao trong tam giác vuông','lessons/truongbx.c2as@nghean.edu.vn/hh-9-tiet-123doc.doc','2021-10-05 03:22:55.384235',NULL,'',2,1,'acept','2021-10-07 08:34:29.348405','',7,1,23,37),(447,'HH 9 - Tiết 2 - Một số hệ thức về cạnh và đường cao trong tam giác vuông','lessons/truongbx.c2as@nghean.edu.vn/hh-9-tiet-123doc_RvcJN8P.doc','2021-10-05 03:23:21.688291',NULL,'',3,1,'acept','2021-10-07 08:34:09.562446','',7,1,23,37),(448,'HH 9 - Tiết 3 - Một số hệ thức về cạnh và đường cao trong tam giác vuông','lessons/truongbx.c2as@nghean.edu.vn/hh-9-tiet-123doc_lLHOW6i.doc','2021-10-05 03:23:47.544147',NULL,'',4,1,'acept','2021-10-07 08:33:45.852918','',7,1,23,37),(450,'unit 2 lesson 2','lessons/luongdt.c2as@nghean.edu.vn/unit-2-lesson-2docx_TTspLNp.docx','2021-10-05 03:26:21.636370',NULL,'',10,4,'acept','2021-10-10 01:10:23.836184','',13,1,18,19),(451,'unit 2 lesson 3','lessons/luongdt.c2as@nghean.edu.vn/unit-2-lesson-3docx.docx','2021-10-05 03:27:17.084329',NULL,'',11,4,'acept','2021-10-10 01:10:05.065361','',13,1,18,19),(452,'unit 2 lesson 4','lessons/luongdt.c2as@nghean.edu.vn/unit-2-lesson-4docx.docx','2021-10-05 03:28:59.813863',NULL,'',12,4,'acept','2021-10-10 01:09:43.380944','',13,1,18,19),(453,'unit 3 lesson 1','lessons/luongdt.c2as@nghean.edu.vn/unit-3-lesson-1docx.docx','2021-10-05 03:29:45.904194',NULL,'',13,4,'acept','2021-10-10 01:09:08.356020','',13,1,18,19),(454,'unit 3 lesson 2','lessons/luongdt.c2as@nghean.edu.vn/unit-3-lesson-2docx.docx','2021-10-05 03:30:19.729716',NULL,'',14,4,'acept','2021-10-10 01:08:52.936127','',13,1,18,19),(455,'unit 3 lesson 2','lessons/luongdt.c2as@nghean.edu.vn/unit-3-lesson-2docx_T6fDbVW.docx','2021-10-05 03:36:50.935891',NULL,'',15,5,'acept','2021-10-10 01:08:33.468747','',13,1,18,19),(456,'unit 3 lesson 3','lessons/luongdt.c2as@nghean.edu.vn/unit-3-lesson-3docx.docx','2021-10-05 03:37:34.281849',NULL,'',16,5,'acept','2021-10-10 01:08:17.550155','',13,1,18,19),(457,'unit 3 lesson 4','lessons/luongdt.c2as@nghean.edu.vn/unit-3-lesson-4docx.docx','2021-10-05 03:38:05.968853',NULL,'',17,5,'acept','2021-10-10 01:08:04.895850','',13,1,18,19),(458,'review 1','lessons/luongdt.c2as@nghean.edu.vn/review-1docx.docx','2021-10-05 03:38:32.392410',NULL,'',18,5,'acept','2021-10-10 01:05:05.382320','',13,1,18,19),(459,'review 2','lessons/luongdt.c2as@nghean.edu.vn/review-2docx.docx','2021-10-05 03:38:54.568329',NULL,'',19,5,'acept','2021-10-10 01:07:49.068231','',13,1,18,19),(460,'1st mid tearm test','lessons/luongdt.c2as@nghean.edu.vn/1st-mid-tearmtestdocx.docx','2021-10-05 03:39:37.332741',NULL,'',20,5,'acept','2021-10-10 01:07:32.412733','',13,1,18,19),(461,'HH 9 - Tiết 10 - Ứng dụng các tỉ số...','lessons/truongbx.c2as@nghean.edu.vn/hh-9-tiet-101112doc.doc','2021-10-05 03:43:19.655005',NULL,'',5,5,'acept','2021-10-07 08:33:26.651974','',7,1,23,37),(462,'HH 9 - Tiết 11 - Ôn tập chương I','lessons/truongbx.c2as@nghean.edu.vn/hh-9-tiet-11doc.doc','2021-10-05 03:45:14.959782',NULL,'',6,5,'acept','2021-10-07 08:33:03.233280','',7,1,23,37),(463,'HH 9 - Tiết 12 - Ôn tập chương I','lessons/truongbx.c2as@nghean.edu.vn/hh-9-tiet-12doc.doc','2021-10-05 03:45:51.843594',NULL,'',7,5,'acept','2021-10-07 08:32:30.000956','',7,1,23,37),(464,'HH 9 - Tiết 13 - Sự xác định đường tròn...','lessons/truongbx.c2as@nghean.edu.vn/hh-9-tiet-13doc.doc','2021-10-05 03:52:01.720094',NULL,'',8,5,'acept','2021-10-07 08:32:01.505227','',7,1,23,37),(465,'ĐS 9 - Tiết 9 - Biến đổi đơn giản ...','lessons/truongbx.c2as@nghean.edu.vn/ds-9-tiet-9doc.doc','2021-10-05 03:53:11.475876',NULL,'',9,5,'acept','2021-10-07 08:31:34.509593','',7,1,23,37),(466,'ĐS 9 - Tiết 10 - Rút gọn biểu thức chứa căn thức bậc hai','lessons/truongbx.c2as@nghean.edu.vn/ds-9-tiet-10doc.doc','2021-10-05 03:53:57.960282',NULL,'',10,5,'acept','2021-10-07 08:30:44.589110','',7,1,23,37),(467,'Bài 1- Tiết 1: Từ máy tính đến mạng máy tính','lessons/dungnd.as@nghean.edu.vn/ban-khai-maudocx.docx','2021-10-05 08:26:11.835886',NULL,'',1,6,'acept','2021-10-07 14:18:54.625649','',7,1,36,9),(468,'Lịch sử 7 tiết 1 bài 1S]j hình thành và phát triển....','lessons/hadtb.c2as@nghean.edu.vn/lich-su-7-tiet-1-bai-1-su-hinh-thanh-phat-triendocx.docx','2021-10-05 09:18:40.327223','2021-10-05 09:21:04.897192','',1,1,'acept','2021-10-11 15:06:41.200787','',44,1,5,10),(469,'Lịch sử 7 tiết 2 Bài 2 Sự suy vong của chế độ  ....','lessons/hadtb.c2as@nghean.edu.vn/lich-su-7-tiet-2-bai-2-su-suy-vong-cua-docx.docx','2021-10-05 09:28:53.626976',NULL,'',2,1,'acept','2021-10-11 15:05:57.901091','',44,1,5,10),(470,'Lịch sử 7 tiết 3 Bài 3 Cuộc đấu tranh của gia cấp ...','lessons/hadtb.c2as@nghean.edu.vn/lich-su-7-tiet-3-bai-3-cuoc-au-tranh-cua-gia-cap-tu-sandocx.docx','2021-10-05 09:31:00.167247',NULL,'',3,1,'acept','2021-10-11 15:05:03.482813','',44,1,5,10),(471,'Bài 1. Tiết 1: Tôi đi học','lessons/thaonts.c2as@nghean.edu.vn/van-8-tuan-12docx.docx','2021-10-05 10:24:21.264790',NULL,'',1,1,'acept','2021-10-10 08:44:36.045962','',14,1,3,33),(476,'Bài 1. Tiết 1: Giới thiệu bài học','lessons/thaonts.c2as@nghean.edu.vn/van-6-tuan-1docx.docx','2021-10-05 10:39:04.672610',NULL,'',1,1,'acept','2021-10-10 08:44:17.332063','',14,1,1,33),(478,' Tiết 2: Bài học đường đời đầu tiên (Tiết 1)','lessons/thaonts.c2as@nghean.edu.vn/van-6-tuan-1docx_5u52MB5.docx','2021-10-05 10:41:33.508179',NULL,'',2,1,'acept','2021-10-10 08:44:00.728250','',14,1,1,33),(479,'Tiết 3; bài học đường đời đầu tiên','lessons/thaonts.c2as@nghean.edu.vn/van-6-tuan-1docx_jLoCCDY.docx','2021-10-05 10:42:22.138270',NULL,'',3,6,'acept','2021-10-10 08:36:57.291500','',14,1,1,33),(480,'Tiết 4: Thực hành tiếng việt','lessons/thaonts.c2as@nghean.edu.vn/van-6-tuan-1docx_vx4uENG.docx','2021-10-05 10:44:19.578736',NULL,'',4,1,'acept','2021-10-10 08:42:38.434584','',14,1,1,33),(481,'Nếu cậu muốn có một người bạn','lessons/thaonts.c2as@nghean.edu.vn/van-6-tuan-2docx.docx','2021-10-05 10:55:19.541195',NULL,'',5,2,'acept','2021-10-10 08:42:56.736146','',14,1,1,33),(482,'Tiết 6: nếu cậu muốn có một người bạn( Tiết 2)','lessons/thaonts.c2as@nghean.edu.vn/van-6-tuan-2docx_vqtxhF0.docx','2021-10-05 10:56:20.592212',NULL,'',6,2,'pending','2021-10-05 10:56:20.742598','',NULL,1,1,33),(483,'Tiết 7: Thực hành tiếng Việt','lessons/thaonts.c2as@nghean.edu.vn/van-6-tuan-2docx_0FnsN0v.docx','2021-10-05 10:57:01.073539',NULL,'',7,2,'acept','2021-10-10 02:49:08.877117','',14,1,1,33),(484,'Tiết 8: Bắt nạt','lessons/thaonts.c2as@nghean.edu.vn/van-6-tuan-2docx_PYnrilH.docx','2021-10-05 10:58:00.521870',NULL,'',8,2,'acept','2021-10-10 02:47:17.919384','',14,1,1,33),(485,'Tiết 9:Bắt nạt (T2)','lessons/thaonts.c2as@nghean.edu.vn/van-6-tuan-3docx.docx','2021-10-05 10:58:55.069484',NULL,'',9,3,'acept','2021-10-10 08:41:52.631837','',14,1,1,33),(486,'Tiết 10: viết bài văn kể lại một trải nghiệm','lessons/thaonts.c2as@nghean.edu.vn/van-6-tuan-3docx_LUcK9eg.docx','2021-10-05 11:03:19.060127',NULL,'',10,3,'acept','2021-10-10 08:42:13.494929','',14,1,1,33),(487,'Tiiết 11: Viết bài văn...','lessons/thaonts.c2as@nghean.edu.vn/van-6-tuan-3docx_kNeEPEB.docx','2021-10-05 11:04:35.864925',NULL,'',11,3,'acept','2021-10-10 08:43:35.768372','',14,1,1,33),(488,'Tiết 12: Thực hàng: Viết bài văn','lessons/thaonts.c2as@nghean.edu.vn/van-6-tuan-3docx_1YxC15y.docx','2021-10-05 11:05:29.400231',NULL,'',12,3,'acept','2021-10-10 08:39:47.401722','',14,1,1,33),(489,'Số học - Tiết 13 - Bai 8 - Quan hệ chia hết và tính chất','lessons/truongbx.c2as@nghean.edu.vn/so-hoc-tiet-1314-quan-he-chia-het-va-tinh-chatdoc.doc','2021-10-05 12:19:50.642071',NULL,'',5,5,'acept','2021-10-07 08:30:20.921319','',7,1,20,37),(490,'Số học - Tiết 14 - Bai 8 - Quan hệ chia hết và tính chất','lessons/truongbx.c2as@nghean.edu.vn/so-hoc-tiet-1314-quan-he-chia-het-va-tinh-chatdoc_Nc6QqBD.doc','2021-10-05 12:20:37.715302',NULL,'',6,5,'acept','2021-10-07 08:29:58.252340','',7,1,20,37),(491,'Số học - Tiết 15 - Bai 9 - Dấu hiệu chia hết','lessons/truongbx.c2as@nghean.edu.vn/so-hoc-tiet-1516-dau-hieu-chia-hetdoc.doc','2021-10-05 12:21:42.941905',NULL,'',7,5,'acept','2021-10-07 08:29:35.208166','',7,1,20,37),(492,'Số học - Tiết 16 - Bai 9 - Dấu hiệu chia hết','lessons/truongbx.c2as@nghean.edu.vn/so-hoc-tiet-1516-dau-hieu-chia-hetdoc_6gPTBLs.doc','2021-10-05 12:22:03.267496',NULL,'',8,5,'acept','2021-10-07 08:29:12.710745','',7,1,20,37),(493,'Tiết 1-Nhận biết ánh sáng – Nguồn sáng và vật sáng','lessons/mainv.c2as@nghean.edu.vn/tiet-1-nhan-biet-anh-sang-nguon-sang-va-vat-sangdoc.doc','2021-10-05 12:27:24.295451',NULL,'Chương I Quang học',1,1,'acept','2021-10-12 09:09:22.636731','',24,1,24,28),(494,'Số học - Tiết 5 - Phép nhân chia số tự nhiên','lessons/truongbx.c2as@nghean.edu.vn/so-hoc-tiet-56-phep-nhan-va-chia-so-tu-nhiendoc.doc','2021-10-05 12:54:21.192877',NULL,'',9,2,'acept','2021-10-07 08:28:51.260543','',7,1,20,37),(495,'Số học - Tiết 6 - Phép nhân chia số tự nhiên','lessons/truongbx.c2as@nghean.edu.vn/so-hoc-tiet-56-phep-nhan-va-chia-so-tu-nhiendoc_EOLxrQ4.doc','2021-10-05 12:55:44.347065',NULL,'',10,2,'acept','2021-10-07 08:28:27.535381','',7,1,20,37),(496,'So hoc - Tiet 7 - Luyen tap chung','lessons/truongbx.c2as@nghean.edu.vn/so-hoc-tiet-7-luyen-tap-chungdoc.doc','2021-10-05 12:56:31.295487',NULL,'',11,2,'acept','2021-10-07 08:27:57.407379','',7,1,20,37),(497,'So hoc - Tiet 8 - Luy thừa với số mũ tu nhien','lessons/truongbx.c2as@nghean.edu.vn/so-hoc-tiet-8-luy-thua-voi-so-mu-tu-nhiendoc.doc','2021-10-05 12:57:22.475049',NULL,'',12,2,'acept','2021-10-07 08:27:27.968904','',7,1,20,37),(498,'So hoc - Tiet 9 - Luy thừa với số mũ tu nhien','lessons/truongbx.c2as@nghean.edu.vn/so-hoc-tiet-9-luy-thua-voi-so-mu-tu-nhiendoc.doc','2021-10-05 12:57:45.460987',NULL,'',13,2,'acept','2021-10-07 08:27:02.724754','',7,1,20,37),(499,'ĐS 9 - Tiết 1 - Căn bậc hai','lessons/truongbx.c2as@nghean.edu.vn/ds-9-tiet-1doc_40xnN8x.doc','2021-10-05 13:01:58.070731',NULL,'',11,2,'acept','2021-10-07 08:26:25.510542','',7,1,23,37),(500,'ĐS 9 - Tiết 2 - Căn thức bậc hai và HĐT','lessons/truongbx.c2as@nghean.edu.vn/ds-9-tiet-2doc.doc','2021-10-05 13:03:02.031535',NULL,'',12,2,'acept','2021-10-07 08:26:04.321353','',7,1,23,37),(501,'ĐS 9 - Tiết 3 - Luyện tập','lessons/truongbx.c2as@nghean.edu.vn/ds-9-tiet-3doc.doc','2021-10-05 13:03:46.587520',NULL,'',13,2,'acept','2021-10-07 08:25:42.892300','',7,1,23,37),(503,'ĐS 9 - Tiết 4 - Liên hệ gữa phép nhân và phép khai phương','lessons/truongbx.c2as@nghean.edu.vn/ds-9-tiet-4doc.doc','2021-10-05 13:04:42.009696',NULL,'',14,2,'acept','2021-10-07 08:25:25.236172','',7,1,23,37),(504,'Tiết 1 (Đại số): Tập hợp Q các số hữu tỉ','lessons/phuongdt.c2as@nghean.edu.vn/tiet-1-tap-hop-q-cac-so-huu-tidocx.docx','2021-10-05 13:20:04.399096',NULL,'',1,1,'acept','2021-10-07 08:25:02.203520','',7,1,21,7),(505,'Tiết 2-Sự truyền ánh sáng','lessons/mainv.c2as@nghean.edu.vn/tiet-2-su-truyen-anh-sangdoc.doc','2021-10-05 13:21:37.638204',NULL,'QH',2,2,'acept','2021-10-12 09:09:10.379990','',24,1,24,28),(506,'Tiết 3-Ứng dụng định luật truyền thẳng của ánh sáng','lessons/mainv.c2as@nghean.edu.vn/tiet-3-ung-dung-inh-luat-truyen-thang-cua-anh-sangdoc.doc','2021-10-05 13:22:56.112863',NULL,'QH',3,3,'acept','2021-10-12 09:08:44.344092','',24,1,24,28),(507,'Tiết 4-Định luật phản xạ ánh sáng','lessons/mainv.c2as@nghean.edu.vn/tiet-4-inh-luat-phan-xa-anh-sangdoc.doc','2021-10-05 13:23:45.854991',NULL,'QH',4,4,'acept','2021-10-12 09:08:30.635860','',24,1,24,28),(508,'Tiết 5-Ảnh của một vật tạo bởi gương phẳng','lessons/mainv.c2as@nghean.edu.vn/tiet-5-anh-cua-mot-vat-tao-boi-guong-phangdoc.doc','2021-10-05 13:24:54.077104',NULL,'QH',5,5,'acept','2021-10-12 09:08:16.006778','',24,1,24,28),(509,'Tiết 2 (Đại số): Cộng, trừ số hữu tỉ','lessons/phuongdt.c2as@nghean.edu.vn/tiet-2-cong-tru-so-huu-tidocx.docx','2021-10-05 13:25:19.992562',NULL,'',2,1,'acept','2021-10-07 08:24:40.116049','',7,1,21,7),(510,'Tiết 6-Gương cầu lồi','lessons/mainv.c2as@nghean.edu.vn/tiet-6-guong-cau-loidoc.doc','2021-10-05 13:26:21.158676',NULL,'QH',6,6,'acept','2021-10-12 09:07:58.071991','',24,1,24,28),(511,'Tiết 1 (Hình học): Hai góc đối đỉnh','lessons/phuongdt.c2as@nghean.edu.vn/tiet-1-hai-goc-doi-dinhdocx.docx','2021-10-05 13:28:14.040045',NULL,'',3,1,'acept','2021-10-07 08:08:16.967031','',7,1,21,7),(512,'Tiết 1-Sự phụ thuộc của cường độ dòng điện vào hiệu điện thế giữa hai đầu dây dẫn','lessons/mainv.c2as@nghean.edu.vn/tiet-1-su-phu-thuoc-cua-cuong-o-dong-ien-vao-hieu-ien-the-giua-hai-','2021-10-05 13:28:19.142993',NULL,'ĐH',1,1,'acept','2021-10-12 09:07:43.216244','',24,1,26,28),(514,'Tiết 2-Điện trở của dây dẫn - Định luật Ôm','lessons/mainv.c2as@nghean.edu.vn/tiet-2-ien-tro-cua-day-dan-inh-luat-omdoc_oDHSpDk.doc','2021-10-05 13:29:46.259034',NULL,'ĐH',2,1,'acept','2021-10-12 09:07:28.017110','',24,1,26,28),(515,'Tiết 3-Thực hành  Xác đinh điện trở của một dây dẫn bằng Ampe kế và Vôn kế','lessons/mainv.c2as@nghean.edu.vn/tiet-3-thuc-hanh-xac-inh-ien-tro-cua-mot-day-dan-bang-ampe-ke-va-vo','2021-10-05 13:30:50.694862',NULL,'ĐH',3,2,'acept','2021-10-12 09:07:11.352291','',24,1,26,28),(516,'Tiết 4-Đoạn mạch nối tiếp','lessons/mainv.c2as@nghean.edu.vn/tiet-4-oan-mach-noi-tiepdoc.doc','2021-10-05 13:31:37.965611',NULL,'ĐH',4,2,'acept','2021-10-12 09:06:43.344116','',24,1,26,28),(517,'Tiết 3 (Đại số): Luyện tập','lessons/phuongdt.c2as@nghean.edu.vn/tiet-3-nhan-chia-so-huu-ti-luyen-tapdocx.docx','2021-10-05 13:31:45.878289',NULL,'',4,2,'acept','2021-10-07 08:24:19.510437','',7,1,21,7),(518,'Tiết 5-Đoạn mạch song song','lessons/mainv.c2as@nghean.edu.vn/tiet-5-oan-mach-song-songdoc.doc','2021-10-05 13:32:41.551124',NULL,'ĐH',5,3,'acept','2021-10-12 09:05:57.968104','',24,1,26,28),(519,'Tiết 6-Bài tập vận dụng định luật Ôm','lessons/mainv.c2as@nghean.edu.vn/tiet-6-bai-tap-van-dung-inh-luat-omdoc.doc','2021-10-05 13:33:35.929625',NULL,'ĐH',6,3,'acept','2021-10-12 09:05:15.590688','',24,1,26,28),(520,'Tiết 7-Bài tập vận dụng định luật Ôm','lessons/mainv.c2as@nghean.edu.vn/tiet-7-bai-tap-van-dung-inh-luat-omdoc.doc','2021-10-05 13:34:28.818118',NULL,'ĐH',7,4,'acept','2021-10-12 09:04:20.884151','',24,1,26,28),(521,'Tiết 2 (Hình học): Luyện tập','lessons/phuongdt.c2as@nghean.edu.vn/tiet-2-luyen-tapdocx.docx','2021-10-05 13:34:52.419024',NULL,'',5,2,'acept','2021-10-07 08:23:58.307225','',7,1,21,7),(522,'Tiết 8- Bài 7-8-9. Sự phụ thuộc của điện trở vào các yếu tố của dây dẫn','lessons/mainv.c2as@nghean.edu.vn/tiet-8-bai-7-8-9-su-phu-thuoc-cua-ien-tro-vao-cac-yeu-to-cua-day-da','2021-10-05 13:35:09.714782',NULL,'ĐH',8,4,'acept','2021-10-12 09:04:03.127226','',24,1,26,28),(523,' Tiết 9-Bài 7-8-9. Sự phụ thuộc của điện trở vào các yếu tố của dây dẫn','lessons/mainv.c2as@nghean.edu.vn/tiet-9-bai-7-8-9-su-phu-thuoc-cua-ien-tro-vao-cac-yeu-to-cua-day-da','2021-10-05 13:36:48.486987',NULL,'ĐH',9,5,'acept','2021-10-12 09:03:46.500069','',24,1,26,28),(524,'Tiết 10-Biến trở - Điện trở dùng trong kỷ thuật','lessons/mainv.c2as@nghean.edu.vn/tiet-10-bien-tro-ien-tro-dung-trong-ky-thuatdoc.doc','2021-10-05 13:37:30.546812',NULL,'ĐH',10,5,'acept','2021-10-12 09:03:32.515924','',24,1,26,28),(525,'Tiết 11-Bài tập vận dụng định luật Ôm và công thức tính điện trở của dây dẫn','lessons/mainv.c2as@nghean.edu.vn/tiet-11-bai-tap-van-dung-inh-luat-om-va-cong-thuc-tinh-ien-tro-cua-','2021-10-05 13:38:18.203888',NULL,'ĐH',11,5,'acept','2021-10-12 09:03:17.219899','',24,1,26,28),(526,'Tiết 12-Công suất điện','lessons/mainv.c2as@nghean.edu.vn/tiet-12-cong-suat-iendoc.doc','2021-10-05 13:38:57.039315',NULL,'ĐH',12,5,'acept','2021-10-12 09:03:01.704990','',24,1,26,28),(527,'Tiết 4 (Đại số): Giá trị tuyệt đối của một số hữu tỉ','lessons/phuongdt.c2as@nghean.edu.vn/tiet-4-gttd-cua-mot-so-huu-tidocx.docx','2021-10-05 13:39:31.143479',NULL,'',6,6,'acept','2021-10-07 08:23:39.112042','',7,1,21,7),(528,'Tiết 3 (Hình học): Hai đường thẳng vuông góc','lessons/phuongdt.c2as@nghean.edu.vn/tiet-3-hai-duong-thang-vuong-gocdocx.docx','2021-10-05 13:42:27.457295',NULL,'',7,2,'acept','2021-10-07 08:23:18.766406','',7,1,21,7),(529,'Tiết 5 (Đại số): Luyện tập','lessons/phuongdt.c2as@nghean.edu.vn/tiet-5-luyen-tap-gttd-cua-mot-so-huu-tidocx.docx','2021-10-05 13:44:22.640435',NULL,'',8,2,'acept','2021-10-07 08:22:59.511417','',7,1,21,7),(530,'Tiết 12 Đại số 7','lessons/hadtn.c2as@nghean.edu.vn/tiet-12-ai-so-7docx.docx','2021-10-05 13:45:14.502823',NULL,'',23,5,'acept','2021-10-07 08:22:37.833260','',7,1,21,11),(531,'Tiết 11 Hình học 7','lessons/hadtn.c2as@nghean.edu.vn/tiet-11-hinh-hoc-7docx.docx','2021-10-05 13:45:51.886579',NULL,'',24,5,'acept','2021-10-07 08:22:10.821623','',7,1,21,11),(532,'Tiết 12 Hình học 7','lessons/hadtn.c2as@nghean.edu.vn/tiet-12-hinh-hoc-7docx.docx','2021-10-05 13:46:23.710076',NULL,'',25,5,'acept','2021-10-07 08:21:46.217029','',7,1,21,11),(533,'Tiết 4 (Hình học): Luyện tập về hai đường thẳng vuông góc','lessons/phuongdt.c2as@nghean.edu.vn/tiet-4-1-luyen-tap-ve-hai-duong-thang-vuong-gocdocx.docx','2021-10-05 13:51:12.816371',NULL,'',9,3,'acept','2021-10-07 08:21:22.411140','',7,1,21,7),(534,'Tiết 6 (Đại số): Luỹ thừa của một số hữu tỉ','lessons/phuongdt.c2as@nghean.edu.vn/tiet-5-2-luy-thua-cua-mot-so-huu-tidocx.docx','2021-10-05 13:57:21.095370',NULL,'',10,6,'acept','2021-10-07 08:20:58.859727','',7,1,21,7),(535,'Tiết 4-2 (Hình học): Các góc tạo bởi một đường thẳng căt hai đường thẳng','lessons/phuongdt.c2as@nghean.edu.vn/tiet-4-2-cac-goc-tao-boi-mot-duong-thang-cat-hai-duong-thangdocx','2021-10-05 14:01:29.871296',NULL,'',11,3,'acept','2021-10-07 08:20:33.972098','',7,1,21,7),(536,'Tiết 1. Dụng cụ dùng trong lắp đặt mang điện','lessons/mainv.c2as@nghean.edu.vn/tiet-1-dung-cu-dung-trong-lap-at-mang-iendoc.doc','2021-10-05 14:05:32.221310',NULL,'CN',1,1,'pending','2021-10-05 14:05:32.416851','',NULL,1,33,28),(537,'Tiết 6 (Hình học): Luyện tập các góc tạo bởi một đường thẳng cắt hai đt','lessons/phuongdt.c2as@nghean.edu.vn/tiet-5-luyen-tap-ve-cac-goc-tao-mot-duong-thangdocx.docx','2021-10-05 14:05:45.815064',NULL,'',12,3,'acept','2021-10-07 08:20:11.710906','',7,1,21,7),(539,'ĐS 9 - Tiết 5 - Liên hệ giữa phép chia và phép khai phương','lessons/truongbx.c2as@nghean.edu.vn/ds-9-tiet-5doc.doc','2021-10-05 14:06:31.359296',NULL,'',15,3,'acept','2021-10-07 08:19:49.412219','',7,1,23,37),(540,'ĐS 9 - Tiết 6 - Luyện tập','lessons/truongbx.c2as@nghean.edu.vn/ds-9-tiet-6doc.doc','2021-10-05 14:07:15.619936',NULL,'',16,3,'acept','2021-10-07 08:19:27.461153','',7,1,23,37),(541,'Tiết 2 TH sử dụng đồng hồ đo điện','lessons/mainv.c2as@nghean.edu.vn/tiet-2-th-su-dung-ong-ho-o-iendoc.doc','2021-10-05 14:07:22.803171',NULL,'CN',2,2,'pending','2021-10-05 14:07:23.136336','',NULL,1,33,28),(542,'Tiết 3 TH sử dụng đồng hồ đo điện','lessons/mainv.c2as@nghean.edu.vn/tiet-3-th-su-dung-ong-ho-o-iendoc.doc','2021-10-05 14:08:16.388386',NULL,'CN',3,3,'pending','2021-10-05 14:08:16.442357','',NULL,1,33,28),(543,'Tiết 4 Thực hành Nối dây dẫn điện','lessons/mainv.c2as@nghean.edu.vn/tiet-4-thuc-hanh-noi-day-dan-iendoc.doc','2021-10-05 14:09:04.729423',NULL,'CN',4,4,'pending','2021-10-05 14:09:05.137289','',NULL,1,33,28),(544,'Tiết 5 Thực hành Nối dây dẫn điện','lessons/mainv.c2as@nghean.edu.vn/tiet-5-thuc-hanh-noi-day-dan-iendoc.doc','2021-10-05 14:09:44.871316',NULL,'CN',5,5,'pending','2021-10-05 14:09:44.912920','',NULL,1,33,28),(545,'HH 9 - Tiết 4,5,6- Tỉ số lượng giác của góc nhọn','lessons/truongbx.c2as@nghean.edu.vn/hh-9-tiet-456doc.doc','2021-10-05 14:10:34.428512',NULL,'',17,3,'acept','2021-10-07 08:19:06.200173','',7,1,23,37),(546,'Tiết 6 (Đại số): Luyện tập về luỹ thừa của một số hữu tỉ','lessons/phuongdt.c2as@nghean.edu.vn/tiet-6-luyen-tap-ve-luy-thuadocx.docx','2021-10-05 14:11:14.426255',NULL,'',13,4,'acept','2021-10-07 08:18:41.924547','',7,1,21,7),(547,'Tiết 6 (Hình học): Hai đường thẳng song song','lessons/phuongdt.c2as@nghean.edu.vn/tiet-6-hai-duong-thang-song-songdocx.docx','2021-10-05 14:13:20.627308',NULL,'',14,6,'acept','2021-10-07 08:17:08.016324','',7,1,21,7),(548,'Số học - Tiết 9- Lũy thừa với số mũ tự nhiên (t2)','lessons/truongbx.c2as@nghean.edu.vn/so-hoc-tiet-9-luy-thua-voi-so-mu-tu-nhiendoc_gFijsNy.doc','2021-10-05 14:13:26.915289',NULL,'',14,3,'acept','2021-10-07 08:16:36.808438','',7,1,20,37),(549,'Số học - Tiết 10 - Thứ tự thực hện các phép tính','lessons/truongbx.c2as@nghean.edu.vn/so-hoc-tiet-10-thu-tu-thuc-hien-cac-phep-tinhdoc.doc','2021-10-05 14:14:46.914959',NULL,'',15,3,'acept','2021-10-07 08:16:10.965474','',7,1,20,37),(550,'Tiết 7 (Đại số): Tỉ lệ thức - Dãy tỉ số bằng nhau','lessons/phuongdt.c2as@nghean.edu.vn/tiet-7-ti-le-thuc-day-ti-so-bang-nhaudocx.docx','2021-10-05 14:15:13.135549',NULL,'',15,6,'acept','2021-10-07 08:15:44.936315','',7,1,21,7),(551,'Số học - Tiết 11 - Luyện tập chung','lessons/truongbx.c2as@nghean.edu.vn/so-hoc-tiet-11-luyen-tap-chungdoc.doc','2021-10-05 14:15:18.891451',NULL,'',16,3,'acept','2021-10-07 08:15:21.420116','',7,1,20,37),(552,'Tiết 7 (Hình học): Luyện tập về hai đường thẳng song song','lessons/phuongdt.c2as@nghean.edu.vn/tiet-7-luyen-tap-ve-hai-duong-thang-song-songdocx.docx','2021-10-05 14:18:04.721034',NULL,'',16,6,'acept','2021-10-07 08:14:55.091287','',7,1,21,7),(553,'Tiết 10 (Đại số): Số thập phân hữu hạn, số thập phân vô hạn tuần hoàn','lessons/phuongdt.c2as@nghean.edu.vn/tiet-10-so-thap-phan-huu-han-so-thap-phan-vo-han-tuan-hoandocx.d','2021-10-05 14:27:41.095012',NULL,'',17,6,'acept','2021-10-07 08:14:23.544835','',7,1,21,7),(554,'Tiết 11 (Đại số): Làm tròn số','lessons/phuongdt.c2as@nghean.edu.vn/tiet-11-lam-tron-sodocx.docx','2021-10-05 14:28:25.931333',NULL,'',18,6,'acept','2021-10-07 08:13:55.680171','',7,1,21,7),(555,'Tiết 8 (Đại số): Luyện tập về tỉ lệ thức','lessons/phuongdt.c2as@nghean.edu.vn/tiet-8-luyen-tap-ve-ti-le-thucdocx.docx','2021-10-05 14:31:54.895741',NULL,'',19,6,'acept','2021-10-07 08:13:28.087809','',7,1,21,7),(556,'Tiết 9 (Đại số): Luyện tập về dãy tỉ số bằng nhau','lessons/phuongdt.c2as@nghean.edu.vn/tiet-9-luyen-tap-ve-day-ti-so-bang-nhaudocx.docx','2021-10-05 14:32:59.211671',NULL,'',20,5,'acept','2021-10-07 08:13:04.669369','',7,1,21,7),(557,'Tiết 8 (Hình học): Tiên đề Ơclit về đường thẳng song song','lessons/phuongdt.c2as@nghean.edu.vn/tiet-8-tien-de-oclit-ve-duong-thang-song-songdocx.docx','2021-10-05 14:34:16.706038',NULL,'',21,6,'acept','2021-10-07 08:12:34.746651','',7,1,21,7),(558,'Tiết 9 (Hình học): Luyện tập tiên về tiên đề Ơclit','lessons/phuongdt.c2as@nghean.edu.vn/tiet-9-luyen-tap-ve-tien-de-oclitdocx.docx','2021-10-05 14:35:30.411598',NULL,'',22,5,'acept','2021-10-07 08:12:08.208330','',7,1,21,7),(559,'Tiết 10 (Hình học): Từ vuông góc đến song song','lessons/phuongdt.c2as@nghean.edu.vn/tiet-10-tu-vuong-goc-den-song-songdocx.docx','2021-10-05 14:36:25.467554',NULL,'',23,5,'acept','2021-10-07 08:11:43.103835','',7,1,21,7),(560,'Số học - Tiết 11 - LT chung','lessons/truongbx.c2as@nghean.edu.vn/so-hoc-tiet-11-luyen-tap-chungdoc_mCvofWd.doc','2021-10-05 14:45:50.208136',NULL,'',17,4,'acept','2021-10-07 08:10:54.893302','',7,1,20,37),(561,'Số học - Tiết 12 - BT cuối chương I','lessons/truongbx.c2as@nghean.edu.vn/so-hoc-tiet-12-bt-cuoi-chuong-idocx.docx','2021-10-05 14:46:28.923663',NULL,'',18,4,'acept','2021-10-07 08:10:23.698066','',7,1,20,37),(562,'HH 6 - Tiết 1,2,3 - Hình tam giác đều, hình vuông, hình lục giác đều.','lessons/truongbx.c2as@nghean.edu.vn/hh-tiet-123-hinh-tam-giac-deu-hvuong-hlg-deudocx.docx','2021-10-05 14:47:49.502752',NULL,'',19,4,'acept','2021-10-07 08:09:54.473274','',7,1,20,37),(563,'ĐS 9 - Tiết 7,8 - Biến đổi đơn giản ...','lessons/truongbx.c2as@nghean.edu.vn/ds-9-tiet-7-8-bien-doi-don-giandoc.doc','2021-10-05 14:49:19.609531',NULL,'',18,4,'acept','2021-10-07 08:09:25.112334','',7,1,23,37),(564,'HH 9 - Tiết 7,8,9 - Một số hệ thức về cạnh và góc trong tam giác vuông','lessons/truongbx.c2as@nghean.edu.vn/hh-9-tiet-789-he-thuc-ve-canh-va-goc-doc.doc','2021-10-05 14:50:40.605586',NULL,'',19,4,'acept','2021-10-07 08:08:50.250779','',7,1,23,37),(565,'Bài 4: Các nước Châu Á','lessons/phuong.c2as@nghean.edu.vn/bai-4-cac-nuoc-chau-appt_ab50qjP.ppt','2021-10-05 14:53:25.894644',NULL,'',6,4,'acept','2021-10-11 15:03:45.302336','',44,1,7,44),(566,'Đo chiều dài(Tiết 1)','lessons/nhungnt.gdas@nghean.edu.vn/tiet-1-o-chieu-daidoc.doc','2021-10-05 22:12:04.611480',NULL,'',1,1,'pending','2021-10-05 22:12:04.666327','',NULL,1,29,24),(571,'Đo chiều dài (Tiết 2)','lessons/nhungnt.gdas@nghean.edu.vn/tiet-2-o-chieu-daidoc_0esr0cQ.doc','2021-10-05 22:17:48.020769',NULL,'',2,2,'pending','2021-10-05 22:17:48.056188','',NULL,1,29,24),(572,'Đo khối lượng(Tiết 1)','lessons/nhungnt.gdas@nghean.edu.vn/tiet-3-bai-6-o-khoi-luongdoc.doc','2021-10-05 22:23:25.894292',NULL,'',3,3,'pending','2021-10-05 22:23:25.921804','',NULL,1,29,24),(573,'Đo khối lượng(Tiết 2)','lessons/nhungnt.gdas@nghean.edu.vn/tiet-4-bai-6-o-khoi-luongdoc.doc','2021-10-05 22:24:37.518431',NULL,'',4,4,'pending','2021-10-05 22:24:37.546545','',NULL,1,29,24),(574,'Đo thời gian (Tiết 1)','lessons/nhungnt.gdas@nghean.edu.vn/tiet-5-o-thoi-giandoc.doc','2021-10-05 22:26:40.788218',NULL,'',5,4,'pending','2021-10-05 22:26:40.817092','',NULL,1,29,24),(575,'Đo thời gian (Tiết 2)','lessons/nhungnt.gdas@nghean.edu.vn/tiet-6-o-thoi-giandoc.doc','2021-10-05 22:27:44.721521',NULL,'',6,5,'pending','2021-10-05 22:27:44.757998','',NULL,1,29,24),(576,'Nhận biết ánh sáng - Nguồn sáng và vật sáng','lessons/nhungnt.gdas@nghean.edu.vn/tiet-1-nhan-biet-anh-sang-nguon-sang-va-vat-sangdoc.doc','2021-10-05 22:30:49.775447',NULL,'',1,1,'acept','2021-10-07 02:32:25.340617','',24,1,24,24),(577,'Sự truyền thẳng AS - Ứng dụng sự truyền thẳng của ánh sáng','lessons/nhungnt.gdas@nghean.edu.vn/tiet-2-su-truyen-anh-sangdoc.doc','2021-10-05 22:32:28.610116',NULL,'',2,2,'acept','2021-10-12 09:02:18.772346','',24,1,24,24),(578,'Ứng dụng sự truyền thẳng của ánh sáng','lessons/nhungnt.gdas@nghean.edu.vn/tiet-3-ung-dung-inh-luat-truyen-thang-cua-anh-sangdoc.doc','2021-10-05 22:34:10.777035',NULL,'',3,3,'acept','2021-10-12 09:01:50.191990','',24,1,24,24),(579,'Định luật phản xạ ánh sáng','lessons/nhungnt.gdas@nghean.edu.vn/tiet-4-inh-luat-phan-xa-anh-sangdoc.doc','2021-10-05 22:35:37.598022',NULL,'',4,4,'acept','2021-10-12 09:01:14.992009','',24,1,24,24),(580,'Ảnh của một vật tạo bởi gương phẳng','lessons/nhungnt.gdas@nghean.edu.vn/tiet-5-anh-cua-mot-vat-tao-boi-guong-phangdoc.doc','2021-10-05 22:36:25.219785',NULL,'',5,4,'acept','2021-10-12 09:00:54.131806','',24,1,24,24),(581,'Gương cầu lồi','lessons/nhungnt.gdas@nghean.edu.vn/tiet-6-guong-cau-loidoc.doc','2021-10-05 22:37:33.166012',NULL,'',6,5,'acept','2021-10-12 09:00:39.631807','',24,1,24,24),(582,'Tiết 1: Bài 1: chuyển động cơ học','lessons/nhungnt.gdas@nghean.edu.vn/tiet-1-ly-8doc_zEwnq0B.doc','2021-10-05 22:41:21.907876',NULL,'',1,1,'acept','2021-10-07 02:20:58.580657','',7,1,25,24),(583,'Tiết 2- Bài 2: vận tốc','lessons/nhungnt.gdas@nghean.edu.vn/tiet-2-ly-8doc_hUqg596.doc','2021-10-05 22:42:08.546770',NULL,'',2,2,'acept','2021-10-12 09:00:19.886437','',24,1,25,24),(584,'Tiết 3 - Bài 3: Chuyển động đều và chuyển động không đều','lessons/nhungnt.gdas@nghean.edu.vn/tiet-3-ly-8doc_lgzEmZ8.doc','2021-10-05 22:42:43.772561',NULL,'',3,3,'acept','2021-10-12 09:00:04.075830','',24,1,25,24),(585,'Biểu diễn lực','lessons/nhungnt.gdas@nghean.edu.vn/tiet-4-ly-8doc.doc','2021-10-05 22:44:26.992724',NULL,'',4,4,'acept','2021-10-12 08:59:47.540397','',24,1,25,24),(586,'Sự cân bằng lực - Quán tính','lessons/nhungnt.gdas@nghean.edu.vn/tiet-5-hai-luc-can-bangdoc.doc','2021-10-05 22:45:41.615928',NULL,'',5,4,'acept','2021-10-12 08:59:29.112196','',24,1,25,24),(587,'Bài 6. LỰC MA SÁT','lessons/nhungnt.gdas@nghean.edu.vn/tiet-6-bai-6-luc-ma-satdoc.doc','2021-10-05 22:50:25.671843',NULL,'',6,5,'acept','2021-10-12 08:59:12.866073','',24,1,25,24),(588,'Tiết 4   BÀI 4 Trung Quốc thời phong kiến tiết 1','lessons/hadtb.c2as@nghean.edu.vn/tiet-4-bai-4-trung-quoc-thoi-phong-kien-tiet-1docx.docx','2021-10-06 01:53:53.229511',NULL,'LS7',4,2,'acept','2021-10-11 15:02:35.903075','',44,1,5,10),(589,'Tiết 5 bài 4 Trung quốc thời phong kiến tiết 2','lessons/hadtb.c2as@nghean.edu.vn/tiet-5-bai-4-trung-quoc-thoi-phong-kien-tiet-2docx.docx','2021-10-06 01:59:39.699006',NULL,'',5,3,'acept','2021-10-11 15:01:50.319232','',44,1,5,10),(590,'Tiết 6 bài 5 Ấn Độ thời phong kiến','lessons/hadtb.c2as@nghean.edu.vn/tiet-6-bai-5-an-o-thoi-phong-kiendocx.docx','2021-10-06 02:00:45.037766',NULL,'',6,3,'acept','2021-10-11 15:01:03.419065','',44,1,5,10),(592,'Lịch sử 7 Tiết 7    Bài 6 Các quốc gia phong kiến ĐNA','lessons/hadtb.c2as@nghean.edu.vn/lich-su-7-tiet-7-bai-6-cac-quoc-gia-phong-kien-nadocx.docx','2021-10-06 02:02:37.951994',NULL,'',7,4,'acept','2021-10-11 15:00:20.246926','',44,1,5,10),(593,'Lịch sử 7 Tiết 8   Bài 7 Những nét chung về xã hội PK','lessons/hadtb.c2as@nghean.edu.vn/lich-su-7-tiet-8-bai-7-nhung-net-chung-ve-xa-hoi-pkdocx.docx','2021-10-06 02:03:32.092218',NULL,'',8,4,'acept','2021-10-11 14:59:37.048317','',44,1,5,10),(594,'Lịch sử 7  Tiết 9 Bài 8 Nước ta buổi đầu độc lập','lessons/hadtb.c2as@nghean.edu.vn/lich-su-7-tiet-9-bai-8-nuoc-ta-buoi-au-oc-lapdocx.docx','2021-10-06 02:05:39.168037',NULL,'',9,4,'acept','2021-10-11 14:57:36.800577','',44,1,5,10),(595,'Lịch sử 7 Tiết 10 Bài 9 Nước Đại Cồ Việt thời Đinh - Tiền Lê tiết 1','lessons/hadtb.c2as@nghean.edu.vn/lich-su-7-tiet-10-bai-9-nuoc-ai-co-viet-thoi-inh-tien-le-tiet-1docx','2021-10-06 02:07:08.417608',NULL,'',10,5,'acept','2021-10-11 14:56:49.882547','',44,1,5,10),(596,'Lịch sử 7 Tiết 11  Bài 9 Nước Đại Cồ Việt thời Đinh - Tiền Lê tiết 1','lessons/hadtb.c2as@nghean.edu.vn/lich-su-7-tiet-11-bai-9-nuoc-ai-co-viet-thoi-inh-tien-le-tiet-1docx','2021-10-06 02:07:41.879953',NULL,'',11,5,'acept','2021-10-11 14:56:01.829028','',44,1,5,10),(597,'Sử 8 Tiết 1 Bài 1 Những cuộc cách mạng tư sản đầu tiên tiết 1','lessons/hadtb.c2as@nghean.edu.vn/su-8-tiet-1-bai-1-nhung-cuoc-cach-mang-tu-an-au-tien-tiet-1docx.doc','2021-10-06 02:10:56.127527',NULL,'',1,1,'acept','2021-10-11 14:55:14.837406','',44,1,6,10),(598,'Sử 8 Tiết 2 bài 1 Những cuộc cách mạng tư sản đầu tiên tiết 2','lessons/hadtb.c2as@nghean.edu.vn/su-8-tiet-2-bai-1-nhung-cuoc-cach-mang-tu-san-au-tien-tiet-2docx.do','2021-10-06 02:11:58.820177',NULL,'',2,1,'acept','2021-10-11 14:53:59.840603','',44,1,6,10),(599,'Sử 8 Tiết 3 Bài 2 Cách mạng tư sản Pháp tiết 1','lessons/hadtb.c2as@nghean.edu.vn/su-8-tiet-3-bai-2-cach-mang-tu-san-phap-tiet-1docx.docx','2021-10-06 02:12:59.336343',NULL,'',3,2,'acept','2021-10-11 14:52:53.508476','',44,1,6,10),(600,'Sử 8 Tiết 4 Bài 2 Cách mạng tư sản Pháp tiết 2','lessons/hadtb.c2as@nghean.edu.vn/su-8-tiet-4-bai-2-cach-mang-tu-san-phap-tiet-2docx.docx','2021-10-06 02:14:02.913799',NULL,'',4,2,'acept','2021-10-11 14:51:46.564111','',44,1,6,10),(601,'Sử 8 Tiết 5 Bài 3 Chủ nghĩa tư bản được xác lập....','lessons/hadtb.c2as@nghean.edu.vn/su-8-tiet-5-bai-3-chu-nghia-tu-ban-uoc-xac-lapdocx.docx','2021-10-06 02:14:46.458526',NULL,'',5,3,'acept','2021-10-11 14:50:44.988964','',44,1,6,10),(602,'Sử 8 Tiết 6 Bài Chủ đề Phong trào công nhân cuối thế kỉ XVIII đầu thế kỉ XX tiết 1','lessons/hadtb.c2as@nghean.edu.vn/su-8-tiet-6-bai-chu-e-phong-trao-cong-nhan-cuoi-the-ki-xviii-au-the','2021-10-06 02:16:15.199349',NULL,'',6,3,'acept','2021-10-11 14:49:46.887832','',44,1,6,10),(603,'Sử 8 Tiết 7 Bài Chủ đề Phong trào công nhân cuối thế kỉ XVIII đầu thế kỉ XX tiết 2','lessons/hadtb.c2as@nghean.edu.vn/su-8-tiet-7-bai-chu-e-phong-trao-cong-nhan-cuoi-the-ki-xviii-au-the','2021-10-06 02:17:50.200021',NULL,'',7,4,'acept','2021-10-11 14:49:02.939875','',44,1,6,10),(604,'Sử 8 Tiết 8 Bài Chủ đề Phong trào công nhân cuối thế kỉ XVIII đầu thế kỉ XX tiết 3','lessons/hadtb.c2as@nghean.edu.vn/su-8-tiet-8-bai-chu-e-phong-trao-cong-nhan-cuoi-the-ki-xviii-au-the','2021-10-06 02:18:32.192191',NULL,'',8,4,'acept','2021-10-11 14:48:08.464249','',44,1,6,10),(605,'Sử 8 Tiết 9 Bài 5 Công xã Pa - ri 1871','lessons/hadtb.c2as@nghean.edu.vn/su-8-tiet-9-bai-5-cong-xa-pa-ri-1871docx.docx','2021-10-06 02:19:08.244488',NULL,'',9,4,'acept','2021-10-11 14:47:28.163816','',44,1,6,10),(606,'Sử 8 Tiết 10 Bài 6 Các nước Anh, Pháp, Đức, Mĩ.... tiết 1','lessons/hadtb.c2as@nghean.edu.vn/su-8-tiet-10-bai-6-cac-nuoc-anh-phap-uc-mi-tiet-1docx.docx','2021-10-06 02:19:42.758224',NULL,'',10,5,'acept','2021-10-11 14:45:51.700696','',44,1,6,10),(608,'Sử 8 Tiết 11 Bài 6 Các nước Anh, Pháp, Đức, Mĩ.... tiết 2','lessons/hadtb.c2as@nghean.edu.vn/su-8-tiet-11-bai-6-cac-nuoc-anh-phap-uc-mi-tiet-2docx.docx','2021-10-06 02:20:28.885469',NULL,'',11,5,'acept','2021-10-10 09:16:02.378141','',44,1,6,10),(609,'Sử 8 Tiết 12 Bài 9 Ấn Độ thế kỉ XVIII - XIX','lessons/hadtb.c2as@nghean.edu.vn/su-8-tiet-12-bai-9-an-o-the-ki-xviii-xixdocx.docx','2021-10-06 02:20:59.712188',NULL,'',12,5,'acept','2021-10-10 09:14:43.864041','',44,1,6,10),(617,'Bài 11. Sản xuất và bảo quản giống cây trồng','lessons/phuong.c2as@nghean.edu.vn/c-nghe-tiet-9-bai-11-san-xuat-va-bao-quan-giongdoc.doc','2021-10-06 09:07:46.351409',NULL,'',1,5,'pending','2021-10-06 09:07:46.395981','',NULL,1,31,44),(618,'Bài 12. Sâu bệnh hại cây trồng','lessons/phuong.c2as@nghean.edu.vn/c-nghe-tiet-10-bai-12-sau-benh-hai-cay-trongdoc.doc','2021-10-06 09:08:47.597058',NULL,'',2,5,'pending','2021-10-06 09:08:47.662460','',NULL,1,31,44),(624,'Giáo án Văn 9 từ tiết 16 đến tiết 20','lessons/loanntk.c2as@nghean.edu.vn/tuan-4-van-9-t16-20doc.doc','2021-10-06 14:10:02.519669',NULL,'',7,3,'acept','2021-10-10 08:39:11.105882','',14,1,4,18),(626,'Chủ đề 1 - tiết 1','lessons/lamnt.c2as@nghean.edu.vn/tiet-1pptx.pptx','2021-10-06 14:15:12.201375','2021-10-06 14:21:13.986964','Chủ đề 1: TUỔI HỌC TRÒ\r\nHọc hát bài: Con đường học trò',1,1,'acept','2021-10-10 01:07:10.856259','',13,1,42,17),(627,'Chủ đề 1 - tiết 2','lessons/lamnt.c2as@nghean.edu.vn/tiet-2pptx.pptx','2021-10-06 14:15:44.787405','2021-10-06 14:22:15.936432','- Thường thức âm nhạc: Giới thiệu đàn Piano\r\n- Lí thuyết âm nhạc: Các thuộc tính của âm thanh có nhạc.',2,2,'acept','2021-10-10 01:03:40.936242','',13,1,42,17),(628,'Chủ đề 1 - tiết 3','lessons/lamnt.c2as@nghean.edu.vn/tiet-3pptx.pptx','2021-10-06 14:16:06.239456','2021-10-06 14:23:00.359898','- Ôn  bài hát:  Con đường học trò\r\n- Tập đọc nhạc: TĐN số 1',3,3,'acept','2021-10-10 01:03:22.420273','',13,1,42,17),(629,'Chủ đề 1 - tiết 4','lessons/lamnt.c2as@nghean.edu.vn/tiet-4pptx.pptx','2021-10-06 14:16:34.711013','2021-10-06 14:23:46.539610','Luyện tập - Vận dụng – sáng tạo',4,4,'acept','2021-10-10 01:06:56.039660','',13,1,42,17),(630,'Giáo án Văn 7 từ tiết 17 đến tiết 20','lessons/loanntk.c2as@nghean.edu.vn/van-7-tuan-5-t17-20doc.doc','2021-10-06 14:21:54.642578',NULL,'',5,5,'acept','2021-10-10 08:36:24.622065','',14,1,2,18),(631,'Giáo án Văn 7 từ tiết 21 đến tiết 24','lessons/loanntk.c2as@nghean.edu.vn/van-7-tuan-6-t21-24doc.doc','2021-10-06 14:23:32.431975',NULL,'',6,5,'acept','2021-10-10 02:51:09.871653','',14,1,2,18),(632,'Chủ đề 2 - tiết 1','lessons/lamnt.c2as@nghean.edu.vn/tiet-5-chu-de-2pptx.pptx','2021-10-06 14:27:03.642912',NULL,'           Chủ đề 2:(4 tiết )\r\nCUỘC SỐNG TƯƠI  ĐẸP\r\nHọc hát: bài Cuộc sống không già vì có chúng em.\r\n\r\n',5,5,'acept','2021-10-10 01:06:38.455819','',13,1,42,17),(633,'Chủ đề 2 - tiết 2','lessons/lamnt.c2as@nghean.edu.vn/tiet-6-chu-de-2ppt.ppt','2021-10-06 14:29:10.289489',NULL,'- Ôn bài hát: Cuộc sống không già vì có chúng em.\r\n- Nghe nhạc: Tác phẩm The Blue Danube\r\nbằng chữ cái La tinh',6,6,'acept','2021-10-10 01:06:18.533081','',13,1,42,17),(634,'Bài 1 - Tiết 1','lessons/lamnt.c2as@nghean.edu.vn/tiet-1-lop-7ppt.ppt','2021-10-06 14:31:48.479805',NULL,'Học hát: Bài Mái trường mến yêu',1,1,'acept','2021-10-10 01:02:06.208514','',13,1,43,17),(635,'Tiết 2','lessons/lamnt.c2as@nghean.edu.vn/tiet-2-lop-7-20092010ppt.ppt','2021-10-06 14:32:44.154229',NULL,'- Ôn tập bài hát: Mái trường mến yêu\r\n- Tập đọc nhạc: TĐN số 1',2,2,'acept','2021-10-10 01:06:03.350297','',13,1,43,17),(636,'Tiết 3','lessons/lamnt.c2as@nghean.edu.vn/tiet-3ppt.ppt','2021-10-06 14:33:39.288162',NULL,'- Ôn tập bài hát: Mái trường mến yêu\r\n- Ôn tập Tập đọc nhạc: TĐN số 1\r\n- Âm nhạc thường thức: Nhạc sĩ Hoàng Việt và bài hát Nhạc rừng',3,3,'acept','2021-10-10 01:05:41.692058','',13,1,43,17),(637,'Tiết 4','lessons/lamnt.c2as@nghean.edu.vn/tiet-4-am-nhac-7pptx.pptx','2021-10-06 14:34:23.196484',NULL,'-Học hát: Bài Lí cây đa',4,4,'acept','2021-10-10 01:05:23.869687','',13,1,43,17),(638,'Giáo án Văn 7 từ tiết 25 đến tiết 28','lessons/loanntk.c2as@nghean.edu.vn/van-7-tuan-7-t25-28doc.doc','2021-10-06 14:35:05.237543',NULL,'',7,5,'acept','2021-10-10 02:50:08.435723','',14,1,2,18),(639,'Tiết 5','lessons/lamnt.c2as@nghean.edu.vn/tiet-5-lop-7ppt.ppt','2021-10-06 14:35:11.623033',NULL,'- Ôn tập bài hát: Lí cây đa\r\n- Nhạc lí: Nhịp 4/4\r\n- Tập đọc nhạc: TĐN số 2 ',5,5,'acept','2021-10-10 01:04:39.259835','',13,1,43,17),(640,'Tiết 6','lessons/lamnt.c2as@nghean.edu.vn/tiet-6-lop-7ppt.ppt','2021-10-06 14:36:43.628839',NULL,'- Nhạc lí: Nhịp lấy đà\r\n- Tập đọc nhạc: TĐN số 3\r\n- Âm nhạc thường thức: Sơ lược về một vài nhạc cụ phương Tây\r\n',6,6,'acept','2021-10-10 01:04:17.488211','',13,1,43,17),(641,'Tiết 1','lessons/lamnt.c2as@nghean.edu.vn/tiet-1-hoc-hat-mua-thu-ngay-khai-truongppt.ppt','2021-10-06 14:38:01.008233',NULL,'- Học hát: Bài Mùa thu ngày khai trường',1,1,'acept','2021-10-10 01:04:01.006086','',13,1,44,17),(642,'Tiết 2','lessons/lamnt.c2as@nghean.edu.vn/tiet-2-bai-mua-thu-ngay-khai-truongppt.ppt','2021-10-06 14:38:41.127643',NULL,'- Ôn tập bài hát: Mùa thu ngày khai trường\r\n- Tập đọc nhạc: TĐN số 1',2,2,'acept','2021-10-10 01:02:59.972431','',13,1,44,17),(643,'Tiết 3','lessons/lamnt.c2as@nghean.edu.vn/tiet-3-an8ppt.ppt','2021-10-06 14:39:28.408607',NULL,'Ôn tập bài hát: Mùa thu ngày khai trường\r\n- Ôn tập Tập đọc nhạc: TĐN số 1\r\n- Âm nhạc thường thức: Nhạc sĩ Trần Hoàn và bài hát Một mùa xuân nho nhỏ',3,3,'acept','2021-10-10 01:02:40.968131','',13,1,44,17),(644,'Tiết 4','lessons/lamnt.c2as@nghean.edu.vn/tiet-4ppt.ppt','2021-10-06 14:40:21.035372',NULL,'- Học hát: Bài Lí dĩa bánh bò',4,4,'acept','2021-10-10 01:02:23.639481','',13,1,44,17),(645,'Tiết 5','lessons/lamnt.c2as@nghean.edu.vn/tiet-5-k-8-ppt.ppt','2021-10-06 14:41:44.017827',NULL,'- Ôn tập bài hát: Lí dĩa bánh bò\r\n- Nhạc lí: Gam thứ, giọng thứ\r\n- Tập đọc nhạc: TĐN số 2',5,5,'acept','2021-10-10 01:01:37.380375','',13,1,44,17),(646,'Tiết 6','lessons/lamnt.c2as@nghean.edu.vn/tiet-6-on-tap-li-dia-banh-boppt.ppt','2021-10-06 14:43:30.828943',NULL,'- Ôn tập bài hát: Lí dĩa bánh bò\r\n- Ôn tập Tập đọc nhạc: TĐN số 2\r\n- Âm nhạc thường thức: Nhạc sĩ Hoàng Vân và bài hát Hò kéo pháo   ',6,6,'acept','2021-10-10 01:01:09.440024','',13,1,44,17),(647,'Tiết 1','lessons/lamnt.c2as@nghean.edu.vn/tiet-01-bai-bong-dang-mot-ngoi-truongppt.ppt','2021-10-06 14:44:57.375852',NULL,'Học hát bài: Bóng dáng một ngôi trường',1,1,'acept','2021-10-07 02:16:43.817778','',14,1,45,17),(648,'Tiết 2','lessons/lamnt.c2as@nghean.edu.vn/tiet-02-nhac-li-gioi-thieu-ve-quang-tdn-so-1ppt.ppt','2021-10-06 14:46:30.756086',NULL,'- Nhạc lí: Giới thiệu về quảng\r\n- Tập đọc nhạc: Giọng Son trưởng -TĐN số 1',2,2,'acept','2021-10-10 01:00:48.175865','',13,1,45,17),(649,'Tiết 3','lessons/lamnt.c2as@nghean.edu.vn/tiet-03-am-nhac-thuong-thuc-ca-khuc-thieu-nhi-pho-thoppt.ppt','2021-10-06 14:47:19.867934',NULL,'- Ôn tập bài hát: Bóng dáng một ngôi trường\r\n- Ôn tập Tập đọc nhạc: TĐN số 1\r\n- Âm nhạc thường thức: Ca khúc thiếu nhi phổ thơ',3,3,'acept','2021-10-10 01:00:33.747996','',13,1,45,17),(650,'Tiết 4','lessons/lamnt.c2as@nghean.edu.vn/tiet-04-bai-nu-cuoippt.ppt','2021-10-06 14:47:52.128517',NULL,'- Học hát: Bài Nụ cười',4,4,'acept','2021-10-10 01:00:20.599230','',13,1,45,17),(651,'Tiết 5','lessons/lamnt.c2as@nghean.edu.vn/tiet-05-on-tap-bai-nu-cuoitdn-so-2ppt.ppt','2021-10-06 14:48:23.918667',NULL,'- Ôn tập  bài hát: Nụ cười\r\n- Tập đọc nhạc: Giọng Mi thứ -TĐN số 2',5,5,'acept','2021-10-10 01:00:06.252745','',13,1,45,17),(652,'Tiết 6','lessons/lamnt.c2as@nghean.edu.vn/tiet-06-am-nhac-thuong-thuc-nhac-si-trai-cop-xkippt.ppt','2021-10-06 14:49:01.207374',NULL,'- Ôn tập Tập đọc nhạc: TĐN số 2\r\n- Nhạc lí: Sơ lược về hợp âm\r\n- Âm nhạc thường thức: Nhạc sĩ Trai-cốp-xki',6,6,'acept','2021-10-10 00:59:49.827868','',13,1,45,17),(653,'Tiết 7','lessons/lamnt.c2as@nghean.edu.vn/tiet-7-lop-7docx.docx','2021-10-06 16:40:57.907581',NULL,'ÔN TẬP VÀ KIỂM TRA GIỮA KỲ',7,5,'acept','2021-10-10 00:59:35.331622','',13,1,43,17),(654,'Bài thể dục liên hoàn','lessons/vuong.c2as@nghean.edu.vn/giao-an-td-t1doc.doc','2021-10-07 01:28:55.838093',NULL,'',1,1,'acept','2021-10-12 02:40:55.652269','',7,1,38,36),(655,'Bài thể dục liên hoàn','lessons/vuong.c2as@nghean.edu.vn/giao-an-td-t1doc_w2AcYbt.doc','2021-10-07 01:29:55.071606',NULL,'',2,6,'acept','2021-10-12 02:40:25.469135','',7,1,38,36),(656,'Bài thể dục liên hoàn','lessons/vuong.c2as@nghean.edu.vn/giao-an-td-t1doc_BGgWfQo.doc','2021-10-07 01:33:33.597209',NULL,'',3,2,'acept','2021-10-12 02:39:58.941204','',7,1,38,36),(657,'TỪ TƯỢNG HÌNH, TỪ TƯỢNG THANH','lessons/hoaint.c2as@nghean.edu.vn/tiet-18-van-8docx_7v3ctqh.docx','2021-10-07 01:52:57.129736',NULL,'',16,5,'acept','2021-10-10 02:44:04.061628','',14,1,3,14),(658,'Bài 1 (tiết 1): Mở đầu môn hóa  học','lessons/dungpt.c2as@nghean.edu.vn/tiet-1-bai-1-mo-au-mon-hoa-hocdoc.doc','2021-10-07 04:42:28.980453',NULL,'',1,1,'acept','2021-10-12 08:55:17.480088','',24,1,27,30),(659,'Bài 2 (tiết 2,3) Chất','lessons/dungpt.c2as@nghean.edu.vn/tiet-2-bai-2-chatdoc.doc','2021-10-07 04:43:49.355870',NULL,'',2,1,'acept','2021-10-12 08:58:32.168549','',24,1,27,30),(660,'Bài 3 (tiết 4) Bài thực hành 1','lessons/dungpt.c2as@nghean.edu.vn/tiet-4-bai-3-bai-thuc-hanh-1doc.doc','2021-10-07 04:44:42.208473',NULL,'',3,6,'acept','2021-10-12 08:58:01.032446','',24,1,27,30),(661,'Bài 4 (tiết 5) . Nguyên tử','lessons/dungpt.c2as@nghean.edu.vn/tiet-5-bai-4-nguyen-tudoc.doc','2021-10-07 04:45:39.808994',NULL,'',4,6,'acept','2021-10-12 08:57:40.742195','',24,1,27,30),(662,'Bài 5 (tiết 6,7). Nguyên tố hóa học','lessons/dungpt.c2as@nghean.edu.vn/tiet-67-bai-5-nguyen-to-hoa-hocdoc.doc','2021-10-07 04:46:24.021823',NULL,'',5,6,'acept','2021-10-12 08:56:19.953361','',24,1,27,30),(663,'Bài 7 (tiết 8). Đơn chất , hợp chất, phân tử ','lessons/dungpt.c2as@nghean.edu.vn/tiet-89-bai-6-on-chat-hop-chat-phan-tudoc.doc','2021-10-07 04:47:28.743911',NULL,'',6,6,'acept','2021-10-12 08:56:05.551904','',24,1,27,30),(664,'Bài 8 (tiết 10) Bài luyện tập 1','lessons/dungpt.c2as@nghean.edu.vn/tiet-10-bai-8-bai-luyen-tap-1doc.doc','2021-10-07 04:48:06.883414',NULL,'',7,6,'acept','2021-10-12 08:55:50.590124','',24,1,27,30),(665,'Bài 8 (tiết 10) Bài luyện tập 1','lessons/dungpt.c2as@nghean.edu.vn/tiet-10-bai-8-bai-luyen-tap-1doc_xujGtNB.doc','2021-10-07 04:48:34.507807',NULL,'',8,6,'acept','2021-10-12 08:55:33.802959','',24,1,27,30),(706,'bài 9(tiết 11). Công thức hóa học ','lessons/dungpt.c2as@nghean.edu.vn/tiet-11-bai-9-cong-thuc-hoa-hocdoc.doc','2021-10-07 14:34:03.374724',NULL,'',9,5,'acept','2021-10-12 08:54:55.125612','',24,1,27,30),(707,'Bài 10(tiết 12,13). Hóa trị ','lessons/dungpt.c2as@nghean.edu.vn/tiet-12-bai-10-hoa-tridoc.doc','2021-10-07 14:34:58.945464',NULL,'',10,5,'acept','2021-10-12 08:54:40.407868','',24,1,27,30),(708,'Bài 1 (tiết 1) Ôn tập ','lessons/dungpt.c2as@nghean.edu.vn/bai-1-tiet-1-on-tapdoc.doc','2021-10-07 15:09:28.517592',NULL,'',1,1,'acept','2021-10-12 08:48:52.927802','',24,1,28,30),(709,'Bài 2 (tiết 2,3). Chủ đề oxit','lessons/dungpt.c2as@nghean.edu.vn/bai-2-tiet-23-chu-e-oxitdoc.doc','2021-10-07 15:10:26.900151',NULL,'',2,6,'acept','2021-10-12 08:54:25.685964','',24,1,28,30),(710,'Bài 4 (tiết 7). Thực hành','lessons/dungpt.c2as@nghean.edu.vn/bai-4-tiet-7-thuc-hanhdoc.doc','2021-10-07 15:14:02.946838',NULL,'',4,7,'acept','2021-10-12 08:54:08.228381','',24,1,28,30),(712,'Bài 5 (tiết 8,9) chủ đề bazơ','lessons/dungpt.c2as@nghean.edu.vn/bai-5-tiet-89-chu-e-ba-zodoc.doc','2021-10-07 15:17:02.832395',NULL,'',5,4,'acept','2021-10-12 08:53:47.991820','',24,1,28,30),(714,'Bài 6(tiết 10,11). Chủ đề muối','lessons/dungpt.c2as@nghean.edu.vn/bai-6-tiet-1011-chu-e-muoidoc.doc','2021-10-07 15:17:43.813449',NULL,'',6,5,'acept','2021-10-12 08:51:31.571908','',24,1,28,30),(720,'Bài 3 (tiết 4,5,6) chủ đề axit','lessons/dungpt.c2as@nghean.edu.vn/bai-3-tiet-456-chu-e-axitdoc_geApkCO.doc','2021-10-07 15:32:40.651618',NULL,'',3,6,'acept','2021-10-12 08:49:50.139632','',24,1,28,30),(737,'Period 22 Unit 4 lesson 1','lessons/hoanv.c2as@nghean.edu.vn/period-22doc.doc','2021-10-08 03:04:04.516129',NULL,'',24,6,'acept','2021-10-10 00:59:19.575701','',13,1,19,13),(738,'Period 23 Unit 4 lesson 2','lessons/hoanv.c2as@nghean.edu.vn/period-23doc.doc','2021-10-08 03:04:37.172935',NULL,'',25,6,'acept','2021-10-10 00:59:06.660114','',13,1,19,13),(739,'Period 24 Unit 4 lesson 3','lessons/hoanv.c2as@nghean.edu.vn/period-24doc.doc','2021-10-08 03:05:04.603563',NULL,'',26,6,'acept','2021-10-10 00:58:49.765330','',13,1,19,13),(740,'TỪ NGỮ ĐỊA PHƯƠNG VÀ BIỆT NGỮ XÃ HỘI','lessons/hoaint.c2as@nghean.edu.vn/tiet-22van-8docx_w0FEBJp.docx','2021-10-09 13:33:13.151120',NULL,'',17,6,'acept','2021-10-10 08:41:25.609868','',14,1,3,14),(741,'Đánh nhau với cối xay gió','lessons/hoaint.c2as@nghean.edu.vn/tiet-2324docx.docx','2021-10-09 13:33:58.335537',NULL,'',18,6,'acept','2021-10-10 08:41:12.032213','',14,1,3,14),(742,'Miêu tả và biểu cảm trong văn tự sự','lessons/hoaint.c2as@nghean.edu.vn/tiet-25docx.docx','2021-10-09 13:34:34.464652',NULL,'',19,6,'acept','2021-10-10 08:40:58.982768','',14,1,3,14),(743,'Tình thái từ','lessons/hoaint.c2as@nghean.edu.vn/tiet-26docx.docx','2021-10-09 13:35:04.124480',NULL,'',20,6,'acept','2021-10-10 08:40:46.343848','',14,1,3,14),(744,'Luyện tập viết đoạn văn...','lessons/hoaint.c2as@nghean.edu.vn/tiet-27docx.docx','2021-10-09 13:35:42.399460',NULL,'',21,6,'acept','2021-10-10 08:40:23.492315','',14,1,3,14),(745,'Lập dàn ý...','lessons/hoaint.c2as@nghean.edu.vn/tiet-28docx.docx','2021-10-09 13:37:36.787621',NULL,'',22,6,'acept','2021-10-10 08:40:07.416102','',14,1,3,14),(746,'Tiết 2- Bài 2 - Nhân đa thức với đa thức','lessons/tuanta.c2as@nghean.edu.vn/2-nhan-da-thuc-voi-da-thucppt.ppt','2021-10-09 13:54:54.227924',NULL,'',2,1,'acept','2021-10-10 14:54:06.627866','',7,1,22,35),(747,'Tiết 3 - Luyện tập ','lessons/tuanta.c2as@nghean.edu.vn/3-lt-nhan-on-a-thucppt.ppt','2021-10-09 13:58:23.126280',NULL,'',3,2,'acept','2021-10-10 14:53:45.415482','',7,1,22,35),(748,'Tiết 4- Hằng đẳng thức','lessons/tuanta.c2as@nghean.edu.vn/4-ht-dang-nho-123pptx.pptx','2021-10-09 13:59:34.048969',NULL,'',4,2,'acept','2021-10-10 14:54:29.090593','',7,1,22,35),(749,'Tiết 1 - Hình học - Tứ giác','lessons/tuanta.c2as@nghean.edu.vn/1-tu-giacpptx.pptx','2021-10-09 14:00:56.554520',NULL,'',5,2,'acept','2021-10-10 14:54:51.420472','',7,1,22,35),(750,'Tiết 2 -  Hình học - Hình thang','lessons/tuanta.c2as@nghean.edu.vn/2-hinh-thangpptx.pptx','2021-10-09 14:01:40.967767',NULL,'',6,2,'acept','2021-10-10 14:55:18.952727','',7,1,22,35),(751,'Bài 12: Thực hành tập sơ cứu và băng bó cho người gãy xương','lessons/yendth.gdas@nghean.edu.vn/tiet-13-thuc-hanhdocx.docx','2021-10-09 14:57:49.385329',NULL,'',24,6,'acept','2021-10-12 08:53:34.333517','',24,1,51,5),(752,'Bài 13: Máu và môi trường trong cơ thể','lessons/yendth.gdas@nghean.edu.vn/tiet-14-mau-va-mt-trong-co-thedocx.docx','2021-10-09 14:58:36.181205',NULL,'',25,6,'acept','2021-10-12 08:53:14.175631','',24,1,51,5),(753,'Bài 14: Bạch cầu- Miễn dịch','lessons/yendth.gdas@nghean.edu.vn/tiet-15-bach-cau-mddocx.docx','2021-10-09 14:59:35.812284',NULL,'',26,6,'acept','2021-10-12 08:53:00.779324','',24,1,51,5),(754,'Bài 15: Đông máu và nguyên tắc truyền máu','lessons/yendth.gdas@nghean.edu.vn/tiet-16-ong-mau-va-nttmdocx.docx','2021-10-09 15:00:55.044993',NULL,'',27,6,'acept','2021-10-12 08:52:46.779077','',24,1,51,5),(755,'Bài 11: Tiến hóa của hệ vận động, vệ sinh hệ vận động','lessons/yendth.gdas@nghean.edu.vn/tiet-12-tien-hoa-hvddocx_7Fffm8Q.docx','2021-10-09 15:01:21.665748',NULL,'',28,6,'acept','2021-10-12 08:52:31.751071','',24,1,51,5),(756,'Bài 22: Cơ thể sinh vật','lessons/yendth.gdas@nghean.edu.vn/t1213-bai22_co-the-sinh-vatdocx.docx','2021-10-09 15:02:43.223356',NULL,'',20,6,'acept','2021-10-12 08:52:17.351713','',24,1,53,5),(757,'Bài 23: Tổ chức cơ thể đa bào','lessons/yendth.gdas@nghean.edu.vn/t1415_bai23_co-the-da-baodocx.docx','2021-10-09 15:03:35.187279',NULL,'',21,6,'acept','2021-10-12 08:51:48.087911','',24,1,53,5),(758,'Bài 24: TH quan sát và mô tả cơ thể đơn bào, cơ thể đa bào','lessons/yendth.gdas@nghean.edu.vn/t1617_bai24_th-quan-satva-mo-ta-co-the-don-bao-co-the-da-baodocx.d','2021-10-09 15:04:39.584600',NULL,'',22,6,'acept','2021-10-12 08:49:09.844222','',24,1,53,5),(759,'Lịch sử 7 Tiết 12 bài 10 Nhà Lý đẩy mạnh công cuộc...','lessons/hadtb.c2as@nghean.edu.vn/lich-su-7-tiet-12-bai-10-nha-ly-ay-manh-cong-cuocdocx.docx','2021-10-09 15:16:21.396794',NULL,'',12,6,'acept','2021-10-10 09:13:25.371934','',44,1,5,10),(760,'Lịch sử 7 Tiết 13 Cuộc kháng chiến chống quân xâm lược Tống tiết 1','lessons/hadtb.c2as@nghean.edu.vn/lich-su-7-tiet-13-cuoc-khang-chien-chong-quan-xam-luoc-tong-tiet-1d','2021-10-09 15:17:04.260432',NULL,'',13,6,'acept','2021-10-10 09:12:32.410245','',44,1,5,10),(761,'Lịch sử 7 Tiết 14 Cuộc kháng chiến chống quân xâm lược Tống tiết 2','lessons/hadtb.c2as@nghean.edu.vn/lich-su-7-tiet-14-cuoc-khang-chien-chong-quan-xam-luoc-tong-tiet-2d','2021-10-09 15:17:49.207148',NULL,'',14,6,'acept','2021-10-10 08:53:21.319776','',44,1,5,10),(762,'Tiết 15 Bài 12 Đời sống kinh tế văn hóa','lessons/hadtb.c2as@nghean.edu.vn/tiet-15-bai-12-oi-song-kinh-te-van-hoadocx.docx','2021-10-09 15:18:38.663129',NULL,'',15,6,'acept','2021-10-10 08:47:14.580094','',44,1,5,10),(763,'Tiết 13 Bài 10 Trung Quốc cuối thế kỉ XIX - đầu thế kie XX','lessons/hadtb.c2as@nghean.edu.vn/tiet-13-bai-10-trung-quoc-cuoi-the-ki-xix-au-the-kie-xxdocx.docx','2021-10-09 15:20:47.055240',NULL,'',13,6,'acept','2021-10-10 08:46:00.439222','',44,1,6,10),(764,'Tiết 14 Bài 11 Các nước Đông Nam Á cuối thế kỉ XIX - XX','lessons/hadtb.c2as@nghean.edu.vn/tiet-14-bai-11-cac-nuoc-ong-nam-a-cuoi-the-ki-xix-xxdocx.docx','2021-10-09 15:21:27.431032',NULL,'',14,6,'acept','2021-10-10 08:45:08.310098','',44,1,6,10),(765,'Tiết 15 Bài 12 Nhật Bản giữa thế kỉ XIX - đầu thế kỉ XX','lessons/hadtb.c2as@nghean.edu.vn/tiet-15-bai-12-nhat-ban-giua-the-ki-xix-au-the-ki-xxdocx.docx','2021-10-09 15:22:00.350523',NULL,'',15,6,'acept','2021-10-10 08:42:50.731768','',44,1,6,10),(766,'Tiết 5 - Luyện tập HĐT 123','lessons/tuanta.c2as@nghean.edu.vn/5-tiet-5-luyen-tap-ht-123doc.doc','2021-10-09 22:17:38.631764','2021-10-09 22:19:59.620206','',7,3,'acept','2021-10-10 14:53:18.844208','',7,1,22,35),(767,'Tiết 6 - Hằng đẳng thức 45','lessons/tuanta.c2as@nghean.edu.vn/6-ht-ang-nho-45pptx.pptx','2021-10-09 22:21:31.696211',NULL,'',8,3,'acept','2021-10-10 14:52:20.742597','',7,1,22,35),(768,'Tiết 3 - Hình thang cân','lessons/tuanta.c2as@nghean.edu.vn/3-hinh-thang-canpptx.pptx','2021-10-09 22:23:38.367824',NULL,'',9,3,'acept','2021-10-10 14:51:59.793229','',7,1,22,35),(769,'Tiết 4 - Luyện tập hình thang cân','lessons/tuanta.c2as@nghean.edu.vn/4-luyen-tap-hinh-thang-ht-canpptx.pptx','2021-10-09 22:24:14.019835',NULL,'',10,3,'acept','2021-10-10 14:46:04.373579','',7,1,22,35),(770,'Tiết 7 - Hằng đẳng thức 67','lessons/tuanta.c2as@nghean.edu.vn/7-ht-ang-nho-67pptx.pptx','2021-10-09 22:27:21.460978',NULL,'',11,4,'acept','2021-10-10 14:47:29.510050','',7,1,22,35),(771,'Tiết 8 - Luyện tập chung HĐT ','lessons/tuanta.c2as@nghean.edu.vn/8-lt-hang-dang-thuc-dang-nhoppt.ppt','2021-10-09 22:28:25.009181',NULL,'',12,4,'acept','2021-10-10 14:47:08.989678','',7,1,22,35),(772,'Tiết 5- Đường trung bình tam giác, hình thang','lessons/tuanta.c2as@nghean.edu.vn/5-uong-tb-cua-tam-giacppt.ppt','2021-10-09 22:32:51.603824',NULL,'',13,4,'acept','2021-10-10 14:51:32.316382','',7,1,22,35),(773,'Tiết 6- Đường trung bình tam giác, hình thang (tiếp)','lessons/tuanta.c2as@nghean.edu.vn/6-uong-tb-hinh-thangppt.ppt','2021-10-09 22:33:32.811902',NULL,'',14,4,'acept','2021-10-10 14:51:11.535467','',7,1,22,35),(774,'Tiết 7- Luyện tập đường trung bình tam giác, hình thang','lessons/tuanta.c2as@nghean.edu.vn/7-luyen-tap-tbppt.ppt','2021-10-09 22:34:53.160222',NULL,'',15,4,'acept','2021-10-10 14:50:45.648537','',7,1,22,35),(775,'Tiết 8 - Đối xứng trục ','lessons/tuanta.c2as@nghean.edu.vn/8-doi-xung-trucpptx.pptx','2021-10-09 22:35:30.345764',NULL,'',16,4,'acept','2021-10-10 14:50:21.045199','',7,1,22,35),(776,'Tiết 9 - Luyện tập đối xứng trục','lessons/tuanta.c2as@nghean.edu.vn/9-lt-doi-xung-trucppt.ppt','2021-10-09 22:36:05.555585',NULL,'',17,4,'acept','2021-10-10 14:49:58.346455','',7,1,22,35),(777,'Tiết 9 - Phân tích ĐTTNT bằng PP đặt nhân tử chung','lessons/tuanta.c2as@nghean.edu.vn/9-phan-tich-pp-at-ntcppt.ppt','2021-10-09 22:37:11.423304',NULL,'',18,5,'acept','2021-10-10 14:49:39.169796','',7,1,22,35),(778,'Tiết 10 - Phân tích ĐTTNT bằng PP sử dụng HĐT','lessons/tuanta.c2as@nghean.edu.vn/10-phan-tich-hang-dang-thucppt.ppt','2021-10-09 22:37:52.115905',NULL,'',19,5,'acept','2021-10-10 14:49:08.326930','',7,1,22,35),(779,'Tiết 10- Hình bình hành','lessons/tuanta.c2as@nghean.edu.vn/10-hinh-binh-hanhpptx.pptx','2021-10-09 22:39:15.625675',NULL,'',20,5,'acept','2021-10-10 14:48:46.968129','',7,1,22,35),(780,'Tiết 11 - Luyện tập hình bình hành','lessons/tuanta.c2as@nghean.edu.vn/11-luyen-tap-hinh-binh-hanhdoc.doc','2021-10-09 22:43:22.604242',NULL,'',21,5,'acept','2021-10-10 14:48:26.415599','',7,1,22,35),(781,'Period 25 Unit4 Lesson 4','lessons/hoanv.c2as@nghean.edu.vn/period-25doc.doc','2021-10-10 00:24:29.740027',NULL,'',27,6,'acept','2021-10-10 00:58:38.491261','',13,1,19,13),(782,'Period 26: Unit 5 lesson 1','lessons/hoanv.c2as@nghean.edu.vn/period-26doc.doc','2021-10-10 00:25:24.885135',NULL,'',28,6,'acept','2021-10-10 00:57:50.684070','',13,1,19,13),(783,'Bài 6. Các nước châu Phi','lessons/phuong.c2as@nghean.edu.vn/tiet-7-bai-6-cac-nuoc-chau-phidoc.doc','2021-10-10 01:06:00.983680',NULL,'',7,6,'acept','2021-10-10 08:35:20.435981','',44,1,7,44),(784,'Bài 10. Nhà Lý đẩy mạnh công cuộc xây dựng đất nước','lessons/phuong.c2as@nghean.edu.vn/tiet-12-bai-10-nha-li-ay-manh-cong-cuoc-xay-dung-at-nuocdoc.doc','2021-10-10 01:08:43.095473',NULL,'',12,6,'acept','2021-10-11 14:44:23.380061','',44,1,5,44),(786,'Bài 10. Nhà Lý đẩy mạnh công cuộc xây dựng đất nước','lessons/phuong.c2as@nghean.edu.vn/tiet-12-bai-10-nha-li-ay-manh-cong-cuoc-xay-dung-at-nuocdoc_BtgCW0','2021-10-10 01:09:01.359260',NULL,'',13,6,'acept','2021-10-11 14:43:24.624687','',44,1,5,44),(787,'Bài 11. Cuộc kháng chống Tống (tiết 1)','lessons/phuong.c2as@nghean.edu.vn/tiet-12-bai-10-nha-li-ay-manh-cong-cuoc-xay-dung-at-nuocdoc_3QUSMX','2021-10-10 01:11:35.508929','2021-10-10 01:17:15.599749','',14,6,'acept','2021-10-11 14:42:34.192616','',44,1,5,44),(788,'Unit1-Period 1,2- Lesson 1-Getting started','lessons/dungvq.c2as@nghean.edu.vn/unit-1-lesson-1_2-getting-starteddocx_3YdZZNv.docx','2021-10-10 02:09:16.161616',NULL,'Lesson 1,2-Getting started',1,1,'acept','2021-10-12 15:21:52.429824','',13,1,16,8),(789,'Unit 1: period 3: Lesson 2: A closer look1','lessons/dungvq.c2as@nghean.edu.vn/unit-1-lesson-2-a-closer-look-1docx_iKVOFhu.docx','2021-10-10 02:12:04.899680',NULL,'',2,1,'acept','2021-10-12 15:37:54.494818','',13,1,16,8),(790,'Unit 1: period 2: Lesson 1: Getting started-powerpoint','lessons/dungvq.c2as@nghean.edu.vn/u1-lesson1-getting-startedpptx_6Z9kn8g.pptx','2021-10-10 02:16:11.211535','2021-10-10 02:21:07.488681','',3,1,'acept','2021-10-12 15:41:47.583978','',13,1,16,8),(791,'Unit 1: period 3: Lesson 2: A closer look1-powerpoint','lessons/dungvq.c2as@nghean.edu.vn/u1-lesson2-acloser-look1pptx_31HKqTo.pptx','2021-10-10 02:24:59.018892',NULL,'',4,1,'acept','2021-10-12 15:42:34.929350','',13,1,16,8),(792,'Unit 1: period 4: Lesson 3: A closer look2-powerpoint','lessons/dungvq.c2as@nghean.edu.vn/u1-lesson3-acloser-look2pptx_i5DZyO1.pptx','2021-10-10 02:27:03.181367',NULL,'',5,2,'acept','2021-10-12 15:41:01.311865','',13,1,16,8),(793,'Unit 1: period 4: Lesson 3: A closer look2','lessons/dungvq.c2as@nghean.edu.vn/unit-1-lesson-3-a-closer-look-2docx_8DupRY5.docx','2021-10-10 02:32:21.419582',NULL,'',6,2,'acept','2021-10-12 15:37:05.732232','',13,1,16,8),(794,'Unit 1: period 5: Lesson 4: Communication','lessons/dungvq.c2as@nghean.edu.vn/unit-1-lesson-4-communicationdocx_3jDw0tr.docx','2021-10-10 02:33:40.420059',NULL,'',7,2,'acept','2021-10-12 15:37:30.543926','',13,1,16,8),(795,'Unit 1: period 5: Lesson 4: Communication-Powerpoint','lessons/dungvq.c2as@nghean.edu.vn/u1-lesson4-communicationpptx.pptx','2021-10-10 02:35:23.719333',NULL,'',8,2,'acept','2021-10-12 15:43:48.500106','',13,1,16,8),(796,'Unit 1: period 6: Lesson 5: Skills1-Powerpoint','lessons/dungvq.c2as@nghean.edu.vn/u1-lesson5-skills1pptx.pptx','2021-10-10 02:37:33.627430',NULL,'',9,2,'acept','2021-10-12 15:40:19.223322','',13,1,16,8),(797,'Unit 1: period 6: Lesson 5: Skills1','lessons/dungvq.c2as@nghean.edu.vn/unit-1-lesson-5-skills-1docx_4uR1qMS.docx','2021-10-10 02:40:05.671499',NULL,'',10,2,'acept','2021-10-12 15:38:16.930852','',13,1,16,8),(798,'Unit 1: period 7: Lesson 6: Skills2-powerpoint','lessons/dungvq.c2as@nghean.edu.vn/u1-lesson6-skills2pptx.pptx','2021-10-10 02:46:16.660700',NULL,'',11,3,'acept','2021-10-12 15:45:26.792114','',13,1,16,8),(799,'Unit 1: period 7: Lesson 6: Skills2','lessons/dungvq.c2as@nghean.edu.vn/unit-1-lesson-6-skills-2docx_w0nY0fg.docx','2021-10-10 02:49:46.315983',NULL,'',12,3,'acept','2021-10-12 15:44:55.303787','',13,1,16,8),(800,'Unit 1: period 8: Lesson 7: Looking back & project','lessons/dungvq.c2as@nghean.edu.vn/unit-1-lesson-7-looking-backdocx_1TDNMM6.docx','2021-10-10 02:53:30.823441',NULL,'',13,3,'acept','2021-10-12 15:36:36.448899','',13,1,16,8),(801,'Unit 1: period 8: Lesson 7: looking back & project-powerpoint','lessons/dungvq.c2as@nghean.edu.vn/u1-lesson7-looking-back-and-projectpptx.pptx','2021-10-10 02:57:52.008562',NULL,'',14,3,'acept','2021-10-12 15:44:31.775776','',13,1,16,8),(802,'Tiết 8 - Bài 5 - Internet','lessons/quynhntn.as@nghean.edu.vn/bai5_internet_t8docx.docx','2021-10-10 03:00:36.867434',NULL,'',8,6,'acept','2021-10-10 14:47:53.712491','',7,1,34,32),(803,'Tiết 13, 14 - Bài 4 - Sử dụng các hàm để tính toán','lessons/quynhntn.as@nghean.edu.vn/7-bai4-sudunghamdetinhtoan_t1314docx.docx','2021-10-10 03:02:17.789481',NULL,'',11,6,'acept','2021-10-10 14:52:46.591487','',7,1,35,32),(804,'Unit 2: period 10: Lesson 2: A closer look1-powerpoint','lessons/dungvq.c2as@nghean.edu.vn/u2-lesson1-getting-startedpptx.pptx','2021-10-10 03:02:40.741913','2021-10-10 03:09:39.998785','',17,4,'acept','2021-10-12 15:44:09.836039','',13,1,16,8),(805,'Tiết 9, 10 - Bài thực hành 2 - Viết chương trình để tính toán','lessons/quynhntn.as@nghean.edu.vn/8-baith2_vietchuongtrinhdetinhtoan_t910doc.doc','2021-10-10 03:03:56.592078',NULL,'',10,6,'acept','2021-10-10 14:46:30.487969','',7,1,36,32),(808,'Unit 2: period 9: Lesson 1: Getting started','lessons/dungvq.c2as@nghean.edu.vn/unit-2-lesson-1-getting-starteddocx_9WFh3w9.docx','2021-10-10 03:12:42.574857',NULL,'',15,3,'acept','2021-10-12 15:36:00.560913','',13,1,16,8),(809,'Unit 2: period 9: Lesson 1: Getting started-powerpoint','lessons/dungvq.c2as@nghean.edu.vn/u2-lesson1-getting-startedpptx_WnFJMfB.pptx','2021-10-10 03:14:03.451619',NULL,'',16,3,'acept','2021-10-12 15:43:17.994895','',13,1,16,8),(811,'Unit 2: period 10: Lesson2: A closer look1','lessons/dungvq.c2as@nghean.edu.vn/unit-2-lesson-2-a-closer-look-1docx_VBjEnWk.docx','2021-10-10 03:18:18.509275',NULL,'',18,4,'acept','2021-10-12 15:35:10.258157','',13,1,16,8),(812,'Unit 2: period 11: Lesson 3: A closer look2','lessons/dungvq.c2as@nghean.edu.vn/unit-2-lesson-3-a-closer-look-2docx_apz7nA5.docx','2021-10-10 03:20:45.283387',NULL,'',19,4,'acept','2021-10-12 15:35:29.331946','',13,1,16,8),(813,'Unit 2: period 11: Lesson 3: A closer look2-powerpoint','lessons/dungvq.c2as@nghean.edu.vn/u2-lesson3-acloser-look2pptx.pptx','2021-10-10 03:23:38.999464',NULL,'',20,4,'acept','2021-10-12 15:42:56.583591','',13,1,16,8),(814,'Unit 2: period 12: Lesson 4: Communication-powerpoint','lessons/dungvq.c2as@nghean.edu.vn/u2-lesson4-communicationpptx.pptx','2021-10-10 03:25:14.541550','2021-10-10 03:30:21.487453','',21,4,'acept','2021-10-12 15:42:14.983384','',13,1,16,8),(815,'Unit 2: period 12: Lesson 4: Communication','lessons/dungvq.c2as@nghean.edu.vn/unit-2-lesson-4-communicationdocx_pAKpSJM.docx','2021-10-10 03:27:59.737383',NULL,'',22,4,'acept','2021-10-12 15:34:48.248446','',13,1,16,8),(816,'Unit 2: period 13: Lesson 5: Skill1-powerpoint','lessons/dungvq.c2as@nghean.edu.vn/u2-lesson5-skills1pptx.pptx','2021-10-10 03:34:38.351645','2021-10-10 03:38:44.878453','',23,4,'acept','2021-10-12 15:41:25.161989','',13,1,16,8),(817,'Unit 2: period13: Lesson 5: Skill1','lessons/dungvq.c2as@nghean.edu.vn/unit-2-lesson-5-skills-1docx_Jck5wuO.docx','2021-10-10 03:37:12.139978',NULL,'',24,4,'acept','2021-10-12 15:34:17.836344','',13,1,16,8),(818,'Unit 2: period 14: Lesson 6: Skills2','lessons/dungvq.c2as@nghean.edu.vn/u2-lesson6-skills2pptx.pptx','2021-10-10 03:42:53.672795','2021-10-10 03:46:57.263566','',25,4,'acept','2021-10-12 15:34:00.183662','',13,1,16,8),(819,'Unit2: period15 : Lesson 7: looking back & project-powerpoint','lessons/dungvq.c2as@nghean.edu.vn/u2-lesson7-loooking-back-and-projectpptx.pptx','2021-10-10 03:52:45.646880',NULL,'',26,5,'acept','2021-10-12 15:40:37.230712','',13,1,16,8),(820,'Unit 1: period 15: Lesson 7: looking back & project','lessons/dungvq.c2as@nghean.edu.vn/unit-2-lesson-7-looking-backdocx_p0thoUQ.docx','2021-10-10 03:54:26.307667',NULL,'',27,5,'acept','2021-10-12 15:33:29.761010','',13,1,16,8),(821,'Unit 3: period 16: Lesson 1: Getting started','lessons/dungvq.c2as@nghean.edu.vn/unit-3-lesson-1-getting-starteddocx_OrnpdPs.docx','2021-10-10 03:57:57.111562',NULL,'',28,5,'acept','2021-10-12 15:32:43.211707','',13,1,16,8),(822,'Unit 3: period 16: Lesson 1: Getting started-powerpoint','lessons/dungvq.c2as@nghean.edu.vn/u3-lesson1-getting-startedpptx.pptx','2021-10-10 03:59:35.157653',NULL,'',29,5,'acept','2021-10-12 15:39:54.954021','',13,1,16,8),(823,'Unit 3: period 17: Lesson 2: A closer look1-powerpoint','lessons/dungvq.c2as@nghean.edu.vn/u3-lesson2-acloser-look1pptx.pptx','2021-10-10 04:01:56.687720',NULL,'',30,5,'acept','2021-10-12 15:27:52.340118','',13,1,16,8),(824,'Unit 3: period 17: Lesson 2: A closer look1','lessons/dungvq.c2as@nghean.edu.vn/unit-3-lesson-2-a-closer-look-1docx_cYKo0Mk.docx','2021-10-10 04:02:58.368313',NULL,'',31,5,'acept','2021-10-12 15:32:21.949027','',13,1,16,8),(825,'Unit 3: period 17: Lesson 2: A closer look1','lessons/dungvq.c2as@nghean.edu.vn/unit-3-lesson-2-a-closer-look-1docx_Cx7R2BJ.docx','2021-10-10 04:12:26.859551',NULL,'',32,5,'acept','2021-10-12 15:31:35.564535','',13,1,16,8),(826,'Tiết 12 (Đại số): Số vô tỉ - Số thực','lessons/phuongdt.c2as@nghean.edu.vn/tiet-12-so-vo-ti-so-thucdocx.docx','2021-10-10 08:19:51.007626',NULL,'',24,6,'acept','2021-10-10 14:07:32.441238','',7,1,21,7),(827,'Tuần 6 - Đại số - Tiết 11 + 12','lessons/tuanta.c2as@nghean.edu.vn/6-ai-so-tiet-11-12doc.doc','2021-10-10 08:20:30.455243',NULL,'',22,6,'acept','2021-10-10 14:44:32.371650','',7,1,22,35),(828,'Tuần 6 - Hình - Tiết  12-15','lessons/tuanta.c2as@nghean.edu.vn/6-hinh-hoc-tiet-12131415doc.doc','2021-10-10 08:21:10.978154',NULL,'',23,6,'acept','2021-10-10 14:07:56.437298','',7,1,22,35),(829,'Tiết 11. Biện pháp phòng trừ sâu bệnh hại','lessons/phuong.c2as@nghean.edu.vn/tiet-11-bai-12-bien-phap-phong-tru-sau-benh-haidoc.doc','2021-10-10 08:27:46.397454',NULL,'',3,6,'pending','2021-10-10 08:27:46.422708','',NULL,1,31,44),(830,'Tiết 12. Thực hành...','lessons/phuong.c2as@nghean.edu.vn/tiet-12-thuc-hanh-nhan-biet-1-so-loai-thuocdoc.doc','2021-10-10 08:28:48.391816',NULL,'',4,6,'pending','2021-10-10 08:28:48.749469','',NULL,1,31,44),(831,'Tiet 11 - Bài 11: Quá trình nội sinh và QT ngoại sinh. Hiện tượng tạo núi','lessons/nganth.c2as@nghean.edu.vn/tiet-11-bai-11docx_4Akvdib.docx','2021-10-10 08:51:24.079455',NULL,'',14,6,'pending','2021-10-10 08:51:24.146710','',NULL,1,11,22),(832,'Tiet 12 - Bài 12: Núi lửa và động đất','lessons/nganth.c2as@nghean.edu.vn/tiet-12-bai-12docx.docx','2021-10-10 08:52:41.329840',NULL,'',15,6,'pending','2021-10-10 08:52:41.368851','',NULL,1,11,22),(833,'Tiết 6 - Bài 6: Thực hành','lessons/nganth.c2as@nghean.edu.vn/tiet-6-bai-6docx_KxRdlrl.docx','2021-10-10 08:54:17.395650',NULL,'',8,6,'acept','2021-10-10 09:11:42.020156','',44,1,9,22),(834,'Tiết 7 - Bài 7: Đặc điểm phát triển kinh tế các nước Châu Á','lessons/nganth.c2as@nghean.edu.vn/tiet-7-bai-7docx_9ll8JZk.docx','2021-10-10 08:55:37.854600',NULL,'',9,6,'acept','2021-10-10 09:10:38.479735','',44,1,9,22),(835,'Tiet 8 - Bài 8: Tình hình phát triển kinh tế của các nước Châu Á','lessons/nganth.c2as@nghean.edu.vn/tiet-8-bai-8docx.docx','2021-10-10 08:56:54.591814',NULL,'',10,6,'acept','2021-10-10 09:09:10.754141','',44,1,9,22),(836,'Bài 11(tiết 14) Bài luyện tập 2','lessons/dungpt.c2as@nghean.edu.vn/bai-11-tiet-14-bai-luyen-tap-2doc.doc','2021-10-10 09:27:10.818585',NULL,'',11,7,'acept','2021-10-12 08:48:35.007768','',24,1,27,30),(837,'Bài KT giữa kỳ 1','lessons/dungpt.c2as@nghean.edu.vn/bai-kt-giua-ky-1doc.doc','2021-10-10 09:28:26.903494',NULL,'',12,7,'acept','2021-10-12 08:48:20.347458','',24,1,27,30),(838,'Bài 11 (tiết 12).phân bón hóa học','lessons/dungpt.c2as@nghean.edu.vn/bai-11-tiet-12-phan-bon-hoa-hocdoc.doc','2021-10-10 09:29:47.021966',NULL,'',7,6,'acept','2021-10-12 08:48:05.585682','',24,1,28,30),(839,'Bài 12 (tiết 13). Mối quan hệ giữa các hợp chất vô cơ','lessons/dungpt.c2as@nghean.edu.vn/bai-12-tiet-13-moi-qun-he-giua-cac-hop-chat-vo-codoc.doc','2021-10-10 09:30:38.674982',NULL,'',8,6,'acept','2021-10-12 08:47:49.330416','',24,1,28,30),(840,'Bài 13 (tiết 14). Thực hành tính chất hóa học của bazơ và muối','lessons/dungpt.c2as@nghean.edu.vn/bai14-tiet-14-thuc-hanh-tinh-chat-hoa-hoc-cua-bazo-va-muoidoc.doc','2021-10-10 09:32:20.467589',NULL,'',9,6,'acept','2021-10-12 08:47:32.556607','',24,1,28,30),(843,'Bài 13(tiết 15). Luyện tâp chương 1','lessons/dungpt.c2as@nghean.edu.vn/bai-15-tiet-15-luyen-tapdoc.doc','2021-10-10 09:52:05.407941',NULL,'',10,7,'acept','2021-10-12 08:47:19.138946','',24,1,28,30),(851,'Giới thiệu bài học và tri thức ngữ văn  - Bài \"Tôi và các bạn\"','lessons/hienpt.c2as@nghean.edu.vn/tiet-1-bai-1docx_1qbA6tK.docx','2021-10-10 13:07:19.362035',NULL,'',1,1,'pending','2021-10-10 13:07:19.453832','',NULL,1,1,41),(852,'Bài học đường đời đầu tiên (t1) ','lessons/hienpt.c2as@nghean.edu.vn/tiet-2-bai-1docx_SYKEFSk.docx','2021-10-10 13:08:11.941978',NULL,'',2,6,'pending','2021-10-10 13:08:12.874272','',NULL,1,1,41),(855,'Khái quát về nhà ở (t1)','lessons/hienpt.c2as@nghean.edu.vn/giao-an-cong-nghe-tuan-1docx.docx','2021-10-10 13:10:41.157511',NULL,'',1,1,'pending','2021-10-10 13:10:41.203952','',NULL,1,30,41),(857,'Khám phá ẩm thực xứ Nghệ (t1)','lessons/hienpt.c2as@nghean.edu.vn/gdp-tuan-1docx.docx','2021-10-10 13:11:39.659807',NULL,'',1,6,'pending','2021-10-10 13:11:39.698578','',NULL,1,54,41),(861,'Tiết 7 bài 5 Pháp luật và kỷ luật','lessons/oanhnt.c2as@nghean.edu.vn/tiet-7-gdcd-8-chu-e-ki-luat-va-phap-luatdoc_vdbejjo.doc','2021-10-10 13:26:02.867977',NULL,'',7,6,'pending','2021-10-10 13:26:02.910452','',NULL,1,14,23),(862,'Tiết 7 kiểm tra giữa kỳ 1','lessons/oanhnt.c2as@nghean.edu.vn/tiet-7-gdcd6-kiem-tra-giua-kydoc.doc','2021-10-10 13:27:35.731866',NULL,'',7,6,'pending','2021-10-10 13:27:35.769443','',NULL,1,12,23),(864,'Tiết 8 Bài 4. Tôn trọng sự thật','lessons/oanhnt.c2as@nghean.edu.vn/tiet-8-gdcd6-ton-trong-su-thatdoc_3vybY2t.doc','2021-10-10 13:32:11.499943',NULL,'',8,6,'pending','2021-10-10 13:32:11.546084','',NULL,1,12,23),(865,'Bài học đường đời đầu tiên (t2) ','lessons/hienpt.c2as@nghean.edu.vn/tiet-3-tuan-2docx.docx','2021-10-10 13:39:19.059844',NULL,'',3,2,'pending','2021-10-10 13:39:19.122049','',NULL,1,1,41),(866,'   Thực hành tiếng Việt  ','lessons/hienpt.c2as@nghean.edu.vn/tiet-4-tuan-2docx.docx','2021-10-10 13:40:50.207980',NULL,'',4,2,'pending','2021-10-10 13:40:50.251714','',NULL,1,1,41),(867,'Tiết 7 ÔN TẬP','lessons/oanhnt.c2as@nghean.edu.vn/tiet-7-cn-6-on-tapdoc.doc','2021-10-10 13:41:27.916118',NULL,'',8,6,'pending','2021-10-10 13:41:28.047496','',NULL,1,30,23),(868,'Nếu cậu muốn có một người bạn','lessons/hienpt.c2as@nghean.edu.vn/tiet-56-tuan-2docx.docx','2021-10-10 13:41:59.001915',NULL,'',5,2,'pending','2021-10-10 13:41:59.045142','',NULL,1,1,41),(869,'Khái quát về nhà ở (t2)','lessons/hienpt.c2as@nghean.edu.vn/ga-cong-nghe-tuan-2docx.docx','2021-10-10 13:43:40.641235',NULL,'',2,2,'pending','2021-10-10 13:43:40.706190','',NULL,1,30,41),(870,'Khám phá ẩm thực xứ Nghệ (t2)','lessons/hienpt.c2as@nghean.edu.vn/gdp-tuan-2docx.docx','2021-10-10 13:44:25.868950',NULL,'',2,2,'pending','2021-10-10 13:44:25.922761','',NULL,1,54,41),(871,'Tiết 7-Gương cầu lõm','lessons/mainv.c2as@nghean.edu.vn/tiet-7-guong-cau-lomdoc.doc','2021-10-10 13:44:44.375748',NULL,'QH',7,6,'acept','2021-10-12 08:47:01.205624','',24,1,24,28),(872,'Tiết 13-Điện năng-Công của dòng điện','lessons/mainv.c2as@nghean.edu.vn/tiet-13-ien-nang-cong-cua-dong-iendoc.doc','2021-10-10 13:46:01.010953',NULL,'ĐH',13,6,'acept','2021-10-12 08:46:46.508860','',24,1,26,28),(873,'Tiết 14-Bài tập về công suất điện và điện năng sử dụng','lessons/mainv.c2as@nghean.edu.vn/tiet-14-bai-tap-ve-cong-suat-ien-va-ien-nang-su-dungdoc.doc','2021-10-10 13:46:42.701391',NULL,'ĐH',14,6,'acept','2021-10-12 08:46:32.387803','',24,1,26,28),(874,'Tiết 15-Định luật Jun – Len-xơ','lessons/mainv.c2as@nghean.edu.vn/tiet-15-inh-luat-jun-len-xodoc.doc','2021-10-10 13:47:17.479849',NULL,'ĐH',15,6,'acept','2021-10-12 08:46:14.891792','',24,1,26,28),(875,'Tiết 16-Bài tập vận dụng định luật Jun – Len-xơ','lessons/mainv.c2as@nghean.edu.vn/tiet-16-bai-tap-van-dung-inh-luat-jun-len-xodoc.doc','2021-10-10 13:47:50.410726',NULL,'ĐH',16,6,'acept','2021-10-12 08:45:57.973812','',24,1,26,28),(876,'Tiết 6 Thực hành Nối dây dẫn điện','lessons/mainv.c2as@nghean.edu.vn/tiet-6-thuc-hanh-noi-day-dan-iendoc.doc','2021-10-10 13:48:51.113292',NULL,'MĐTN',6,6,'pending','2021-10-10 13:48:51.150352','',NULL,1,33,28),(877,'Tiết 13 (Đại số): Ôn tập chương 1','lessons/phuongdt.c2as@nghean.edu.vn/tiet-13-on-tap-chuong-1docx.docx','2021-10-10 13:53:51.613148',NULL,'',25,6,'acept','2021-10-10 14:06:58.504533','',7,1,21,7),(878,'Tiết 14 (Đại số): Ôn tập chương 1 (tiết 2)','lessons/phuongdt.c2as@nghean.edu.vn/tiet-14-on-tap-chuong-1docx.docx','2021-10-10 13:55:11.291777',NULL,'',26,6,'acept','2021-10-10 14:06:43.046066','',7,1,21,7),(879,'Tiết 11 (Hình học): Luyện tập từ vuông góc đến song song','lessons/phuongdt.c2as@nghean.edu.vn/tiet-11-luyen-tap-tu-vuong-goc-den-song-songdocx.docx','2021-10-10 13:57:19.271730',NULL,'',27,6,'acept','2021-10-10 14:06:28.029062','',7,1,21,7),(880,'Tiết 12 (Hình học): Định lý','lessons/phuongdt.c2as@nghean.edu.vn/tiet-12-dinh-lydocx.docx','2021-10-10 13:58:22.678753',NULL,'',28,6,'acept','2021-10-10 14:06:13.549252','',7,1,21,7),(881,'Tiết 13 (Hình học): Luyện tập Định lý','lessons/phuongdt.c2as@nghean.edu.vn/tiet-13-luyen-tap-dinh-lydocx.docx','2021-10-10 13:59:11.675255',NULL,'',29,6,'acept','2021-10-10 14:05:56.784193','',7,1,21,7),(882,'Tiết 2- Trung thực','lessons/thuongnt.c2as@nghean.edu.vn/tiet-1-song-gian-di-cd7docx.docx','2021-10-10 14:19:42.840431','2021-10-10 14:25:07.085059','',2,2,'pending','2021-10-10 14:25:07.089148','',NULL,1,13,34),(883,'Tiết 1- Sống giản dị','lessons/thuongnt.c2as@nghean.edu.vn/tiet-1-song-gian-di-cd7docx_m0isiCF.docx','2021-10-10 14:26:24.436338',NULL,'',1,1,'pending','2021-10-10 14:26:24.468463','',NULL,1,13,34),(884,'Tiết 3- Tự trọng','lessons/thuongnt.c2as@nghean.edu.vn/tiet-3-tu-trongdocx_esQFPFG.docx','2021-10-10 14:27:29.901026',NULL,'',3,3,'pending','2021-10-10 14:27:30.357206','',NULL,1,13,34),(885,'Tiết 4- Đạo đức và kỉ luật','lessons/thuongnt.c2as@nghean.edu.vn/tiet-4-ao-uc-va-ki-luatdocx_049OD9c.docx','2021-10-10 14:29:38.866802',NULL,'',4,4,'pending','2021-10-10 14:29:38.893518','',NULL,1,13,34),(887,'   Thực hành tiếng Việt','lessons/hienpt.c2as@nghean.edu.vn/tiet-7-tuan-3docx.docx','2021-10-10 14:30:16.592156',NULL,'',6,3,'pending','2021-10-10 14:30:16.629014','',NULL,1,1,41),(889,'Bắt nạt','lessons/hienpt.c2as@nghean.edu.vn/tiet-89-tuan-3docx.docx','2021-10-10 14:30:59.320122',NULL,'',7,6,'pending','2021-10-10 14:30:59.368177','',NULL,1,1,41),(890,'Viết bài văn kể lại một trải nghiệm của em','lessons/hienpt.c2as@nghean.edu.vn/tiet-10-11-tuan-3docx.docx','2021-10-10 14:31:58.199799',NULL,'',8,6,'pending','2021-10-10 14:31:58.254067','',NULL,1,1,41),(892,'Thực hành: Viết bài văn kể lại một trải nghiệm của em','lessons/hienpt.c2as@nghean.edu.vn/tiet-1213-tuan-3docx.docx','2021-10-10 14:33:11.024394',NULL,'',9,6,'pending','2021-10-10 14:33:11.087766','',NULL,1,1,41),(893,'Tiết 5- Yêu thương con người','lessons/thuongnt.c2as@nghean.edu.vn/tiet-5-yeu-thuong-con-nguoi-oan-ket-tuong-trodocx_RVK06PQ.docx','2021-10-10 14:33:59.975818',NULL,'',5,5,'pending','2021-10-10 14:34:00.033778','',NULL,1,13,34),(894,'Xây dựng nhà ở','lessons/hienpt.c2as@nghean.edu.vn/ga-cong-nghe-tuan-3docx.docx','2021-10-10 14:34:21.257628',NULL,'',3,6,'pending','2021-10-10 14:34:21.324398','',NULL,1,30,41),(895,'Tiết 6: Yêu thương con người- Đoàn kết tương trợ','lessons/thuongnt.c2as@nghean.edu.vn/tiet-6-cd7docx.docx','2021-10-10 14:35:10.715656',NULL,'',6,5,'pending','2021-10-10 14:35:10.762881','',NULL,1,13,34),(896,'Khám phá ẩm thực xứ Nghệ (t3)','lessons/hienpt.c2as@nghean.edu.vn/gdp-tuan-3docx.docx','2021-10-10 14:35:12.970565',NULL,'',3,6,'pending','2021-10-10 14:35:13.008281','',NULL,1,54,41),(898,'Tiết 7: Tôn sư trọng đạo','lessons/thuongnt.c2as@nghean.edu.vn/tiet-7-ton-su-trong-ao-cd7docx.docx','2021-10-10 14:37:21.255688',NULL,'',7,6,'pending','2021-10-10 14:37:21.297497','',NULL,1,13,34),(899,'Tiết 8: Kiểm tra giữa kì','lessons/thuongnt.c2as@nghean.edu.vn/tiet-8-kt-giua-ki-cd7docx.docx','2021-10-10 14:38:12.112354',NULL,'',8,6,'pending','2021-10-10 14:38:12.140597','',NULL,1,13,34),(900,'Tiết 1- Ôn tập','lessons/thuongnt.c2as@nghean.edu.vn/tiet-on-tap-gdcd-9ppt_M5qXqvW.ppt','2021-10-10 14:40:34.895310',NULL,'',1,1,'pending','2021-10-10 14:40:34.938493','',NULL,1,15,34),(901,'tiết 2- Chí công vô tư','lessons/thuongnt.c2as@nghean.edu.vn/tiet-2-chi-cong-vo-tudocx_T8kFdP3.docx','2021-10-10 14:41:23.811113',NULL,'',2,2,'pending','2021-10-10 14:41:23.863511','',NULL,1,15,34),(902,'Tiết 3- tự chủ','lessons/thuongnt.c2as@nghean.edu.vn/tiet-3-tu-chudocx_wT3OxEP.docx','2021-10-10 14:42:21.675506',NULL,'',3,3,'pending','2021-10-10 14:42:21.715279','',NULL,1,15,34),(904,'Tiết 4- Dân chủ và kỉ luật','lessons/thuongnt.c2as@nghean.edu.vn/tiet-4-dan-chu-va-ki-luatdocx_U33ETDV.docx','2021-10-10 14:43:47.263677',NULL,'',4,4,'pending','2021-10-10 14:43:47.305131','',NULL,1,15,34),(906,'Tiết 5- bảo vệ Hòa bình','lessons/thuongnt.c2as@nghean.edu.vn/tiet-5-bao-ve-hoa-binhdocx_jeXyFna.docx','2021-10-10 14:44:33.895557',NULL,'',5,4,'pending','2021-10-10 14:44:34.299695','',NULL,1,15,34),(909,'Tiết6: Tình hữu nghị - Hợp tác cùng phát triển','lessons/thuongnt.c2as@nghean.edu.vn/tiet-6-tinh-huu-nghi-hop-tac-cung-phat-triendocx_2pFZWcN.docx','2021-10-10 14:46:28.631309',NULL,'',6,5,'pending','2021-10-10 14:46:28.661428','',NULL,1,15,34),(911,'Tiết 7: tình hữu nghị - hợp tác cùng phát triển','lessons/thuongnt.c2as@nghean.edu.vn/tiet-7-gdcd-9-bai-hop-tacdocx.docx','2021-10-10 14:48:10.963562',NULL,'',7,6,'pending','2021-10-10 14:48:11.004418','',NULL,1,15,34),(912,'Kiểm tra giữa kì.','lessons/thuongnt.c2as@nghean.edu.vn/tiet-8-kiem-tra-1t-cd9docx.docx','2021-10-10 14:48:53.815559',NULL,'',8,6,'pending','2021-10-10 14:48:53.855341','',NULL,1,15,34),(914,'Tiết 11, 12 - Bài 4 - Sử dụng biến và hằng trong chương trình','lessons/quynhntn.as@nghean.edu.vn/8-bai4_sudungbienvahangtrongchuongtrinh_t1112doc.doc','2021-10-10 14:57:08.571940',NULL,'',11,6,'acept','2021-10-12 02:39:35.975778','',7,1,36,32),(915,'Unit 3: period 18: Lesson 3: A closer look2','lessons/dungvq.c2as@nghean.edu.vn/unit-3-lesson-3-a-closer-look-2docx.docx','2021-10-10 15:01:46.356211',NULL,'',33,5,'acept','2021-10-12 15:31:12.243536','',13,1,16,8),(916,'Unit 3: period 18: Lesson 3: A closer look2-powerpoint','lessons/dungvq.c2as@nghean.edu.vn/u3-lesson3-acloser-look2pptx.pptx','2021-10-10 15:03:00.507836',NULL,'',34,5,'acept','2021-10-12 15:39:29.261028','',13,1,16,8),(917,'Unit 3: period 19: Lesson 4: Communication-powerpoint','lessons/dungvq.c2as@nghean.edu.vn/u3-lesson4-communicationpptx.pptx','2021-10-10 15:04:55.928906',NULL,'',35,6,'acept','2021-10-12 15:39:02.094979','',13,1,16,8),(918,'Unit 3: period 19: Lesson4: comunication','lessons/dungvq.c2as@nghean.edu.vn/unit-3-lesson-4-communicationdocx.docx','2021-10-10 15:06:58.527259',NULL,'',36,6,'acept','2021-10-12 15:30:27.519780','',13,1,16,8),(919,'Unit 3: period 20: Lesson 5: Skills1','lessons/dungvq.c2as@nghean.edu.vn/unit-3-lesson-5-skills-1docx.docx','2021-10-10 15:08:58.352799',NULL,'',37,6,'acept','2021-10-12 15:29:55.159368','',13,1,16,8),(920,'Unit 3: period 20: Lesson 5: Skills1-powerpoint','lessons/dungvq.c2as@nghean.edu.vn/u3-lesson5-skills1pptx.pptx','2021-10-10 15:09:44.130999',NULL,'',38,6,'acept','2021-10-12 15:38:39.878312','',13,1,16,8),(921,'Nói và nghe: Kể lại một trải nghiệm của em','lessons/hienpt.c2as@nghean.edu.vn/tiet-14-tuan-4docx.docx','2021-10-10 15:10:16.847983',NULL,'',10,4,'pending','2021-10-10 15:10:16.884136','',NULL,1,1,41),(922,'Trả bài','lessons/hienpt.c2as@nghean.edu.vn/tiet-15-tuan-4docx.docx','2021-10-10 15:10:38.823616',NULL,'',11,6,'pending','2021-10-10 15:10:38.868635','',NULL,1,1,41),(923,'Unit 3: period 21: Lesson 6: Skills2-powerpoint','lessons/dungvq.c2as@nghean.edu.vn/u3-lesson6-skills2pptx.pptx','2021-10-10 15:11:17.703803',NULL,'',39,6,'acept','2021-10-12 15:28:27.604379','',13,1,16,8),(924,'Giới thiệu bài học và tri thức ngữ văn  - Bài \"Gõ cửa trái tim\"','lessons/hienpt.c2as@nghean.edu.vn/tiet-16-tuan-4docx.docx','2021-10-10 15:11:29.251728',NULL,'',12,6,'pending','2021-10-10 15:11:29.302418','',NULL,1,1,41),(925,'Chuyện cổ tích về loài người ','lessons/hienpt.c2as@nghean.edu.vn/tiet-1718-tuan-4docx.docx','2021-10-10 15:12:09.717119',NULL,'',13,6,'pending','2021-10-10 15:12:09.781072','',NULL,1,1,41),(926,'Unit 3: period 21: Lesson 6: Skills2','lessons/dungvq.c2as@nghean.edu.vn/unit-3-lesson-6-skills-2docx.docx','2021-10-10 15:13:00.414362',NULL,'',40,6,'acept','2021-10-12 15:23:36.116513','',13,1,16,8),(927,'Trả bài','lessons/hienpt.c2as@nghean.edu.vn/tiet-15-tuan-4docx_CclaZt6.docx','2021-10-10 15:14:30.393254',NULL,'',14,4,'pending','2021-10-10 15:14:30.447728','',NULL,1,1,41),(928,'Giới thiệu bài học và tri thức ngữ văn  - Bài \"Gõ cửa trái tim\"','lessons/hienpt.c2as@nghean.edu.vn/tiet-16-tuan-4docx_5Uv2Mde.docx','2021-10-10 15:15:20.292056',NULL,'',15,4,'pending','2021-10-10 15:15:20.513468','',NULL,1,1,41),(929,'Bức tranh của em gái tôi','lessons/hienpt.c2as@nghean.edu.vn/tiet-1718-tuan-4docx_GlUvSZH.docx','2021-10-10 15:15:45.887650','2021-10-10 15:19:50.639565','',16,6,'pending','2021-10-10 15:19:50.642982','',NULL,1,1,41),(930,'Tiết 13, 14 - Bài thực hành 3 - Khai báo và sử dụng biến','lessons/quynhntn.as@nghean.edu.vn/8-baith3_khaibaovasudungbien_t1314doc.doc','2021-10-10 15:17:15.872981',NULL,'',12,6,'acept','2021-10-12 02:39:09.677994','',7,1,36,32),(931,'Chuyện cổ tích về loài người','lessons/hienpt.c2as@nghean.edu.vn/tiet-1718-tuan-4docx_VkfOPrO.docx','2021-10-10 15:18:06.443385',NULL,'',17,4,'pending','2021-10-10 15:18:06.588114','',NULL,1,1,41),(932,'Ngôi nhà thông minh - Phần I, II','lessons/hienpt.c2as@nghean.edu.vn/ga-cong-nghe-5docx.docx','2021-10-10 15:21:47.054132',NULL,'',4,4,'pending','2021-10-10 15:21:47.097304','',NULL,1,30,41),(933,'Xây dựng nhà ở','lessons/hienpt.c2as@nghean.edu.vn/ga-cong-nghe-tuan-4docx.docx','2021-10-10 15:22:21.438882',NULL,'',5,4,'pending','2021-10-10 15:22:21.489698','',NULL,1,30,41),(934,'Khám phá ẩm thực xứ Nghệ (t4)','lessons/hienpt.c2as@nghean.edu.vn/gdp-tuan-4docx.docx','2021-10-10 15:23:13.211904',NULL,'',4,4,'pending','2021-10-10 15:23:13.253275','',NULL,1,54,41),(935,'Giáo án Văn 7 từ tiết 29 đến tiết 32','lessons/loanntk.c2as@nghean.edu.vn/van-7-tuan-8-t29-32doc.doc','2021-10-10 15:26:11.271072',NULL,'',8,6,'pending','2021-10-10 15:26:11.301611','',NULL,1,2,18),(936,'Giáo án Văn 7 từ tiết 33 đến tiết 36','lessons/loanntk.c2as@nghean.edu.vn/van-7-tuan-9-t33-36doc.doc','2021-10-10 15:26:53.515559',NULL,'',9,6,'pending','2021-10-10 15:26:53.560739','',NULL,1,2,18),(937,'Giáo án Văn 9 từ tiết 31 đến tiết 35','lessons/loanntk.c2as@nghean.edu.vn/tuan-7-van-9-t31-35doc.doc','2021-10-10 15:27:41.690668',NULL,'',8,6,'pending','2021-10-10 15:27:41.719378','',NULL,1,4,18),(940,'Thực hành tiếng Việt','lessons/hienpt.c2as@nghean.edu.vn/tiet-19-tuan-5docx.docx','2021-10-10 15:48:55.051501',NULL,'',18,5,'pending','2021-10-10 15:48:55.094297','',NULL,1,1,41),(941,'Mây và sóng ','lessons/hienpt.c2as@nghean.edu.vn/tiet-2021-tuan-5docx.docx','2021-10-10 15:49:33.173820',NULL,'',19,6,'pending','2021-10-10 15:49:33.229234','',NULL,1,1,41),(942,'Tiết 20 Số học 6','lessons/hadtn.c2as@nghean.edu.vn/tiet-20-so-hoc-6docx.docx','2021-10-10 15:50:34.911968',NULL,'',28,6,'pending','2021-10-10 15:50:34.953678','',NULL,1,20,11),(943,'Tiết 21 số học 6','lessons/hadtn.c2as@nghean.edu.vn/tiet-21-so-hoc-6docx.docx','2021-10-10 15:51:32.169550',NULL,'',29,6,'pending','2021-10-10 15:51:33.833841','',NULL,1,20,11),(944,'Tiết 22 Số học 6','lessons/hadtn.c2as@nghean.edu.vn/tiet-22-so-hoc-6docx.docx','2021-10-10 15:52:02.050393',NULL,'',30,6,'pending','2021-10-10 15:52:02.080956','',NULL,1,20,11),(945,'Tiết 23 Số học 6','lessons/hadtn.c2as@nghean.edu.vn/tiet-23-so-hoc-6docx.docx','2021-10-10 15:52:42.087862',NULL,'',31,6,'pending','2021-10-10 15:52:42.517931','',NULL,1,20,11),(946,'Tiết 9 Hình học 6','lessons/hadtn.c2as@nghean.edu.vn/tiet-9-hinh-hoc-6docx.docx','2021-10-10 15:53:21.623851',NULL,'',32,6,'pending','2021-10-10 15:53:21.670815','',NULL,1,20,11),(947,'Thực hành tiếng Việt','lessons/hienpt.c2as@nghean.edu.vn/tiet-19-tuan-5docx_XF0qZnM.docx','2021-10-10 15:53:30.966183',NULL,'',20,5,'pending','2021-10-10 15:53:31.351883','',NULL,1,1,41),(948,'Tiết 10 Hình học 6','lessons/hadtn.c2as@nghean.edu.vn/tiet-10-hinh-hoc-6docx.docx','2021-10-10 15:53:47.623822',NULL,'',33,6,'pending','2021-10-10 15:53:47.674203','',NULL,1,20,11),(949,'Mây và sóng ','lessons/hienpt.c2as@nghean.edu.vn/tiet-2021-tuan-5docx_rXT7NyH.docx','2021-10-10 15:54:41.356277',NULL,'',21,5,'pending','2021-10-10 15:54:41.487942','',NULL,1,1,41),(950,'tiết 11 Hình học 6','lessons/hadtn.c2as@nghean.edu.vn/tiet-11-hinh-hoc-6docx.docx','2021-10-10 15:55:05.548084',NULL,'',34,6,'pending','2021-10-10 15:55:05.602621','',NULL,1,20,11),(951,'Bức tranh của em gái tôi','lessons/hienpt.c2as@nghean.edu.vn/tiet-23-25-tuan-6docx.docx','2021-10-10 15:57:26.012479',NULL,'',22,5,'pending','2021-10-10 15:57:26.104841','',NULL,1,1,41),(952,'Tiết 13 Đại số 7','lessons/hadtn.c2as@nghean.edu.vn/tiet-13-ai-so-7docx.docx','2021-10-10 15:58:07.154884',NULL,'',26,6,'pending','2021-10-10 15:58:07.188918','',NULL,1,21,11),(953,'Ngôi nhà thông minh - Phần I, II','lessons/hienpt.c2as@nghean.edu.vn/cong-nghe-6docx.docx','2021-10-10 15:58:38.403718',NULL,'',6,5,'pending','2021-10-10 15:58:38.777374','',NULL,1,30,41),(954,'Tiết 14 Đại số 7','lessons/hadtn.c2as@nghean.edu.vn/tiet-14-ai-so-7docx.docx','2021-10-10 15:58:40.459786',NULL,'',27,6,'pending','2021-10-10 15:58:40.528284','',NULL,1,21,11),(955,'Tiết 15 Đại số 7','lessons/hadtn.c2as@nghean.edu.vn/tiet-15-ai-so-7docx.docx','2021-10-10 15:59:09.994406',NULL,'',28,6,'pending','2021-10-10 15:59:10.041604','',NULL,1,21,11),(956,'Tiết 16 Đại số 7','lessons/hadtn.c2as@nghean.edu.vn/tiet-16-ai-so-7docx.docx','2021-10-10 15:59:35.423613',NULL,'',29,6,'pending','2021-10-10 15:59:35.480347','',NULL,1,21,11),(957,'Tiết 13 Hình học 7','lessons/hadtn.c2as@nghean.edu.vn/tiet-13-hinh-hoc-7docx.docx','2021-10-10 16:00:05.363762',NULL,'',30,6,'pending','2021-10-10 16:00:05.406715','',NULL,1,21,11),(958,'1st mid tearm test','lessons/luongdt.c2as@nghean.edu.vn/1st-mid-tearm-testdocx.docx','2021-10-10 16:10:07.923574',NULL,'',21,6,'acept','2021-10-12 15:27:35.659339','',13,1,18,19),(959,'test correction 1','lessons/luongdt.c2as@nghean.edu.vn/test-correctiondocx.docx','2021-10-10 16:11:00.574448',NULL,'',22,6,'acept','2021-10-12 15:27:08.124881','',13,1,18,19),(960,'Unit 4 lesson 1','lessons/luongdt.c2as@nghean.edu.vn/unit-4-lesson-1docx.docx','2021-10-10 16:11:47.498548',NULL,'',23,6,'acept','2021-10-12 15:22:37.718980','',13,1,18,19),(961,'Unit 4 lesson 2','lessons/luongdt.c2as@nghean.edu.vn/unit-4-lesson-2docx.docx','2021-10-10 16:12:27.283577',NULL,'',24,6,'acept','2021-10-12 15:22:16.111848','',13,1,18,19),(962,'unit 4 lesson 3','lessons/luongdt.c2as@nghean.edu.vn/unit-4-lesson-3docx.docx','2021-10-10 16:13:05.955746',NULL,'',25,6,'acept','2021-10-12 15:26:47.850181','',13,1,18,19),(963,'unit 4 lesson 4','lessons/luongdt.c2as@nghean.edu.vn/unit-4-lesson-4docx.docx','2021-10-10 16:13:46.721613',NULL,'',26,6,'acept','2021-10-12 15:26:26.480095','',13,1,18,19),(964,'Đối Xứng Tâm ','lessons/Chautt.c2as@nghean.edu.vn/tiet-12-oi-xung-tamdocx.docx','2021-10-11 03:22:42.970981',NULL,'',12,6,'pending','2021-10-11 03:22:43.047833','',NULL,1,22,40),(965,'Số học - Tiết 17 - Số nguyên tố','lessons/truongbx.c2as@nghean.edu.vn/so-hoc-tiet-1718-so-nguyen-todoc.doc','2021-10-11 04:00:20.781442',NULL,'',20,5,'pending','2021-10-11 04:00:20.832714','',NULL,1,20,37),(966,'HH 6 - Tiết 4,5,6 - HCN, Hình thoi, HBH, Hình thang cân.','lessons/truongbx.c2as@nghean.edu.vn/hh-tiet-456-hcn-hthoi-hbh-htcdocx.docx','2021-10-11 04:05:31.730696',NULL,'',21,5,'pending','2021-10-11 04:05:31.766726','',NULL,1,20,37),(967,'ĐS 9 - Tiết 11 - Rút gọn BT chứa căn thức bậc 2','lessons/truongbx.c2as@nghean.edu.vn/ds-9-tiet-11-rut-gon-bieu-thuc-chua-candoc.doc','2021-10-11 05:16:17.803990',NULL,'',22,6,'pending','2021-10-11 05:16:17.877386','',NULL,1,20,37),(968,'ĐS 9 - Tiết 12 - Căn bậc ba','lessons/truongbx.c2as@nghean.edu.vn/ds-9-tiet-12-can-bac-3doc.doc','2021-10-11 05:16:56.587883',NULL,'',23,6,'pending','2021-10-11 05:16:56.667762','',NULL,1,20,37),(969,'ĐS 9 - Tiết 13 - LT','lessons/truongbx.c2as@nghean.edu.vn/ds-9-tiet-13doc.doc','2021-10-11 05:17:28.748166',NULL,'',24,6,'pending','2021-10-11 05:17:29.109046','',NULL,1,20,37),(970,'HH 9 - Tiết 14 - Ôn tập giữa kỳ 1','lessons/truongbx.c2as@nghean.edu.vn/hh-9-tiet-14-on-tap-giua-kydoc.doc','2021-10-11 05:18:18.121469',NULL,'',25,6,'pending','2021-10-11 05:18:18.161742','',NULL,1,20,37),(971,'HH 9 - Tiết 15 - Ôn tập gữa kỳ 1 (tiếp)','lessons/truongbx.c2as@nghean.edu.vn/hh-9-tiet-15-on-tap-giua-kydoc.doc','2021-10-11 05:19:03.635585',NULL,'',26,6,'pending','2021-10-11 05:19:03.669757','',NULL,1,20,37),(972,'So hoc - Tiet 18 - Số nguyên tố (tiếp)','lessons/truongbx.c2as@nghean.edu.vn/so-hoc-tiet-1718-so-nguyen-todoc_r5JRH4U.doc','2021-10-11 05:20:57.247788',NULL,'',27,6,'pending','2021-10-11 05:20:57.300688','',NULL,1,20,37),(973,'So hoc - Tiet 19 - LT chung','lessons/truongbx.c2as@nghean.edu.vn/so-hoc-tiet-19-lt-chungdoc.doc','2021-10-11 05:21:27.232347',NULL,'',28,6,'pending','2021-10-11 05:21:27.282345','',NULL,1,20,37),(974,'So hoc - Tiet 20, 21 - ƯC - ƯCLN','lessons/truongbx.c2as@nghean.edu.vn/so-hoc-tiet-2021-uc-uclndocx.docx','2021-10-11 05:22:03.519770',NULL,'',29,6,'pending','2021-10-11 05:22:03.579068','',NULL,1,20,37),(975,'HH 6 - Tiết 7,8,9 - Chu vi va diện tích các hình...','lessons/truongbx.c2as@nghean.edu.vn/hh-tiet-789-chu-vi-va-dien-tich-cac-hinhdocx.docx','2021-10-11 05:23:23.809383',NULL,'',30,7,'pending','2021-10-11 05:23:23.849885','',NULL,1,20,37),(976,'ĐS 9 - Tiết 11 - RG BT chứa căn','lessons/truongbx.c2as@nghean.edu.vn/ds-9-tiet-11-rut-gon-bieu-thuc-chua-candoc_bd9BiO7.doc','2021-10-11 05:25:53.000002',NULL,'',20,7,'pending','2021-10-11 05:25:53.056056','',NULL,1,23,37),(977,'ĐS 9 - Tiết 12 - Căn bậc ba','lessons/truongbx.c2as@nghean.edu.vn/ds-9-tiet-12-can-bac-3doc_u72qYSQ.doc','2021-10-11 05:26:17.247626',NULL,'',21,7,'pending','2021-10-11 05:26:17.299264','',NULL,1,23,37),(978,'ĐS 9 - Tiết 13 - LT','lessons/truongbx.c2as@nghean.edu.vn/ds-9-tiet-13doc_HuEFt0h.doc','2021-10-11 05:26:43.901006',NULL,'',22,6,'pending','2021-10-11 05:26:43.940774','',NULL,1,23,37),(979,'HH 9 - Tiết 14 - Ôn tập giữa kỳ 1','lessons/truongbx.c2as@nghean.edu.vn/hh-9-tiet-14-on-tap-giua-kydoc_MqgydjM.doc','2021-10-11 05:27:28.415666',NULL,'',23,6,'pending','2021-10-11 05:27:28.484419','',NULL,1,23,37),(980,'HH 9 - Tiết 15 - Ôn tập giữa kỳ 1 (tiếp)','lessons/truongbx.c2as@nghean.edu.vn/hh-9-tiet-15-on-tap-giua-kydoc_8FLkKCT.doc','2021-10-11 05:27:57.436201',NULL,'',24,6,'pending','2021-10-11 05:27:57.467305','',NULL,1,23,37),(981,'Unit 3: period 22: Lesson 7: kooking back & project-powerpoint','lessons/dungvq.c2as@nghean.edu.vn/unit-3-lesson-7-looking-backdocx.docx','2021-10-11 07:57:29.273676',NULL,'',41,6,'acept','2021-10-12 15:19:59.126738','',13,1,16,8),(982,'Unit 3: period 22: Lesson 7: kooking back & project-powerpoint','lessons/dungvq.c2as@nghean.edu.vn/u3-lesson7-loooking-back-and-projectpptx.pptx','2021-10-11 07:58:33.711130',NULL,'',42,6,'acept','2021-10-12 15:26:00.283022','',13,1,16,8),(983,'Bài 11. Cuộc kháng chống Tống (tiết 2)','lessons/phuong.c2as@nghean.edu.vn/bai-11-tiet-14-cuoc-khang-chien-chong-tong-giai-oan-2doc.doc','2021-10-11 13:59:46.906072',NULL,'',15,6,'acept','2021-10-11 14:41:28.572765','',44,1,5,44),(984,'Tiết 13','lessons/mytt.as@nghean.edu.vn/tiet-13docx.docx','2021-10-11 14:07:39.728302',NULL,'',14,6,'acept','2021-10-12 08:45:36.536069','',24,1,50,21),(985,'Tiết 14','lessons/mytt.as@nghean.edu.vn/tiet-14docx.docx','2021-10-11 14:09:21.935233',NULL,'',15,6,'acept','2021-10-12 08:45:18.590960','',24,1,50,21),(986,'Tiết 15','lessons/mytt.as@nghean.edu.vn/tiet-15docx.docx','2021-10-11 14:10:02.857467',NULL,'',16,6,'acept','2021-10-12 08:45:01.279560','',24,1,50,21),(987,'Bài 12. Đời sống kinh tế, văn hóa thời Trần','lessons/phuong.c2as@nghean.edu.vn/tiet-15-bai-12-oi-song-kinh-te-van-hoadoc.doc','2021-10-11 14:12:24.266450',NULL,'',16,6,'acept','2021-10-11 14:40:22.722129','',44,1,5,44),(988,'Tiết 11','lessons/mytt.as@nghean.edu.vn/tiet-11docx_j4apOQc.docx','2021-10-11 14:22:37.650698',NULL,'',12,6,'acept','2021-10-12 08:44:46.360273','',24,1,52,21),(989,'Tiết 12','lessons/mytt.as@nghean.edu.vn/tiet-12docx_Mf42Fad.docx','2021-10-11 14:23:05.997786',NULL,'',13,6,'acept','2021-10-12 08:44:10.426481','',24,1,52,21),(990,'Tiết 13','lessons/mytt.as@nghean.edu.vn/tiet-13docx_AkYsjPb.docx','2021-10-11 14:23:26.580621',NULL,'',14,6,'acept','2021-10-12 08:43:08.945993','',24,1,52,21),(991,'Tiết 14','lessons/mytt.as@nghean.edu.vn/tiet-14docx_9vp4IgB.docx','2021-10-11 14:23:41.979273',NULL,'',15,6,'acept','2021-10-12 08:42:37.044981','',24,1,52,21),(992,'Tiết 13. Bài 15. Làm đất và bón phân','lessons/phuong.c2as@nghean.edu.vn/tiet-13-bai-15-lam-at-va-bon-phan-lotdoc.doc','2021-10-11 14:37:47.999835',NULL,'',5,6,'pending','2021-10-11 14:37:48.039003','',NULL,1,31,44),(993,'Anh 7','lessons/minhnt.c2as@nghean.edu.vn/unit-3doc.doc','2021-10-11 14:50:20.058022',NULL,'',3,6,'acept','2021-10-12 15:25:30.079744','',13,1,17,20),(994,'ĐẠI SỐ -Tiết 14 :ÔN TẬP CHƯƠNG 1','lessons/linhnt.c2as@nghean.edu.vn/tiet-14docx_KqH0icB.docx','2021-10-11 14:56:35.463646',NULL,'',14,7,'pending','2021-10-11 14:56:35.499299','',NULL,1,23,27),(999,'Chủ đề 2 - tiết 3','lessons/lamnt.c2as@nghean.edu.vn/tiet-7pptx.pptx','2021-10-11 16:23:34.524799',NULL,'-  LTÂN: Kí hiệu âm bằng hệ thống chữ cái Latin                                                                              \r\n-  Nhạc cụ: Recorder hoặc kèn phím\r\n',7,7,'acept','2021-10-12 15:25:04.883942','',13,1,42,17),(1000,'Tiết 7','lessons/lamnt.c2as@nghean.edu.vn/tiet-7-lop-7doc.doc','2021-10-11 16:25:46.120222',NULL,'ÔN TẬP VÀ KIỂM TRA GIỮA KỲ 1',8,7,'acept','2021-10-12 15:24:40.407949','',13,1,43,17),(1001,'Tiết 7','lessons/lamnt.c2as@nghean.edu.vn/tiet-7-lop-8doc.doc','2021-10-11 16:38:12.081718',NULL,'ÔN TẬP VÀ KIỂM TRA',7,6,'acept','2021-10-12 15:24:04.131741','',13,1,44,17),(1002,'Tiết 7','lessons/lamnt.c2as@nghean.edu.vn/tiet-7-lop-9doc.doc','2021-10-11 16:45:30.759598',NULL,'ÔN TẬP VÀ KIỂM TRA',7,7,'acept','2021-10-12 15:23:19.289510','',13,1,45,17),(1003,'Tiết 8','lessons/lamnt.c2as@nghean.edu.vn/tiet-8-hoc-hat-tuoi-hongppt.ppt','2021-10-11 16:59:42.339548',NULL,'Học hát bài TUỔI HỒNG',8,7,'acept','2021-10-12 15:22:57.522051','',13,1,44,17),(1004,'Tiết 8','lessons/lamnt.c2as@nghean.edu.vn/tiet-08-bai-noi-vong-tay-lonppt.ppt','2021-10-11 17:28:59.241961',NULL,'Học hát bài: NỐI VÒNG TAY LỚN',8,7,'acept','2021-10-12 15:21:27.890387','',13,1,45,17),(1005,'Tiết 8','lessons/lamnt.c2as@nghean.edu.vn/tiet-8-lop-7doc.doc','2021-10-11 17:39:40.918739',NULL,'Học hát bài: CHÚNG EM CẦN HÒA BÌNH',9,7,'acept','2021-10-12 15:20:54.192832','',13,1,43,17),(1006,'Dân số','lessons/hoannt.c2as@nghean.edu.vn/tiet-1-bai-1-ia-7docx_u3wndPE.docx','2021-10-12 06:13:38.607101',NULL,'',1,1,'acept','2021-10-12 14:05:16.956475','',44,1,8,16),(1007,'Sự phân bố dân cư. Các chủng tộc trên thế giới','lessons/hoannt.c2as@nghean.edu.vn/tiet-2-bai-2-ia-7docx_DUjBMFA.docx','2021-10-12 06:14:33.823061',NULL,'',2,1,'acept','2021-10-12 14:07:43.224179','',44,1,8,16),(1008,'Quần cư. Đô thị hóa','lessons/hoannt.c2as@nghean.edu.vn/tiet-3-bai-3-ia-7docx_c1xxInZ.docx','2021-10-12 06:16:11.470601',NULL,'',3,2,'acept','2021-10-12 14:07:05.853459','',44,1,8,16),(1009,'Thực hành: phân tích lược đồ dân số và tháp tuổi','lessons/hoannt.c2as@nghean.edu.vn/tiet-4-bai-4-ia-7docx_mmgtPDr.docx','2021-10-12 06:17:58.028557',NULL,'',4,2,'acept','2021-10-12 14:06:38.802028','',44,1,8,16),(1010,'Đới nóng- Môi trường xích đạo ẩm','lessons/hoannt.c2as@nghean.edu.vn/tiet-5-bai-5-ia-7docx.docx','2021-10-12 06:19:24.096002',NULL,'',5,3,'acept','2021-10-12 14:04:25.126623','',44,1,8,16),(1011,'Môi trường nhiệt đới','lessons/hoannt.c2as@nghean.edu.vn/tiet-6-bai-6-ia-7docx.docx','2021-10-12 06:20:23.722970',NULL,'',6,3,'acept','2021-10-12 14:03:50.915834','',44,1,8,16),(1012,'Môi trường nhiệt đới gió mùa(tiết 1)','lessons/hoannt.c2as@nghean.edu.vn/tiet-7-bai-7-ia-7docx.docx','2021-10-12 06:24:08.491048',NULL,'',7,4,'acept','2021-10-12 14:02:45.224380','',44,1,8,16),(1013,'Môi trường nhiệt đới gió mùa(tiết 2)','lessons/hoannt.c2as@nghean.edu.vn/tiet-8-bai-7-ia-7docx.docx','2021-10-12 06:26:22.280214',NULL,'',8,4,'acept','2021-10-12 14:01:02.300103','',44,1,8,16),(1014,'Dân số và sức ép của dân số tới tài nguyên môi trường đới nóng','lessons/hoannt.c2as@nghean.edu.vn/tiet-9-bai-10-ia-7docx.docx','2021-10-12 06:28:08.562920',NULL,'',9,4,'acept','2021-10-12 14:00:08.008632','',44,1,8,16),(1015,'Thực hành: Nhận biết đặc điểm môi trường đới nóng','lessons/hoannt.c2as@nghean.edu.vn/tiet-10-bai-12-ia-7docx.docx','2021-10-12 06:30:35.080336',NULL,'',10,4,'acept','2021-10-12 13:58:10.647241','',44,1,8,16),(1018,'Ôn tập môi trường đới nóng','lessons/hoannt.c2as@nghean.edu.vn/tiet-11-ia-7docx.docx','2021-10-12 06:36:04.982304',NULL,'',11,5,'acept','2021-10-12 13:56:51.239960','',44,1,8,16),(1019,'Môi trường đới ôn hòa','lessons/hoannt.c2as@nghean.edu.vn/tiet-12-bai-13-ia-7docx.docx','2021-10-12 06:36:55.175332',NULL,'',12,5,'acept','2021-10-12 13:55:33.859506','',44,1,8,16),(1020,'Ô nhiễm môi trường ở đới ôn hòa(tiết1)','lessons/hoannt.c2as@nghean.edu.vn/tiet-13-bai-17-ia-7docx.docx','2021-10-12 06:38:26.824885',NULL,'',13,6,'acept','2021-10-12 13:52:53.062995','',44,1,8,16),(1021,'Ô nhiễm môi trường ở đới ôn hòa(tiết2)','lessons/hoannt.c2as@nghean.edu.vn/tiet-14-bai-17-ia-7docx.docx','2021-10-12 06:39:04.830503',NULL,'',14,7,'acept','2021-10-12 13:51:55.247799','',44,1,8,16),(1022,'Bài 18.Thực hành: Nhận biết đặc điểm môi trường đới ôn hòa','lessons/hoannt.c2as@nghean.edu.vn/tiet-15-bai-18-ia-7docx.docx','2021-10-12 06:42:40.934943',NULL,'',15,6,'acept','2021-10-12 13:45:13.520486','',44,1,8,16),(1023,'Bài 19. Môi trường hoang mạc','lessons/hoannt.c2as@nghean.edu.vn/tiet-16-bai-19-ia-7docx.docx','2021-10-12 06:43:40.821197',NULL,'',16,6,'acept','2021-10-12 13:40:20.634718','',44,1,8,16),(1025,'Cộng đồng các dân tộc Việt Nam','lessons/hoannt.c2as@nghean.edu.vn/tiet-1-bai-1-ia-9docx_zCOhVUE.docx','2021-10-12 07:06:52.686741',NULL,'',1,1,'acept','2021-10-12 13:39:30.523459','',44,1,10,16),(1026,'Dân số và sự gia tăng dân số','lessons/hoannt.c2as@nghean.edu.vn/tiet-2-bai-2-ia-9docx_ZwAObBa.docx','2021-10-12 07:10:43.246950',NULL,'',2,1,'acept','2021-10-12 13:37:40.536186','',44,1,10,16),(1027,'Phân bố dân cư. Các loại hình quần cư','lessons/hoannt.c2as@nghean.edu.vn/tiet-3-bai-3-ia-9docx_9iWNhek.docx','2021-10-12 07:14:29.108012',NULL,'',3,2,'acept','2021-10-12 13:35:08.159127','',44,1,10,16),(1028,'Lao động và việc làm. Chất lượng cộc sống','lessons/hoannt.c2as@nghean.edu.vn/tiet-4-bai-4-ia-9docx_E2B0C6o.docx','2021-10-12 07:17:04.883298',NULL,'',4,2,'acept','2021-10-12 13:34:30.698281','',44,1,10,16),(1029,'Thực hành: Phân tích và so sánh tháp dân số năm 1989 và 1999','lessons/hoannt.c2as@nghean.edu.vn/tiet-5-bai-5-ia-9docx_mW3Qdew.docx','2021-10-12 07:22:35.311019',NULL,'',5,3,'acept','2021-10-12 13:33:38.194960','',44,1,10,16),(1030,'Sự phát triển nền kinh tế Việt Nam','lessons/hoannt.c2as@nghean.edu.vn/tiet-6-bai-6-ia-9docx_rtU0Gh3.docx','2021-10-12 07:23:35.526848',NULL,'',6,3,'acept','2021-10-12 13:32:46.650495','',44,1,10,16),(1031,'Các nhân tố ảnh hưởng đến sự phát triển và phân bố nông nhiệp','lessons/hoannt.c2as@nghean.edu.vn/tiet-7-bai-7-ia-9docx.docx','2021-10-12 07:25:49.216759',NULL,'',7,4,'acept','2021-10-12 13:31:18.370507','',44,1,10,16),(1032,'Sự phát triển và phân bố nông nghiệp','lessons/hoannt.c2as@nghean.edu.vn/tiet-8-bai-8-ia-9docx.docx','2021-10-12 07:27:06.675836',NULL,'',8,4,'acept','2021-10-12 13:30:09.679790','',44,1,10,16),(1033,'Sự phát triển và phân bố sản xuất lâm nghiệp, thủy sản','lessons/hoannt.c2as@nghean.edu.vn/tiet-9-bai-9-ia-9docx.docx','2021-10-12 07:28:54.944586',NULL,'',9,4,'acept','2021-10-12 13:29:36.264256','',44,1,10,16),(1034,'Thực hành: Vẽ và phân tích biểu đồ về sự thay đổi cơ cấu diện tích gieo trồng phân theo các loại cây, sự tăng trưởng đàn gia súc...','lessons/hoannt.c2as@nghean.edu.vn/tiet-10-bai-10-ia-9docx.docx','2021-10-12 07:31:37.030886',NULL,'',10,4,'acept','2021-10-12 13:27:53.084135','',44,1,10,16),(1035,'Các nhân tố ảnh hưởng đến sự phát triển và phân bố Công nhiệp','lessons/hoannt.c2as@nghean.edu.vn/tiet-11-bai-11-ia-9docx.docx','2021-10-12 07:33:21.958876',NULL,'',11,5,'acept','2021-10-12 13:25:52.192939','',44,1,10,16),(1036,'Sự phát triển và phân bố Công nghiệp','lessons/hoannt.c2as@nghean.edu.vn/tiet-12-bai-12-ia-9docx.docx','2021-10-12 07:34:22.477566',NULL,'',12,5,'acept','2021-10-12 13:06:27.050034','',44,1,10,16),(1037,'Vai trò, đặc điểm phát triển và phân bố dịch vụ','lessons/hoannt.c2as@nghean.edu.vn/tiet-13-bai-13-ia-9docx.docx','2021-10-12 07:35:54.228835',NULL,'',13,6,'acept','2021-10-12 12:58:47.305285','',44,1,10,16),(1038,'Giao thông vận tải và bưu chính viên thông','lessons/hoannt.c2as@nghean.edu.vn/tiet-14-bai-14-ia-9docx.docx','2021-10-12 07:37:32.270391',NULL,'',14,6,'acept','2021-10-12 12:54:11.421056','',44,1,10,16),(1039,'Thương mại và du lịch','lessons/hoannt.c2as@nghean.edu.vn/tiet-15-bai-15-ia-9docx.docx','2021-10-12 07:38:33.266973',NULL,'',15,6,'acept','2021-10-12 12:49:26.672400','',44,1,10,16),(1040,'Ôn tập để kiểm tra 1 tiết','lessons/hoannt.c2as@nghean.edu.vn/tiet-16-ia-9docx.docx','2021-10-12 07:40:22.155554',NULL,'',16,6,'acept','2021-10-12 12:42:47.153338','',44,1,10,16),(1041,'Vai trò của bản vẽ KT','lessons/nhungnt.gdas@nghean.edu.vn/tiet-1-vai-tro-ban-ve-ky-thuatdoc_WC83Vpc.doc','2021-10-12 13:09:09.611828',NULL,'',1,1,'pending','2021-10-12 13:09:09.657537','',NULL,1,32,24),(1042,'Hình chiếu','lessons/nhungnt.gdas@nghean.edu.vn/tiet-2-bai-2-hinh-chieudoc_xLS4mOG.doc','2021-10-12 13:09:51.656755',NULL,'',2,2,'pending','2021-10-12 13:09:51.696614','',NULL,1,32,24),(1043,'Bản vẽ khối đa diện','lessons/nhungnt.gdas@nghean.edu.vn/tiet-3-bai-4-ban-ve-khoi-a-diendoc_2ECrs6q.doc','2021-10-12 13:10:32.157845',NULL,'',3,3,'pending','2021-10-12 13:10:32.670618','',NULL,1,32,24),(1044,'Bản vẽ khối tròn xoay','lessons/nhungnt.gdas@nghean.edu.vn/tiet-4-bai-6-ban-ve-cac-khoi-tron-xoaydoc_Chgrw1Y.doc','2021-10-12 13:11:26.233260',NULL,'',4,4,'pending','2021-10-12 13:11:26.267032','',NULL,1,32,24),(1045,'TH: Hình chiếu của vật thể','lessons/nhungnt.gdas@nghean.edu.vn/tiet-5-bai-3-thuc-hanh-hinh-chieudoc_2AmiuNQ.doc','2021-10-12 13:12:28.682538',NULL,'',5,4,'pending','2021-10-12 13:12:29.115640','',NULL,1,32,24),(1046,'Khái niệm về bản vẽ kỷ thuật','lessons/nhungnt.gdas@nghean.edu.vn/tiet-6-khai-niem-ve-ban-ve-ky-thuatdoc_QgnK3V9.doc','2021-10-12 13:13:28.457092',NULL,'',6,4,'pending','2021-10-12 13:13:28.515653','',NULL,1,32,24),(1047,'Bản vẽ chi tiết','lessons/nhungnt.gdas@nghean.edu.vn/tiet-7-ban-ve-chi-tietdoc_KGLvDDX.doc','2021-10-12 13:14:02.511511',NULL,'',7,4,'pending','2021-10-12 13:14:02.984670','',NULL,1,32,24),(1048,'Biểu diễn ren','lessons/nhungnt.gdas@nghean.edu.vn/tiet-8-bai-11-bieu-dien-rendoc_Xb0USZ3.doc','2021-10-12 13:16:28.422497',NULL,'',8,4,'pending','2021-10-12 13:16:28.455613','',NULL,1,32,24),(1049,'Bản vẽ lắp','lessons/nhungnt.gdas@nghean.edu.vn/tiet-9-bai-13-ban-ve-lapdoc.doc','2021-10-12 13:29:08.807298',NULL,'',9,4,'pending','2021-10-12 13:29:08.840343','',NULL,1,32,24),(1050,'TH: Bài 3: Hình chiếu','lessons/nhungnt.gdas@nghean.edu.vn/tiet-10-bai-15-ban-ve-nhadoc.doc','2021-10-12 13:30:15.408573',NULL,'',10,5,'pending','2021-10-12 13:30:15.442744','',NULL,1,32,24),(1051,'TH: Đọc bản vẽ chi tiế có ren','lessons/nhungnt.gdas@nghean.edu.vn/tiet-11-bai-12-th-oc-ban-ve-chi-tiet-co-rendoc.doc','2021-10-12 13:31:05.399400',NULL,'',11,6,'pending','2021-10-12 13:31:05.444777','',NULL,1,32,24),(1052,'Ôn tập','lessons/nhungnt.gdas@nghean.edu.vn/tiet-7-on-tapdoc.doc','2021-10-12 13:33:33.860935',NULL,'',7,6,'acept','2021-10-12 13:41:45.810689','',24,1,25,24),(1053,'Kiểm tra 1 tiết','lessons/nhungnt.gdas@nghean.edu.vn/tiet-8-kiem-tra-1-tietdoc.doc','2021-10-12 13:34:11.337892',NULL,'',8,6,'acept','2021-10-12 13:41:26.166761','',24,1,25,24),(1054,'Đo nhiệt độ','lessons/nhungnt.gdas@nghean.edu.vn/tiet-7-bai-8-o-nhiet-ot1doc.doc','2021-10-12 13:38:16.789200',NULL,'',7,6,'pending','2021-10-12 13:38:16.818936','',NULL,1,29,24),(1055,'Gương cầu lõm','lessons/nhungnt.gdas@nghean.edu.vn/tiet-7-bai-8-guong-cau-lomdoc.doc','2021-10-12 13:40:26.082979',NULL,'',7,6,'acept','2021-10-12 13:41:13.115938','',24,1,24,24),(1056,'Tiết 1: Căn bậc hai','lessons/linhnt.c2as@nghean.edu.vn/tiet-1can-bac-haidocx.docx','2021-10-12 13:52:29.152071',NULL,'',1,2,'pending','2021-10-12 13:52:29.182882','',NULL,1,23,27),(1057,'TIẾT 02: §2. CĂN THỨC BẬC HAI VÀ HẰNG ĐẲNG THỨC  ','lessons/linhnt.c2as@nghean.edu.vn/tiet-02docx.docx','2021-10-12 13:55:05.607022',NULL,'',2,1,'pending','2021-10-12 13:55:05.681076','',NULL,1,23,27),(1059,'Hình học: Tiết 1: Một số hệ thức về cạnh và đường cao trong tam giác vuông','lessons/linhnt.c2as@nghean.edu.vn/hinh-9-tiet-1docx_1Ob7ZkG.docx','2021-10-12 13:58:37.239453',NULL,'',3,2,'pending','2021-10-12 13:58:37.268716','',NULL,1,23,27),(1060,'Hình học : Tiết 2: .  MỘT SỐ HỆ THỨC VỀ CẠNH VÀ ĐƯỜNG CAO  TRONG TAM GIÁC VUÔNG( tt)','lessons/linhnt.c2as@nghean.edu.vn/hinh-9-tiet-2docx.docx','2021-10-12 14:01:27.400502',NULL,'',4,2,'pending','2021-10-12 14:01:27.494710','',NULL,1,23,27),(1062,'Đại số - tiết 2: Căn thức bậc hai','lessons/linhnt.c2as@nghean.edu.vn/tiet-02docx_73iWdxw.docx','2021-10-12 14:04:08.214959',NULL,'',5,2,'pending','2021-10-12 14:04:08.312807','',NULL,1,23,27),(1063,'Hình tiết 3: Một số hệ thức về cạnh và đường cao trong tam giác vuông','lessons/linhnt.c2as@nghean.edu.vn/hinh-9-tiet-3docx.docx','2021-10-12 14:16:45.599124',NULL,'',6,3,'pending','2021-10-12 14:16:45.649843','',NULL,1,23,27),(1064,'Căn thức bậc hai và hằng đẳng thức','lessons/linhnt.c2as@nghean.edu.vn/tiet-3docx.docx','2021-10-12 14:19:03.634809',NULL,'',7,3,'pending','2021-10-12 14:19:03.672581','',NULL,1,23,27),(1065,'Đại số , tiết 4: Liên hệ giữa phép nhân và phép khai phương','lessons/linhnt.c2as@nghean.edu.vn/tiet-4docx.docx','2021-10-12 14:21:20.358623',NULL,'',8,3,'pending','2021-10-12 14:21:20.398226','',NULL,1,23,27),(1066,'Hình học : Tiết 4: Tỉ số lượng giác của góc nhọn','lessons/linhnt.c2as@nghean.edu.vn/hinh-9-tiet-4docx.docx','2021-10-12 14:23:24.310149',NULL,'',9,3,'pending','2021-10-12 14:23:24.351939','',NULL,1,23,27),(1067,'Đại số tiết 5: Liên hệ giữa phép khai phương và phép chia','lessons/linhnt.c2as@nghean.edu.vn/tiet-5docx.docx','2021-10-12 14:25:44.517576',NULL,'',10,3,'pending','2021-10-12 14:25:45.435887','',NULL,1,23,27),(1068,'Đại : Tiết 6: Liên hệ giữa phép chia và phép khai phương','lessons/linhnt.c2as@nghean.edu.vn/tiet-6docx.docx','2021-10-12 14:27:29.501033',NULL,'',11,3,'pending','2021-10-12 14:27:29.540185','',NULL,1,23,27),(1069,'ĐAI 9: tiết 7: Biến đổi biểu thức chứa căn bậc hai','lessons/linhnt.c2as@nghean.edu.vn/tiet-7docx.docx','2021-10-12 14:42:11.865867',NULL,'',12,4,'pending','2021-10-12 14:42:11.900861','',NULL,1,23,27),(1070,'Đại số -Tiết 8: Biến đổi biểu thức chứa căn bậc hai','lessons/linhnt.c2as@nghean.edu.vn/tiet-8docx.docx','2021-10-12 14:43:49.863208',NULL,'',13,4,'pending','2021-10-12 14:43:49.904739','',NULL,1,23,27),(1073,'Hinh học: Tiết 4: Tỉ số lượng giác của góc nhon','lessons/linhnt.c2as@nghean.edu.vn/hinh-9-tiet-4docx_RsOSz66.docx','2021-10-12 14:45:54.288573',NULL,'',16,4,'pending','2021-10-12 14:45:54.332286','',NULL,1,23,27),(1074,'Hình học : Tiết 5: Tỉ số lượng giác của góc nhọn','lessons/linhnt.c2as@nghean.edu.vn/hinh-hoc-tiet-5docx.docx','2021-10-12 14:51:53.373747',NULL,'',17,4,'pending','2021-10-12 14:51:53.419613','',NULL,1,23,27),(1075,'Hình học tiết 6: Tỉ số lượng giác của góc nhọn','lessons/linhnt.c2as@nghean.edu.vn/hinh-hoc-tiet-6docx.docx','2021-10-12 14:55:37.669739',NULL,'',18,4,'pending','2021-10-12 14:55:37.871967','',NULL,1,23,27),(1076,'Đại : Biến đổi biểu thức chứa căn bậc hai','lessons/linhnt.c2as@nghean.edu.vn/tiet-9docx.docx','2021-10-12 15:06:47.574648',NULL,'',19,4,'pending','2021-10-12 15:06:47.623867','',NULL,1,23,27),(1077,'Hình : Tiết 7: Một số hệ về cạnh và góc trong tam giác vuông','lessons/linhnt.c2as@nghean.edu.vn/hinh-hoc-tiet-7docx.docx','2021-10-12 15:16:42.312108',NULL,'',20,4,'pending','2021-10-12 15:16:42.345710','',NULL,1,23,27),(1078,' Đại số : Tiết 10: Rút gọn biểu thức chứa căn bậc hai','lessons/linhnt.c2as@nghean.edu.vn/tiet-10docx.docx','2021-10-12 15:21:14.153721',NULL,'',21,5,'pending','2021-10-12 15:21:14.188456','',NULL,1,23,27),(1079,'Đại số - Tiết 11; Rút gọn biểu thức chứa căn bậc hai','lessons/linhnt.c2as@nghean.edu.vn/tiet-11docx.docx','2021-10-12 15:22:41.554748',NULL,'',22,5,'pending','2021-10-12 15:22:41.585605','',NULL,1,23,27),(1080,'Hình : Tiết 9','lessons/linhnt.c2as@nghean.edu.vn/hinh-hoc-tiet-9docx.docx','2021-10-12 15:27:16.233336',NULL,'',23,5,'pending','2021-10-12 15:27:16.291674','',NULL,1,23,27),(1081,'Hình tiết 8: một số hệ thức về cạnh và góc trong tam giác vuông','lessons/linhnt.c2as@nghean.edu.vn/hinh-tiet-8docx.docx','2021-10-12 15:30:22.143179',NULL,'',24,5,'pending','2021-10-12 15:30:22.192217','',NULL,1,23,27),(1082,'Đại số : tiết 9: Biến đổi biểu thức chứa căn bậc hai','lessons/linhnt.c2as@nghean.edu.vn/tiet-9docx_TljBiCu.docx','2021-10-13 01:40:39.517969',NULL,'',25,5,'pending','2021-10-13 01:40:39.567749','',NULL,1,23,27);
/*!40000 ALTER TABLE `lessonmanagement_lesson` ENABLE KEYS */;
UNLOCK TABLES;

--
-- Table structure for table `lessonmanagement_lessonschedule`
--

DROP TABLE IF EXISTS `lessonmanagement_lessonschedule`;
/*!40101 SET @saved_cs_client     = @@character_set_client */;
/*!40101 SET character_set_client = utf8 */;
CREATE TABLE `lessonmanagement_lessonschedule` (
  `id` bigint(20) NOT NULL AUTO_INCREMENT,
  `teach_date_schedule` date NOT NULL,
  `week` int(11) DEFAULT NULL,
  `session` varchar(15) NOT NULL,
  `order_schedule` int(11) NOT NULL,
  `classyear_id` bigint(20) NOT NULL,
  `lesson_id` bigint(20) NOT NULL,
  PRIMARY KEY (`id`),
  KEY `lessonmanagement_les_classyear_id_8b62c494_fk_lessonman` (`classyear_id`),
  KEY `lessonmanagement_les_lesson_id_f82cab3a_fk_lessonman` (`lesson_id`),
  CONSTRAINT `lessonmanagement_les_classyear_id_8b62c494_fk_lessonman` FOREIGN KEY (`classyear_id`) REFERENCES `lessonmanagement_classyear` (`id`),
  CONSTRAINT `lessonmanagement_les_lesson_id_f82cab3a_fk_lessonman` FOREIGN KEY (`lesson_id`) REFERENCES `lessonmanagement_lesson` (`id`)
) ENGINE=InnoDB AUTO_INCREMENT=2349 DEFAULT CHARSET=utf8;
/*!40101 SET character_set_client = @saved_cs_client */;

--
-- Dumping data for table `lessonmanagement_lessonschedule`
--

LOCK TABLES `lessonmanagement_lessonschedule` WRITE;
/*!40000 ALTER TABLE `lessonmanagement_lessonschedule` DISABLE KEYS */;
INSERT INTO `lessonmanagement_lessonschedule` VALUES (9,'2021-09-05',0,'morning',1,2,17),(137,'2021-09-06',1,'morning',1,15,63),(138,'2021-09-06',1,'morning',2,15,65),(139,'2021-09-06',1,'morning',4,13,63),(140,'2021-09-06',1,'afternoon',1,16,63),(141,'2021-09-06',1,'afternoon',2,16,65),(142,'2021-09-06',1,'afternoon',4,14,63),(143,'2021-09-07',1,'morning',1,13,65),(145,'2021-09-07',1,'morning',2,13,68),(146,'2021-09-07',1,'morning',4,15,68),(147,'2021-09-07',1,'afternoon',1,14,65),(148,'2021-09-07',1,'afternoon',2,14,68),(149,'2021-09-07',1,'afternoon',4,16,68),(151,'2021-09-13',2,'morning',2,15,70),(152,'2021-09-13',2,'morning',3,14,70),(153,'2021-09-13',2,'morning',4,13,70),(154,'2021-09-13',2,'morning',5,16,70),(155,'2021-09-14',2,'morning',1,15,71),(156,'2021-09-14',2,'morning',3,14,71),(157,'2021-09-15',2,'morning',3,16,71),(158,'2021-09-15',2,'morning',5,13,71),(159,'2021-09-16',2,'morning',1,14,73),(160,'2021-09-16',2,'morning',3,13,73),(161,'2021-09-17',2,'morning',1,16,73),(162,'2021-09-17',2,'morning',3,15,73),(164,'2021-09-20',3,'morning',2,15,75),(165,'2021-09-20',3,'morning',3,14,75),(166,'2021-09-20',3,'morning',4,13,75),(167,'2021-09-20',3,'morning',5,16,81),(168,'2021-09-21',3,'morning',1,15,76),(169,'2021-09-21',3,'morning',3,14,82),(170,'2021-09-22',3,'morning',3,16,82),(171,'2021-09-22',3,'morning',5,13,82),(172,'2021-09-23',3,'morning',1,14,83),(175,'2021-09-23',3,'morning',3,13,83),(176,'2021-09-24',3,'morning',1,16,83),(177,'2021-09-24',3,'morning',3,15,83),(178,'2021-09-20',3,'afternoon',1,16,75),(179,'2021-09-20',3,'afternoon',2,16,76),(180,'2021-09-20',3,'afternoon',3,16,77),(181,'2021-09-21',3,'afternoon',1,14,76),(182,'2021-09-21',3,'afternoon',2,14,77),(183,'2021-09-21',3,'afternoon',3,14,81),(184,'2021-09-22',3,'afternoon',1,13,76),(185,'2021-09-22',3,'afternoon',2,13,77),(186,'2021-09-22',3,'afternoon',3,13,81),(187,'2021-09-24',3,'afternoon',1,15,77),(188,'2021-09-24',3,'afternoon',2,15,81),(189,'2021-09-24',3,'afternoon',3,15,82),(190,'2021-09-27',4,'morning',4,14,84),(191,'2021-09-27',4,'morning',5,16,84),(192,'2021-09-28',4,'morning',1,15,87),(193,'2021-09-28',4,'morning',4,13,85),(194,'2021-09-28',4,'morning',5,16,94),(195,'2021-09-29',4,'morning',1,13,87),(196,'2021-09-29',4,'morning',2,15,94),(197,'2021-09-29',4,'morning',5,14,87),(198,'2021-09-30',4,'morning',2,14,94),(199,'2021-09-30',4,'morning',3,13,94),(200,'2021-09-30',4,'morning',4,15,97),(201,'2021-09-30',4,'morning',5,16,97),(202,'2021-09-27',4,'afternoon',1,16,85),(203,'2021-09-27',4,'afternoon',2,16,87),(204,'2021-09-27',4,'afternoon',4,13,84),(205,'2021-09-28',4,'afternoon',1,15,84),(206,'2021-09-28',4,'afternoon',2,15,85),(207,'2021-09-28',4,'afternoon',4,14,85),(246,'2021-10-05',5,'morning',1,15,108),(247,'2021-10-05',5,'morning',2,14,90),(248,'2021-10-05',5,'morning',4,13,90),(249,'2021-10-05',5,'morning',5,16,108),(250,'2021-10-06',5,'morning',1,15,110),(251,'2021-10-06',5,'morning',3,13,108),(252,'2021-10-06',5,'morning',4,16,110),(253,'2021-10-06',5,'morning',5,14,110),(254,'2021-10-07',5,'morning',1,16,111),(255,'2021-10-07',5,'morning',3,14,111),(256,'2021-10-07',5,'morning',4,13,109),(257,'2021-10-07',5,'morning',5,15,111),(258,'2021-10-05',5,'afternoon',1,14,108),(259,'2021-10-05',5,'afternoon',2,14,109),(260,'2021-10-05',5,'afternoon',3,15,109),(261,'2021-10-05',5,'afternoon',4,16,109),(262,'2021-10-07',5,'afternoon',3,13,110),(263,'2021-10-07',5,'afternoon',4,13,111),(267,'2021-09-09',1,'morning',1,6,117),(269,'2021-09-09',1,'morning',2,7,117),(270,'2021-09-09',1,'morning',3,1,12),(271,'2021-09-09',1,'morning',4,2,12),(272,'2021-09-11',1,'morning',3,5,117),(273,'2021-09-11',1,'morning',4,8,117),(274,'2021-09-14',2,'afternoon',4,4,113),(275,'2021-09-14',2,'afternoon',5,12,126),(276,'2021-09-16',2,'morning',2,5,119),(277,'2021-09-16',2,'morning',4,8,119),(278,'2021-09-16',2,'morning',5,6,119),(282,'2021-09-16',2,'afternoon',2,1,113),(283,'2021-09-16',2,'afternoon',3,11,126),(284,'2021-09-16',2,'afternoon',4,3,113),(285,'2021-09-16',2,'afternoon',5,2,113),(286,'2021-09-17',2,'morning',2,8,119),(287,'2021-09-17',2,'morning',3,7,119),(288,'2021-09-17',2,'morning',5,5,119),(289,'2021-09-18',2,'morning',2,6,119),(290,'2021-09-18',2,'morning',4,7,119),(291,'2021-09-18',2,'afternoon',1,11,126),(292,'2021-09-18',2,'afternoon',2,12,126),(293,'2021-09-21',3,'morning',4,4,114),(294,'2021-09-21',3,'morning',5,12,128),(295,'2021-09-23',3,'morning',2,1,114),(296,'2021-09-23',3,'morning',3,11,128),(297,'2021-09-23',3,'morning',4,3,114),(298,'2021-09-23',3,'morning',5,2,114),(299,'2021-09-23',3,'afternoon',2,5,120),(300,'2021-09-23',3,'afternoon',4,8,120),(301,'2021-09-23',3,'afternoon',5,6,120),(302,'2021-09-24',3,'afternoon',2,8,120),(303,'2021-09-24',3,'afternoon',3,7,120),(304,'2021-09-24',3,'afternoon',5,5,120),(306,'2021-09-27',4,'morning',2,8,122),(307,'2021-09-27',4,'morning',4,11,131),(308,'2021-09-28',4,'morning',1,5,122),(309,'2021-09-28',4,'morning',2,8,122),(310,'2021-09-28',4,'morning',3,1,115),(311,'2021-09-29',4,'afternoon',1,6,132),(312,'2021-09-29',4,'afternoon',2,6,123),(315,'2021-09-29',4,'afternoon',3,1,115),(316,'2021-09-29',4,'afternoon',4,2,115),(317,'2021-09-30',4,'morning',1,12,131),(318,'2021-09-30',4,'morning',2,5,122),(319,'2021-09-30',4,'morning',3,7,122),(320,'2021-09-30',4,'morning',5,6,122),(321,'2021-10-01',4,'morning',1,12,130),(322,'2021-10-01',4,'morning',2,7,122),(323,'2021-10-01',4,'morning',5,6,122),(324,'2021-10-02',4,'morning',1,4,115),(325,'2021-10-02',4,'morning',2,11,130),(326,'2021-10-02',4,'morning',3,3,115),(327,'2021-10-02',4,'morning',4,2,115),(328,'2021-10-04',5,'morning',2,8,134),(329,'2021-10-04',5,'morning',3,5,134),(330,'2021-10-05',5,'morning',3,7,134),(331,'2021-10-05',5,'morning',5,12,135),(332,'2021-10-07',5,'morning',1,11,135),(333,'2021-10-07',5,'morning',2,11,129),(334,'2021-10-07',5,'morning',5,6,134),(335,'2021-10-08',5,'morning',1,7,124),(336,'2021-10-08',5,'morning',2,6,124),(337,'2021-10-09',5,'morning',1,5,134),(339,'2021-09-05',0,'morning',1,2,141),(343,'2021-09-14',2,'morning',1,1,158),(344,'2021-09-14',2,'morning',3,12,164),(345,'2021-09-14',2,'morning',4,2,170),(346,'2021-09-13',2,'morning',3,9,164),(347,'2021-09-13',2,'morning',4,3,158),(348,'2021-09-15',2,'morning',1,11,164),(349,'2021-09-15',2,'morning',2,2,158),(350,'2021-09-18',2,'morning',1,4,158),(351,'2021-09-18',2,'morning',2,1,170),(352,'2021-09-18',2,'morning',4,10,164),(353,'2021-09-20',3,'morning',3,9,165),(354,'2021-09-20',3,'morning',4,3,159),(355,'2021-09-21',3,'morning',1,1,159),(356,'2021-09-21',3,'morning',3,12,165),(357,'2021-09-21',3,'morning',4,2,171),(358,'2021-09-22',3,'morning',1,11,165),(359,'2021-09-22',3,'morning',2,2,159),(360,'2021-10-05',5,'morning',4,3,175),(361,'2021-10-07',5,'morning',3,4,116),(362,'2021-10-08',5,'morning',3,2,175),(363,'2021-10-09',5,'morning',2,8,134),(364,'2021-10-09',5,'morning',3,12,129),(365,'2021-10-09',5,'morning',4,1,175),(366,'2021-09-05',0,'morning',1,2,169),(368,'2021-10-04',5,'morning',2,12,219),(369,'2021-10-07',5,'morning',1,1,206),(370,'2021-10-07',5,'morning',2,4,206),(371,'2021-09-06',1,'morning',1,2,169),(372,'2021-10-07',5,'morning',3,2,206),(373,'2021-09-07',1,'morning',1,9,163),(374,'2021-09-07',1,'morning',2,10,163),(375,'2021-10-07',5,'morning',4,3,203),(376,'2021-09-07',1,'morning',3,1,157),(377,'2021-09-07',1,'morning',4,4,157),(378,'2021-10-09',5,'morning',2,9,219),(379,'2021-10-09',5,'morning',3,10,219),(380,'2021-09-08',1,'morning',2,11,163),(381,'2021-09-08',1,'morning',3,12,163),(382,'2021-10-09',5,'morning',4,11,226),(383,'2021-09-11',1,'morning',1,2,157),(384,'2021-09-11',1,'morning',2,3,157),(385,'2021-09-11',1,'morning',3,1,169),(386,'2021-09-27',4,'morning',2,1,160),(387,'2021-09-27',4,'afternoon',1,2,172),(388,'2021-09-29',4,'afternoon',2,11,166),(389,'2021-09-29',4,'afternoon',3,12,166),(391,'2021-10-05',5,'afternoon',1,3,237),(392,'2021-10-05',5,'afternoon',2,3,237),(393,'2021-10-05',5,'afternoon',3,2,201),(394,'2021-10-05',5,'afternoon',4,2,203),(395,'2021-09-30',4,'morning',1,1,239),(396,'2021-09-30',4,'morning',3,2,160),(397,'2021-09-30',4,'morning',5,3,160),(398,'2021-10-01',4,'morning',4,9,166),(401,'2021-10-02',4,'morning',2,4,160),(402,'2021-10-04',5,'morning',4,9,167),(403,'2021-10-05',5,'afternoon',1,9,167),(404,'2021-10-05',5,'afternoon',4,1,161),(405,'2021-10-07',5,'morning',4,1,174),(406,'2021-10-07',5,'morning',5,3,161),(407,'2021-10-08',5,'morning',1,2,161),(408,'2021-10-08',5,'morning',5,12,167),(409,'2021-10-09',5,'morning',1,11,168),(410,'2021-10-09',5,'morning',2,1,162),(411,'2021-10-09',5,'afternoon',2,2,162),(412,'2021-10-09',5,'afternoon',4,3,162),(413,'2021-10-30',8,'morning',3,2,159),(414,'2021-10-30',8,'morning',4,2,173),(415,'2021-10-02',4,'morning',2,4,159),(416,'2021-10-02',4,'morning',3,11,167),(417,'2021-09-30',4,'morning',4,2,173),(418,'2021-10-01',4,'morning',5,12,165),(419,'2021-10-02',4,'morning',1,10,165),(420,'2021-10-05',5,'afternoon',2,4,160),(421,'2021-10-05',5,'afternoon',3,10,166),(422,'2021-09-13',2,'morning',2,1,188),(423,'2021-09-14',2,'morning',2,3,188),(424,'2021-09-15',2,'morning',1,2,188),(425,'2021-09-15',2,'morning',5,1,189),(426,'2021-09-17',2,'morning',1,4,188),(427,'2021-09-17',2,'morning',2,2,189),(428,'2021-09-18',2,'morning',1,3,189),(429,'2021-09-18',2,'morning',2,4,189),(430,'2021-09-13',2,'morning',4,10,212),(431,'2021-09-14',2,'morning',1,9,212),(432,'2021-09-15',2,'morning',2,12,212),(433,'2021-09-18',2,'morning',3,11,212),(434,'2021-09-20',3,'morning',2,1,191),(435,'2021-09-21',3,'morning',2,3,191),(436,'2021-09-22',3,'morning',1,2,191),(437,'2021-09-22',3,'morning',5,1,193),(438,'2021-09-24',3,'morning',1,4,191),(439,'2021-09-24',3,'morning',2,2,193),(440,'2021-09-20',3,'morning',4,10,213),(441,'2021-09-21',3,'morning',1,9,213),(442,'2021-09-22',3,'morning',2,12,213),(443,'2021-09-24',3,'afternoon',4,4,193),(444,'2021-09-06',1,'morning',3,15,306),(445,'2021-09-06',1,'morning',4,16,306),(447,'2021-09-10',1,'morning',1,13,306),(448,'2021-09-10',1,'morning',2,14,306),(449,'2021-10-04',5,'morning',2,11,317),(450,'2021-10-04',5,'morning',3,10,317),(451,'2021-10-04',5,'morning',4,1,322),(452,'2021-10-05',5,'morning',1,4,322),(453,'2021-10-05',5,'morning',2,3,323),(454,'2021-10-05',5,'morning',3,9,318),(455,'2021-10-05',5,'morning',4,11,319),(456,'2021-10-06',5,'morning',1,3,324),(457,'2021-10-06',5,'morning',2,4,323),(458,'2021-10-06',5,'morning',3,1,323),(459,'2021-10-06',5,'morning',4,2,323),(460,'2021-10-04',5,'morning',5,4,322),(461,'2021-10-07',5,'afternoon',1,1,323),(462,'2021-10-07',5,'afternoon',2,1,324),(463,'2021-10-07',5,'afternoon',3,4,323),(465,'2021-10-07',5,'afternoon',4,4,324),(466,'2021-10-09',5,'morning',2,10,319),(467,'2021-10-09',5,'morning',3,2,324),(468,'2021-10-09',5,'morning',4,9,317),(469,'2021-10-09',5,'afternoon',1,9,319),(470,'2021-10-09',5,'afternoon',2,9,320),(471,'2021-10-09',5,'afternoon',3,10,320),(472,'2021-10-09',5,'afternoon',4,10,321),(473,'2021-09-14',2,'morning',2,12,342),(474,'2021-09-14',2,'morning',3,11,342),(475,'2021-09-21',3,'morning',2,12,344),(476,'2021-09-21',3,'morning',3,11,345),(477,'2021-09-29',4,'morning',2,12,345),(478,'2021-09-29',4,'morning',3,11,345),(479,'2021-10-06',5,'morning',2,12,343),(480,'2021-10-06',5,'morning',3,11,343),(481,'2021-09-10',1,'morning',3,8,280),(483,'2021-09-10',1,'morning',4,8,282),(484,'2021-09-11',1,'morning',3,7,280),(485,'2021-09-11',1,'morning',4,7,282),(503,'2021-10-03',4,'morning',1,9,370),(531,'2021-09-07',1,'morning',1,6,6),(532,'2021-09-07',1,'morning',2,6,6),(533,'2021-09-11',1,'morning',1,6,6),(534,'2021-09-11',1,'morning',2,6,6),(535,'2021-09-08',1,'morning',1,13,33),(536,'2021-09-08',1,'morning',2,13,33),(537,'2021-09-09',1,'morning',1,13,33),(538,'2021-09-09',1,'morning',2,13,33),(539,'2021-09-08',1,'afternoon',1,14,33),(540,'2021-09-08',1,'afternoon',2,14,33),(541,'2021-09-09',1,'afternoon',1,14,33),(542,'2021-09-09',1,'afternoon',2,14,33),(543,'2021-09-13',2,'morning',2,14,199),(544,'2021-09-13',2,'morning',4,6,197),(545,'2021-09-14',2,'morning',2,13,199),(546,'2021-09-14',2,'morning',3,13,199),(547,'2021-09-14',2,'morning',5,14,199),(548,'2021-09-15',2,'morning',1,6,197),(549,'2021-09-15',2,'morning',3,14,199),(550,'2021-09-15',2,'morning',4,14,199),(551,'2021-09-16',2,'morning',1,13,199),(552,'2021-09-16',2,'morning',2,6,197),(553,'2021-09-16',2,'morning',3,6,197),(554,'2021-09-18',2,'morning',1,13,199),(555,'2021-09-18',2,'morning',2,13,199),(556,'2021-09-18',2,'morning',3,14,199),(569,'2021-09-20',3,'afternoon',4,6,202),(572,'2021-09-21',3,'afternoon',5,14,204),(573,'2021-09-22',3,'morning',1,14,204),(574,'2021-09-22',3,'morning',2,14,204),(575,'2021-09-22',3,'morning',3,14,204),(576,'2021-09-22',3,'afternoon',1,6,202),(577,'2021-09-22',3,'afternoon',3,14,204),(578,'2021-09-22',3,'afternoon',4,14,204),(580,'2021-09-23',3,'afternoon',2,6,202),(581,'2021-09-23',3,'afternoon',3,6,202),(582,'2021-09-23',3,'morning',1,6,202),(583,'2021-09-23',3,'morning',2,6,202),(584,'2021-09-23',3,'morning',3,6,202),(585,'2021-10-04',5,'morning',2,14,388),(586,'2021-10-04',5,'morning',3,14,388),(601,'2021-10-09',5,'afternoon',1,5,124),(603,'2021-10-09',5,'afternoon',2,5,124),(604,'2021-10-09',5,'afternoon',3,8,124),(605,'2021-10-09',5,'afternoon',4,8,124),(606,'2021-09-08',1,'morning',1,11,424),(607,'2021-09-07',1,'morning',3,3,8),(608,'2021-09-08',1,'morning',2,12,425),(609,'2021-09-08',1,'morning',3,9,424),(610,'2021-09-08',1,'morning',4,10,425),(611,'2021-09-09',1,'morning',1,11,426),(612,'2021-09-09',1,'morning',4,9,426),(613,'2021-09-07',1,'morning',4,2,8),(614,'2021-09-13',2,'morning',2,12,438),(615,'2021-09-14',2,'morning',2,9,438),(616,'2021-09-14',2,'morning',3,10,438),(617,'2021-09-14',2,'morning',5,11,438),(618,'2021-09-15',2,'morning',2,11,439),(619,'2021-09-15',2,'morning',3,12,439),(620,'2021-09-15',2,'morning',4,10,439),(621,'2021-09-15',2,'morning',5,9,439),(622,'2021-09-16',2,'morning',1,11,441),(623,'2021-09-16',2,'morning',2,10,441),(624,'2021-09-18',2,'morning',1,9,441),(625,'2021-09-18',2,'morning',3,12,441),(626,'2021-09-20',3,'morning',2,12,442),(627,'2021-09-21',3,'morning',2,9,442),(628,'2021-09-21',3,'morning',3,10,442),(629,'2021-09-21',3,'morning',5,11,442),(630,'2021-09-22',3,'morning',2,11,443),(631,'2021-09-22',3,'morning',3,12,443),(632,'2021-09-22',3,'morning',4,10,443),(633,'2021-09-22',3,'morning',5,9,443),(634,'2021-09-23',3,'morning',1,11,444),(635,'2021-09-23',3,'morning',2,10,444),(636,'2021-09-08',1,'morning',1,2,29),(637,'2021-09-08',1,'morning',2,3,432),(638,'2021-09-10',1,'morning',1,16,446),(639,'2021-09-11',1,'morning',1,16,447),(640,'2021-09-11',1,'morning',2,16,448),(641,'2021-09-27',4,'morning',2,12,450),(642,'2021-09-29',4,'morning',1,11,451),(643,'2021-09-29',4,'morning',3,10,451),(644,'2021-09-29',4,'morning',4,12,451),(645,'2021-09-29',4,'morning',5,9,451),(646,'2021-09-30',4,'morning',1,9,451),(647,'2021-09-30',4,'morning',2,11,453),(648,'2021-09-30',4,'morning',3,11,454),(649,'2021-09-30',4,'morning',4,10,453),(650,'2021-10-01',4,'morning',5,9,453),(651,'2021-10-02',4,'morning',3,12,453),(652,'2021-10-02',4,'morning',4,10,454),(653,'2021-09-29',4,'afternoon',1,11,452),(654,'2021-09-29',4,'afternoon',4,9,452),(655,'2021-10-04',5,'morning',4,12,455),(656,'2021-10-06',5,'morning',2,11,458),(657,'2021-10-06',5,'morning',3,10,456),(658,'2021-10-06',5,'morning',4,12,458),(659,'2021-10-06',5,'morning',5,9,455),(660,'2021-10-07',5,'morning',1,12,459),(661,'2021-10-07',5,'morning',2,9,456),(662,'2021-10-07',5,'morning',3,11,459),(663,'2021-10-07',5,'morning',5,10,457),(664,'2021-10-09',5,'morning',1,9,459),(665,'2021-10-09',5,'morning',3,11,460),(666,'2021-10-09',5,'morning',4,10,460),(667,'2021-10-05',5,'afternoon',1,11,456),(668,'2021-10-05',5,'afternoon',2,11,457),(669,'2021-10-05',5,'afternoon',3,12,456),(670,'2021-10-05',5,'afternoon',4,12,457),(671,'2021-10-07',5,'afternoon',1,9,457),(672,'2021-10-07',5,'afternoon',2,9,458),(673,'2021-10-07',5,'afternoon',3,10,458),(674,'2021-10-07',5,'afternoon',4,10,459),(675,'2021-10-04',5,'morning',2,16,465),(676,'2021-10-06',5,'morning',5,16,466),(677,'2021-10-09',5,'morning',1,16,461),(678,'2021-10-09',5,'morning',2,16,462),(680,'2021-10-09',5,'afternoon',2,16,464),(683,'2021-10-09',5,'afternoon',1,16,463),(684,'2021-10-09',5,'afternoon',3,15,463),(685,'2021-10-09',5,'afternoon',4,15,464),(693,'2021-10-04',5,'morning',3,2,489),(695,'2021-09-13',2,'morning',2,7,292),(696,'2021-09-15',2,'morning',3,13,307),(697,'2021-09-15',2,'morning',5,15,307),(698,'2021-09-16',2,'morning',1,7,293),(699,'2021-09-16',2,'morning',3,15,308),(700,'2021-09-16',2,'morning',4,16,307),(701,'2021-09-16',2,'morning',5,14,307),(702,'2021-09-17',2,'morning',1,6,292),(703,'2021-09-17',2,'morning',2,13,308),(704,'2021-09-17',2,'morning',4,16,308),(705,'2021-09-17',2,'morning',5,8,292),(706,'2021-09-18',2,'morning',1,6,293),(707,'2021-09-18',2,'morning',2,8,293),(708,'2021-09-18',2,'morning',4,14,308),(709,'2021-09-18',2,'morning',5,14,308),(710,'2021-09-20',3,'morning',2,7,295),(711,'2021-09-22',3,'morning',3,13,309),(712,'2021-09-22',3,'morning',5,15,309),(713,'2021-09-23',3,'morning',1,7,296),(714,'2021-09-23',3,'morning',3,15,310),(715,'2021-09-23',3,'morning',4,16,309),(717,'2021-09-23',3,'morning',5,14,309),(718,'2021-09-24',3,'morning',1,6,295),(719,'2021-09-24',3,'morning',5,8,295),(720,'2021-09-24',3,'morning',2,13,310),(721,'2021-09-24',3,'morning',4,16,310),(722,'2021-09-27',4,'morning',2,14,310),(723,'2021-09-27',4,'morning',3,16,311),(724,'2021-09-27',4,'morning',4,15,311),(725,'2021-09-27',4,'morning',5,13,311),(726,'2021-09-29',4,'morning',1,7,297),(727,'2021-09-29',4,'morning',2,16,314),(728,'2021-09-29',4,'morning',3,6,296),(729,'2021-09-29',4,'morning',4,8,296),(730,'2021-10-01',4,'morning',1,15,314),(732,'2021-10-01',4,'morning',5,8,297),(733,'2021-10-01',4,'morning',3,6,297),(734,'2021-10-02',4,'morning',2,7,298),(735,'2021-10-02',4,'morning',3,13,313),(736,'2021-10-02',4,'morning',4,14,313),(737,'2021-09-27',4,'afternoon',3,15,312),(738,'2021-09-27',4,'afternoon',4,15,313),(740,'2021-10-01',4,'afternoon',1,14,311),(741,'2021-10-01',4,'afternoon',2,14,312),(742,'2021-10-01',4,'afternoon',3,8,298),(743,'2021-10-01',4,'afternoon',4,8,299),(744,'2021-10-04',5,'morning',3,16,315),(745,'2021-10-04',5,'morning',4,15,315),(746,'2021-10-04',5,'morning',5,14,314),(747,'2021-10-06',5,'morning',1,13,314),(748,'2021-10-06',5,'morning',2,6,298),(749,'2021-10-06',5,'morning',3,7,302),(750,'2021-10-06',5,'morning',4,8,303),(752,'2021-10-08',5,'morning',2,15,316),(753,'2021-10-08',5,'morning',3,16,316),(755,'2021-10-08',5,'morning',4,14,315),(757,'2021-10-08',5,'morning',5,8,304),(761,'2021-10-09',5,'morning',1,7,303),(762,'2021-09-15',2,'morning',4,16,445),(763,'2021-09-15',2,'morning',5,16,500),(764,'2021-10-09',5,'morning',3,13,315),(765,'2021-09-18',2,'morning',1,16,501),(766,'2021-10-09',5,'morning',4,6,302),(767,'2021-09-18',2,'morning',2,16,503),(768,'2021-09-13',2,'afternoon',2,3,494),(769,'2021-09-13',2,'afternoon',3,2,494),(770,'2021-09-13',2,'afternoon',4,2,495),(771,'2021-10-09',5,'afternoon',1,6,303),(772,'2021-09-14',2,'afternoon',1,2,496),(773,'2021-10-09',5,'afternoon',2,6,304),(774,'2021-09-14',2,'afternoon',3,3,495),(775,'2021-10-09',5,'afternoon',3,7,304),(776,'2021-09-18',2,'afternoon',1,2,497),(777,'2021-10-09',5,'afternoon',4,7,305),(778,'2021-09-18',2,'afternoon',2,3,496),(779,'2021-09-18',2,'afternoon',3,3,497),(781,'2021-09-07',1,'morning',4,6,504),(782,'2021-09-07',1,'morning',5,7,504),(783,'2021-09-10',1,'morning',1,6,509),(784,'2021-09-10',1,'morning',2,7,509),(785,'2021-09-10',1,'morning',3,6,511),(786,'2021-09-10',1,'morning',4,7,511),(787,'2021-09-14',2,'morning',1,5,517),(788,'2021-09-14',2,'morning',2,6,517),(789,'2021-09-14',2,'morning',4,7,517),(790,'2021-09-15',2,'morning',1,7,521),(791,'2021-09-15',2,'morning',2,6,521),(792,'2021-09-15',2,'morning',4,5,521),(793,'2021-09-15',2,'morning',5,5,527),(794,'2021-09-16',2,'morning',1,6,527),(795,'2021-09-16',2,'morning',3,5,528),(796,'2021-09-16',2,'morning',4,6,528),(797,'2021-09-16',2,'morning',5,5,529),(798,'2021-09-17',2,'morning',3,6,529),(799,'2021-10-04',5,'morning',2,4,418),(800,'2021-09-17',2,'morning',4,7,527),(801,'2021-09-17',2,'morning',5,7,528),(802,'2021-10-04',5,'morning',3,8,440),(803,'2021-10-07',5,'morning',1,4,419),(804,'2021-10-07',5,'morning',2,8,530),(805,'2021-10-07',5,'morning',4,1,418),(806,'2021-10-07',5,'morning',5,1,419),(807,'2021-10-08',5,'morning',1,1,420),(808,'2021-10-08',5,'morning',2,1,421),(809,'2021-09-20',3,'morning',1,5,533),(810,'2021-10-08',5,'morning',5,4,420),(811,'2021-10-09',5,'morning',1,4,415),(812,'2021-10-09',5,'morning',3,8,531),(813,'2021-10-09',5,'morning',4,8,532),(814,'2021-10-09',5,'afternoon',1,4,422),(815,'2021-10-09',5,'afternoon',2,4,423),(816,'2021-09-21',3,'morning',1,6,533),(817,'2021-09-23',3,'morning',1,7,533),(818,'2021-10-09',5,'afternoon',3,1,422),(819,'2021-10-09',5,'afternoon',4,1,423),(820,'2021-09-21',3,'afternoon',1,5,534),(821,'2021-09-21',3,'afternoon',2,6,534),(823,'2021-09-21',3,'afternoon',4,7,529),(824,'2021-09-22',3,'afternoon',1,7,534),(825,'2021-09-22',3,'afternoon',2,6,535),(826,'2021-09-22',3,'afternoon',4,5,535),(827,'2021-09-22',3,'afternoon',5,5,537),(828,'2021-09-24',3,'afternoon',3,6,537),(830,'2021-09-24',3,'afternoon',4,7,535),(831,'2021-09-24',3,'afternoon',5,7,537),(832,'2021-09-07',1,'morning',1,14,536),(833,'2021-09-07',1,'morning',2,15,536),(834,'2021-09-07',1,'morning',3,16,536),(835,'2021-09-28',4,'morning',2,7,546),(836,'2021-09-28',4,'morning',3,6,546),(837,'2021-09-28',4,'morning',5,5,546),(838,'2021-09-07',1,'morning',5,8,493),(839,'2021-09-07',1,'afternoon',1,13,512),(840,'2021-09-08',1,'afternoon',3,16,512),(841,'2021-09-29',4,'morning',1,5,547),(842,'2021-09-29',4,'morning',4,6,547),(843,'2021-09-08',1,'morning',2,13,514),(844,'2021-09-08',1,'morning',4,15,512),(845,'2021-09-08',1,'morning',5,14,512),(846,'2021-09-29',4,'morning',5,6,550),(847,'2021-09-22',3,'morning',4,16,539),(848,'2021-09-10',1,'morning',4,6,493),(849,'2021-09-22',3,'morning',5,16,540),(850,'2021-09-30',4,'morning',1,7,547),(851,'2021-09-10',1,'morning',5,13,536),(852,'2021-09-20',3,'afternoon',2,3,548),(853,'2021-09-30',4,'morning',2,7,550),(854,'2021-09-20',3,'afternoon',3,2,498),(855,'2021-09-30',4,'morning',2,7,550),(856,'2021-09-20',3,'afternoon',4,2,549),(857,'2021-09-11',1,'morning',1,15,514),(858,'2021-09-21',3,'afternoon',1,2,551),(859,'2021-09-13',2,'morning',2,2,263),(860,'2021-09-11',1,'morning',2,14,514),(861,'2021-09-21',3,'afternoon',3,3,549),(862,'2021-09-11',1,'morning',3,5,493),(863,'2021-09-13',2,'morning',3,10,232),(864,'2021-09-11',1,'morning',4,16,514),(865,'2021-09-13',2,'morning',4,4,262),(866,'2021-09-15',2,'morning',1,3,258),(867,'2021-09-30',4,'morning',3,6,552),(868,'2021-09-15',2,'morning',2,1,256),(869,'2021-09-24',3,'afternoon',1,16,545),(870,'2021-09-15',2,'morning',3,11,233),(871,'2021-09-13',2,'morning',4,16,515),(872,'2021-10-01',4,'morning',1,7,552),(873,'2021-09-15',2,'morning',4,9,233),(874,'2021-10-01',4,'morning',1,7,552),(875,'2021-09-13',2,'morning',5,13,515),(876,'2021-09-24',3,'afternoon',2,16,545),(877,'2021-09-24',3,'afternoon',3,16,545),(878,'2021-09-17',2,'morning',1,11,243),(879,'2021-09-14',2,'morning',1,14,541),(880,'2021-10-01',4,'morning',2,5,552),(881,'2021-09-17',2,'morning',3,10,244),(882,'2021-09-14',2,'morning',2,15,541),(883,'2021-10-01',4,'morning',3,5,550),(884,'2021-09-17',2,'morning',4,1,268),(885,'2021-09-14',2,'morning',3,16,541),(886,'2021-09-17',2,'morning',5,3,267),(887,'2021-09-14',2,'morning',5,8,505),(888,'2021-09-18',2,'morning',2,2,264),(889,'2021-09-15',2,'morning',2,13,516),(890,'2021-09-18',2,'morning',3,4,267),(891,'2021-09-18',2,'morning',4,9,243),(892,'2021-09-15',2,'morning',4,15,515),(893,'2021-09-15',2,'morning',5,14,515),(894,'2021-09-17',2,'morning',4,6,505),(895,'2021-09-17',2,'morning',5,13,541),(896,'2021-09-20',3,'morning',2,2,264),(897,'2021-09-20',3,'morning',3,10,249),(898,'2021-09-18',2,'morning',1,15,516),(899,'2021-09-18',2,'morning',2,14,516),(900,'2021-09-20',3,'morning',4,4,266),(901,'2021-09-18',2,'morning',3,5,505),(902,'2021-09-22',3,'morning',1,3,264),(903,'2021-09-22',3,'morning',2,1,264),(904,'2021-09-18',2,'morning',4,16,516),(905,'2021-09-22',3,'morning',3,11,249),(906,'2021-09-22',3,'morning',4,9,249),(907,'2021-09-20',3,'morning',4,16,518),(908,'2021-09-24',3,'morning',1,11,251),(910,'2021-09-20',3,'morning',5,13,518),(911,'2021-09-24',3,'morning',3,10,251),(912,'2021-09-21',3,'morning',1,14,542),(914,'2021-09-21',3,'morning',2,15,542),(915,'2021-09-21',3,'morning',3,16,542),(916,'2021-09-21',3,'morning',5,8,506),(917,'2021-09-22',3,'morning',2,13,519),(918,'2021-09-22',3,'morning',4,15,518),(919,'2021-09-22',3,'morning',5,14,518),(920,'2021-09-24',3,'morning',4,6,506),(921,'2021-09-24',3,'morning',5,13,542),(922,'2021-09-24',3,'morning',4,1,271),(923,'2021-09-25',3,'morning',1,15,519),(924,'2021-09-25',3,'morning',2,14,519),(925,'2021-09-24',3,'morning',5,3,271),(926,'2021-10-01',4,'afternoon',1,6,553),(927,'2021-09-25',3,'morning',3,5,506),(928,'2021-10-01',4,'afternoon',2,6,554),(929,'2021-09-25',3,'morning',4,16,519),(930,'2021-10-01',4,'afternoon',3,7,553),(931,'2021-10-01',4,'afternoon',4,7,554),(932,'2021-09-27',4,'morning',4,8,507),(933,'2021-09-28',4,'morning',3,5,507),(934,'2021-09-27',4,'afternoon',4,6,507),(935,'2021-09-28',4,'morning',5,6,508),(936,'2021-09-29',4,'morning',1,14,520),(937,'2021-09-29',4,'morning',2,13,520),(938,'2021-09-29',4,'morning',3,16,520),(939,'2021-09-29',4,'morning',4,15,520),(940,'2021-09-29',4,'morning',5,15,543),(941,'2021-10-01',4,'morning',3,16,543),(942,'2021-10-01',4,'morning',4,14,543),(943,'2021-10-01',4,'morning',5,13,543),(944,'2021-10-02',4,'morning',1,15,522),(945,'2021-10-02',4,'morning',2,16,522),(946,'2021-10-02',4,'morning',3,14,522),(947,'2021-10-02',4,'morning',4,13,522),(948,'2021-10-05',5,'morning',1,8,508),(949,'2021-10-05',5,'morning',1,7,555),(950,'2021-10-05',5,'morning',3,14,523),(951,'2021-10-05',5,'morning',2,6,555),(952,'2021-10-05',5,'morning',4,16,523),(953,'2021-10-05',5,'morning',5,6,510),(954,'2021-10-05',5,'afternoon',4,6,557),(955,'2021-10-05',5,'afternoon',2,5,508),(957,'2021-10-05',5,'afternoon',4,8,510),(958,'2021-10-06',5,'morning',4,6,556),(959,'2021-10-06',5,'morning',1,16,544),(960,'2021-10-06',5,'morning',5,6,558),(961,'2021-10-06',5,'morning',3,15,544),(962,'2021-10-06',5,'morning',4,15,523),(963,'2021-10-06',5,'morning',5,5,510),(964,'2021-10-07',5,'morning',1,7,556),(965,'2021-10-08',5,'morning',1,14,544),(966,'2021-10-07',5,'morning',2,7,557),(967,'2021-10-08',5,'morning',3,13,525),(968,'2021-10-08',5,'morning',4,13,544),(970,'2021-10-08',5,'morning',5,16,526),(971,'2021-10-09',5,'morning',1,15,526),(972,'2021-10-09',5,'morning',2,13,526),(973,'2021-10-07',5,'morning',3,6,559),(974,'2021-10-09',5,'morning',4,14,526),(976,'2021-10-07',5,'afternoon',4,7,558),(979,'2021-10-08',5,'morning',5,7,559),(980,'2021-09-27',4,'morning',2,16,563),(981,'2021-09-27',4,'morning',3,2,561),(982,'2021-09-27',4,'morning',4,2,562),(983,'2021-09-28',4,'morning',2,3,560),(984,'2021-09-28',4,'morning',3,2,562),(985,'2021-09-29',4,'morning',4,16,563),(986,'2021-09-29',4,'morning',5,3,561),(987,'2021-10-01',4,'morning',1,3,562),(988,'2021-10-01',4,'morning',2,16,564),(989,'2021-10-02',4,'morning',1,16,564),(990,'2021-10-02',4,'morning',3,2,562),(991,'2021-10-02',4,'morning',4,3,562),(992,'2021-10-01',4,'afternoon',1,16,564),(993,'2021-10-04',5,'morning',3,13,176),(994,'2021-10-05',5,'morning',5,15,177),(995,'2021-10-07',5,'morning',2,16,565),(996,'2021-10-07',5,'morning',4,8,327),(997,'2021-10-07',5,'morning',5,14,565),(998,'2021-10-07',5,'afternoon',1,5,327),(999,'2021-10-07',5,'afternoon',2,5,375),(1000,'2021-10-07',5,'afternoon',3,8,375),(1001,'2021-10-07',5,'afternoon',4,8,376),(1002,'2021-10-08',5,'morning',3,8,377),(1003,'2021-10-08',5,'morning',4,5,376),(1004,'2021-10-09',5,'morning',3,5,377),(1005,'2021-10-09',5,'afternoon',2,13,177),(1006,'2021-10-09',5,'afternoon',4,14,177),(1009,'2021-09-20',3,'morning',3,15,180),(1010,'2021-09-20',3,'morning',2,13,180),(1013,'2021-09-21',3,'morning',4,16,180),(1014,'2021-09-21',3,'morning',5,5,265),(1015,'2021-09-23',3,'morning',4,6,265),(1016,'2021-09-24',3,'morning',1,14,180),(1017,'2021-09-13',2,'morning',2,13,184),(1018,'2021-09-13',2,'morning',3,15,184),(1019,'2021-09-15',2,'morning',4,16,184),(1020,'2021-09-15',2,'morning',5,5,259),(1022,'2021-09-17',2,'morning',1,14,184),(1023,'2021-09-16',2,'morning',4,6,259),(1024,'2021-09-18',2,'morning',3,6,261),(1025,'2021-09-18',2,'morning',4,5,261),(1026,'2021-10-04',5,'morning',2,7,595),(1027,'2021-10-04',5,'morning',2,7,595),(1028,'2021-10-05',5,'morning',1,11,606),(1029,'2021-10-05',5,'morning',3,6,595),(1030,'2021-10-05',5,'morning',4,9,604),(1031,'2021-10-06',5,'morning',1,12,606),(1032,'2021-10-06',5,'morning',2,9,605),(1033,'2021-10-06',5,'morning',5,10,605),(1034,'2021-10-08',5,'morning',1,11,608),(1035,'2021-10-08',5,'morning',3,12,608),(1036,'2021-10-09',5,'morning',1,10,606),(1037,'2021-10-09',5,'morning',2,6,596),(1038,'2021-10-09',5,'morning',3,7,596),(1039,'2021-10-09',5,'afternoon',1,10,608),(1040,'2021-10-09',5,'afternoon',2,10,609),(1041,'2021-10-09',5,'afternoon',3,9,606),(1042,'2021-10-09',5,'afternoon',4,9,608),(1043,'2021-09-06',1,'morning',4,2,566),(1044,'2021-09-08',1,'morning',3,11,582),(1046,'2021-09-09',1,'morning',4,1,566),(1047,'2021-09-10',1,'morning',2,10,582),(1049,'2021-09-13',2,'morning',3,7,577),(1052,'2021-09-16',2,'morning',1,3,571),(1053,'2021-09-16',2,'morning',2,9,583),(1055,'2021-09-16',2,'morning',5,1,571),(1058,'2021-09-16',2,'morning',4,10,583),(1059,'2021-09-14',2,'morning',1,12,583),(1060,'2021-09-14',2,'morning',3,2,571),(1065,'2021-09-18',2,'morning',2,11,583),(1066,'2021-09-18',2,'morning',4,4,571),(1067,'2021-09-20',3,'morning',5,2,572),(1068,'2021-09-20',3,'afternoon',3,7,578),(1069,'2021-09-21',3,'morning',1,12,584),(1070,'2021-09-21',3,'morning',3,2,572),(1071,'2021-09-23',3,'morning',1,3,572),(1072,'2021-09-23',3,'morning',2,9,584),(1073,'2021-09-23',3,'morning',4,10,584),(1074,'2021-09-23',3,'morning',5,1,572),(1079,'2021-09-27',4,'morning',2,7,579),(1080,'2021-09-27',4,'morning',5,11,584),(1081,'2021-09-27',4,'afternoon',4,3,573),(1082,'2021-09-27',4,'afternoon',5,7,580),(1083,'2021-09-28',4,'morning',1,3,574),(1084,'2021-09-28',4,'morning',2,2,574),(1085,'2021-09-28',4,'morning',3,4,573),(1086,'2021-09-28',4,'morning',4,1,573),(1087,'2021-09-29',4,'afternoon',4,1,574),(1088,'2021-09-30',4,'morning',2,12,585),(1089,'2021-09-30',4,'morning',3,10,585),(1090,'2021-09-30',4,'morning',4,9,585),(1091,'2021-09-30',4,'morning',5,11,585),(1092,'2021-10-01',4,'afternoon',3,9,586),(1109,'2021-10-05',5,'morning',4,5,617),(1110,'2021-10-07',5,'morning',1,5,618),(1112,'2021-10-04',5,'morning',4,6,630),(1113,'2021-10-05',5,'morning',1,6,631),(1114,'2021-10-05',5,'morning',2,13,388),(1115,'2021-10-05',5,'morning',3,13,388),(1116,'2021-10-06',5,'morning',2,13,389),(1117,'2021-10-06',5,'morning',3,14,389),(1118,'2021-10-06',5,'morning',4,14,389),(1119,'2021-10-07',5,'morning',1,6,631),(1120,'2021-10-07',5,'morning',2,6,638),(1121,'2021-10-07',5,'morning',5,13,389),(1122,'2021-10-09',5,'morning',3,14,389),(1123,'2021-10-09',5,'morning',4,13,389),(1124,'2021-10-05',5,'afternoon',1,6,631),(1125,'2021-10-05',5,'afternoon',2,6,631),(1126,'2021-10-05',5,'afternoon',3,13,388),(1127,'2021-10-05',5,'afternoon',4,13,389),(1128,'2021-10-07',5,'afternoon',1,14,389),(1129,'2021-10-07',5,'afternoon',2,14,389),(1130,'2021-10-09',5,'afternoon',3,6,638),(1131,'2021-10-09',5,'afternoon',4,6,638),(1132,'2021-09-27',4,'morning',2,13,624),(1133,'2021-09-28',4,'morning',2,13,223),(1134,'2021-09-28',4,'morning',3,13,223),(1135,'2021-09-28',4,'morning',4,14,624),(1136,'2021-09-28',4,'morning',5,14,624),(1137,'2021-09-29',4,'morning',2,6,221),(1138,'2021-09-29',4,'morning',3,14,223),(1139,'2021-09-29',4,'morning',4,14,624),(1140,'2021-09-29',4,'morning',5,13,223),(1141,'2021-09-30',4,'morning',1,6,630),(1142,'2021-09-30',4,'morning',2,6,630),(1143,'2021-09-30',4,'morning',5,14,388),(1144,'2021-10-02',4,'morning',1,6,630),(1145,'2021-10-02',4,'morning',2,13,624),(1146,'2021-09-29',4,'afternoon',1,13,388),(1147,'2021-09-29',4,'afternoon',2,13,388),(1148,'2021-09-29',4,'afternoon',3,14,388),(1149,'2021-09-29',4,'afternoon',4,14,388),(1150,'2021-09-20',3,'morning',1,13,199),(1151,'2021-09-20',3,'morning',2,13,204),(1152,'2021-09-20',3,'morning',3,13,204),(1153,'2021-09-20',3,'afternoon',2,14,199),(1154,'2021-09-21',3,'afternoon',2,13,204),(1156,'2021-09-21',3,'afternoon',3,13,204),(1157,'2021-09-23',3,'afternoon',1,13,204),(1176,'2021-09-13',2,'afternoon',3,1,627),(1177,'2021-09-13',2,'afternoon',4,9,642),(1178,'2021-09-14',2,'morning',3,7,635),(1179,'2021-09-14',2,'morning',4,14,648),(1180,'2021-09-14',2,'morning',5,16,648),(1181,'2021-09-15',2,'morning',1,5,635),(1182,'2021-09-15',2,'morning',2,15,648),(1183,'2021-09-15',2,'morning',3,6,635),(1184,'2021-09-15',2,'morning',4,13,648),(1185,'2021-09-15',2,'afternoon',5,10,642),(1186,'2021-09-16',2,'morning',2,8,635),(1187,'2021-09-16',2,'afternoon',1,12,642),(1190,'2021-09-16',2,'afternoon',2,4,627),(1191,'2021-09-16',2,'afternoon',3,2,627),(1192,'2021-09-17',2,'afternoon',1,3,627),(1194,'2021-09-17',2,'afternoon',2,11,642),(1195,'2021-09-06',1,'morning',1,5,634),(1197,'2021-09-06',1,'morning',1,8,634),(1198,'2021-09-06',1,'morning',2,6,634),(1202,'2021-09-06',1,'morning',2,7,634),(1203,'2021-09-06',1,'morning',4,9,641),(1204,'2021-09-06',1,'morning',4,10,641),(1205,'2021-09-07',1,'morning',2,15,647),(1206,'2021-09-07',1,'morning',2,16,647),(1207,'2021-09-07',1,'morning',3,1,626),(1208,'2021-09-07',1,'morning',3,4,626),(1209,'2021-09-08',1,'morning',4,2,626),(1210,'2021-09-08',1,'morning',4,3,626),(1211,'2021-09-09',1,'morning',3,11,641),(1212,'2021-09-09',1,'morning',3,12,641),(1213,'2021-09-10',1,'morning',4,13,647),(1214,'2021-09-10',1,'morning',4,14,647),(1215,'2021-09-20',3,'morning',3,1,628),(1216,'2021-09-20',3,'morning',4,9,643),(1217,'2021-09-21',3,'afternoon',4,14,649),(1218,'2021-09-21',3,'afternoon',5,16,649),(1219,'2021-09-21',3,'afternoon',3,7,636),(1220,'2021-09-22',3,'afternoon',1,5,636),(1221,'2021-09-22',3,'afternoon',3,6,636),(1222,'2021-09-22',3,'afternoon',4,13,649),(1223,'2021-09-22',3,'afternoon',2,15,649),(1224,'2021-09-23',3,'afternoon',2,8,636),(1225,'2021-09-22',3,'morning',5,10,643),(1226,'2021-09-24',3,'morning',2,11,643),(1227,'2021-09-23',3,'morning',1,12,643),(1228,'2021-09-23',3,'morning',3,2,628),(1229,'2021-09-24',3,'morning',1,3,628),(1230,'2021-09-23',3,'morning',2,4,628),(1231,'2021-09-27',4,'morning',3,10,644),(1233,'2021-09-28',4,'morning',3,16,650),(1234,'2021-09-28',4,'morning',4,12,644),(1235,'2021-09-28',4,'morning',5,15,650),(1247,'2021-09-28',4,'morning',1,7,639),(1248,'2021-09-27',4,'afternoon',1,5,637),(1249,'2021-09-27',4,'afternoon',1,8,637),(1250,'2021-09-27',4,'afternoon',2,6,637),(1251,'2021-09-27',4,'afternoon',2,7,637),(1252,'2021-09-27',4,'afternoon',4,9,644),(1253,'2021-09-27',4,'afternoon',4,10,644),(1254,'2021-09-29',4,'morning',1,4,629),(1255,'2021-09-29',4,'morning',2,5,639),(1256,'2021-09-29',4,'morning',3,13,650),(1257,'2021-09-29',4,'afternoon',3,11,644),(1258,'2021-09-29',4,'afternoon',3,12,644),(1259,'2021-09-30',4,'morning',1,14,650),(1260,'2021-09-30',4,'morning',2,3,629),(1261,'2021-09-30',4,'morning',3,8,639),(1262,'2021-09-30',4,'morning',4,6,639),(1263,'2021-10-01',4,'morning',1,11,645),(1264,'2021-10-01',4,'morning',3,9,645),(1265,'2021-10-01',4,'morning',4,2,629),(1266,'2021-10-01',4,'morning',5,1,629),(1267,'2021-10-01',4,'afternoon',4,13,651),(1268,'2021-10-01',4,'afternoon',4,14,651),(1269,'2021-10-04',5,'morning',3,6,640),(1270,'2021-10-04',5,'morning',4,13,652),(1271,'2021-10-05',5,'morning',2,7,640),(1272,'2021-10-05',5,'morning',5,14,652),(1273,'2021-10-05',5,'afternoon',2,15,651),(1274,'2021-10-05',5,'afternoon',4,16,651),(1276,'2021-10-05',5,'afternoon',1,4,632),(1277,'2021-10-05',5,'afternoon',3,1,632),(1278,'2021-10-06',5,'morning',1,5,640),(1279,'2021-10-06',5,'morning',2,2,632),(1280,'2021-10-06',5,'morning',3,12,645),(1281,'2021-10-06',5,'morning',4,11,646),(1282,'2021-10-07',5,'morning',1,10,645),(1283,'2021-10-07',5,'morning',2,3,632),(1284,'2021-10-07',5,'morning',3,8,640),(1287,'2021-10-07',5,'afternoon',4,2,633),(1288,'2021-10-07',5,'afternoon',2,3,633),(1289,'2021-10-08',5,'morning',1,15,652),(1290,'2021-10-08',5,'morning',2,9,646),(1291,'2021-10-08',5,'morning',3,4,633),(1292,'2021-10-08',5,'morning',5,1,633),(1295,'2021-09-06',1,'morning',1,1,654),(1296,'2021-09-06',1,'morning',2,2,654),(1297,'2021-10-03',4,'morning',1,9,370),(1300,'2021-10-03',4,'morning',1,9,370),(1301,'2021-10-03',4,'morning',2,9,370),(1303,'2021-10-03',4,'morning',2,9,370),(1309,'2021-09-26',3,'morning',2,9,367),(1310,'2021-09-26',3,'morning',4,12,366),(1311,'2021-09-26',3,'morning',2,9,367),(1313,'2021-09-06',1,'morning',1,9,467),(1314,'2021-09-06',1,'morning',1,10,467),(1315,'2021-09-06',1,'morning',2,9,467),(1316,'2021-09-06',1,'morning',2,10,467),(1317,'2021-09-06',1,'afternoon',1,9,658),(1318,'2021-09-06',1,'afternoon',2,11,658),(1319,'2021-10-06',5,'morning',3,5,556),(1320,'2021-10-07',5,'morning',5,5,553),(1321,'2021-10-08',5,'morning',2,5,554),(1322,'2021-10-08',5,'morning',3,5,559),(1323,'2021-09-06',1,'afternoon',1,9,665),(1324,'2021-09-06',1,'afternoon',2,11,665),(1325,'2021-09-06',1,'afternoon',2,11,665),(1326,'2021-09-08',1,'afternoon',2,10,665),(1327,'2021-10-08',5,'afternoon',2,11,665),(1328,'2021-09-09',1,'afternoon',3,10,665),(1329,'2021-09-10',1,'afternoon',2,12,665),(1330,'2021-09-10',1,'afternoon',3,9,665),(1331,'2021-09-13',2,'afternoon',1,9,665),(1332,'2021-09-13',2,'afternoon',2,11,665),(1333,'2021-09-15',2,'afternoon',1,12,665),(1334,'2021-09-15',2,'afternoon',2,10,665),(1335,'2021-09-16',2,'afternoon',2,11,665),(1336,'2021-09-16',2,'afternoon',3,10,665),(1337,'2021-09-17',2,'afternoon',2,12,665),(1338,'2021-09-17',2,'afternoon',3,9,665),(1339,'2021-10-05',5,'morning',1,12,663),(1340,'2021-10-05',5,'morning',3,11,663),(1341,'2021-10-05',5,'morning',4,10,706),(1342,'2021-10-05',5,'morning',5,9,706),(1343,'2021-10-07',5,'morning',4,11,707),(1344,'2021-10-07',5,'morning',5,9,707),(1345,'2021-10-08',5,'morning',1,10,707),(1346,'2021-10-08',5,'morning',2,12,707),(1347,'2021-09-28',4,'morning',1,11,662),(1348,'2021-09-28',4,'morning',2,12,662),(1349,'2021-09-28',4,'morning',3,9,663),(1350,'2021-09-28',4,'morning',4,10,663),(1351,'2021-09-30',4,'morning',2,10,665),(1352,'2021-09-30',4,'morning',3,12,663),(1353,'2021-09-30',4,'morning',4,11,663),(1354,'2021-09-30',4,'morning',5,9,665),(1355,'2021-09-27',4,'afternoon',1,9,662),(1356,'2021-09-27',4,'afternoon',2,9,663),(1357,'2021-09-27',4,'afternoon',3,10,662),(1358,'2021-09-27',4,'afternoon',3,10,662),(1359,'2021-09-27',4,'afternoon',4,10,663),(1362,'2021-09-20',3,'morning',1,9,661),(1363,'2021-09-20',3,'morning',2,11,661),(1364,'2021-09-22',3,'morning',1,12,661),(1365,'2021-09-22',3,'morning',2,10,661),(1366,'2021-09-23',3,'morning',2,11,662),(1367,'2021-09-23',3,'morning',3,10,662),(1368,'2021-09-24',3,'morning',2,12,662),(1369,'2021-09-24',3,'morning',3,9,662),(1370,'2021-09-09',1,'afternoon',2,11,659),(1392,'2021-09-08',1,'morning',1,14,708),(1393,'2021-09-08',1,'morning',2,16,708),(1394,'2021-09-08',1,'morning',3,15,708),(1395,'2021-09-09',1,'morning',2,15,709),(1396,'2021-09-09',1,'morning',4,13,708),(1397,'2021-09-09',1,'morning',5,16,709),(1401,'2021-09-10',1,'morning',4,13,708),(1402,'2021-09-10',1,'morning',5,14,708),(1403,'2021-09-15',2,'morning',1,14,709),(1404,'2021-09-15',2,'morning',2,16,709),(1405,'2021-09-15',2,'morning',3,15,709),(1406,'2021-09-16',2,'morning',2,15,709),(1407,'2021-09-16',2,'morning',4,13,709),(1408,'2021-09-16',2,'morning',5,16,709),(1410,'2021-09-17',2,'morning',4,13,709),(1411,'2021-09-17',2,'morning',5,14,709),(1416,'2021-09-22',3,'afternoon',1,14,720),(1417,'2021-09-22',3,'afternoon',2,16,720),(1418,'2021-09-22',3,'afternoon',3,15,720),(1419,'2021-09-23',3,'afternoon',2,15,720),(1420,'2021-09-23',3,'afternoon',4,13,720),(1421,'2021-09-23',3,'afternoon',5,16,720),(1422,'2021-09-24',3,'afternoon',4,13,720),(1423,'2021-09-24',3,'afternoon',5,14,720),(1424,'2021-09-29',4,'morning',2,14,720),(1425,'2021-09-29',4,'morning',3,15,720),(1426,'2021-09-29',4,'morning',4,13,720),(1427,'2021-09-29',4,'morning',5,16,720),(1428,'2021-10-01',4,'morning',1,14,710),(1429,'2021-10-01',4,'morning',2,13,710),(1430,'2021-10-01',4,'morning',3,15,710),(1431,'2021-10-01',4,'morning',4,16,710),(1432,'2021-10-01',4,'afternoon',2,15,712),(1433,'2021-10-01',4,'afternoon',2,15,712),(1434,'2021-10-01',4,'afternoon',3,15,712),(1435,'2021-10-01',4,'afternoon',4,16,712),(1436,'2021-10-01',4,'afternoon',5,16,712),(1437,'2021-10-06',5,'morning',1,14,712),(1438,'2021-10-06',5,'morning',2,15,714),(1439,'2021-10-06',5,'morning',3,16,714),(1440,'2021-10-06',5,'morning',5,13,712),(1441,'2021-10-07',5,'morning',1,13,712),(1442,'2021-10-07',5,'morning',2,14,712),(1443,'2021-10-07',5,'afternoon',1,13,714),(1444,'2021-10-07',5,'afternoon',2,13,714),(1445,'2021-10-07',5,'afternoon',3,14,714),(1446,'2021-10-07',5,'afternoon',4,14,714),(1447,'2021-10-08',5,'morning',4,16,714),(1448,'2021-10-08',5,'morning',5,15,714),(1451,'2021-09-10',1,'morning',3,6,468),(1452,'2021-09-10',1,'morning',2,7,468),(1453,'2021-09-10',1,'morning',4,7,468),(1454,'2021-09-10',1,'morning',5,7,468),(1455,'2021-09-11',1,'morning',1,9,597),(1456,'2021-09-11',1,'morning',2,9,598),(1457,'2021-09-11',1,'morning',3,10,597),(1458,'2021-09-11',1,'morning',4,10,598),(1460,'2021-09-13',2,'afternoon',2,11,598),(1461,'2021-09-14',2,'morning',2,7,470),(1462,'2021-09-14',2,'morning',3,8,470),(1463,'2021-09-27',4,'afternoon',1,11,604),(1473,'2021-09-09',1,'morning',5,11,15),(1474,'2021-09-09',1,'morning',5,12,15),(1486,'2021-09-07',1,'morning',1,9,15),(1487,'2021-09-07',1,'morning',1,10,15),(1489,'2021-09-07',1,'morning',2,9,746),(1490,'2021-09-07',1,'morning',2,10,746),(1491,'2021-09-10',1,'morning',1,9,747),(1492,'2021-09-10',1,'morning',1,10,747),(1493,'2021-09-10',1,'morning',4,11,746),(1494,'2021-09-10',1,'morning',4,12,746),(1495,'2021-09-10',1,'morning',5,11,747),(1496,'2021-09-10',1,'morning',5,12,747),(1497,'2021-09-06',1,'morning',1,11,597),(1498,'2021-09-06',1,'morning',2,12,597),(1499,'2021-09-15',2,'afternoon',1,10,599),(1500,'2021-09-15',2,'afternoon',4,12,598),(1501,'2021-09-15',2,'afternoon',5,11,599),(1502,'2021-09-17',2,'afternoon',1,10,600),(1503,'2021-09-13',2,'morning',2,10,747),(1504,'2021-09-17',2,'afternoon',2,9,599),(1505,'2021-09-13',2,'morning',3,12,747),(1506,'2021-09-18',2,'morning',1,8,588),(1507,'2021-09-18',2,'morning',2,7,588),(1508,'2021-09-14',2,'morning',4,10,748),(1511,'2021-09-14',2,'morning',5,9,747),(1512,'2021-09-15',2,'morning',3,9,748),(1513,'2021-09-20',3,'morning',2,11,600),(1514,'2021-09-15',2,'morning',4,11,747),(1515,'2021-09-15',2,'morning',5,12,748),(1516,'2021-09-21',3,'afternoon',2,7,589),(1517,'2021-09-21',3,'afternoon',3,8,589),(1518,'2021-09-17',2,'morning',1,9,749),(1519,'2021-09-22',3,'morning',1,10,601),(1520,'2021-09-22',3,'morning',4,12,600),(1521,'2021-09-17',2,'morning',3,11,748),(1522,'2021-09-22',3,'morning',5,11,601),(1523,'2021-09-17',2,'morning',5,12,750),(1524,'2021-09-18',2,'morning',1,10,750),(1525,'2021-09-18',2,'morning',3,9,750),(1526,'2021-09-18',2,'morning',4,11,750),(1527,'2021-09-24',3,'morning',1,10,602),(1528,'2021-09-24',3,'morning',2,9,601),(1529,'2021-09-18',2,'afternoon',1,12,599),(1530,'2021-09-18',2,'afternoon',2,9,600),(1531,'2021-09-27',4,'morning',2,11,602),(1532,'2021-09-27',4,'morning',3,6,590),(1533,'2021-09-27',4,'morning',4,10,603),(1534,'2021-09-27',4,'morning',5,12,601),(1535,'2021-09-28',4,'morning',1,12,602),(1536,'2021-09-28',4,'morning',2,10,604),(1537,'2021-09-29',4,'morning',3,9,602),(1538,'2021-09-29',4,'morning',5,8,590),(1539,'2021-10-01',4,'morning',3,12,603),(1540,'2021-10-01',4,'morning',4,11,603),(1541,'2021-10-02',4,'morning',1,9,603),(1542,'2021-10-02',4,'morning',2,8,592),(1543,'2021-10-02',4,'morning',3,6,592),(1544,'2021-10-11',6,'morning',2,11,751),(1545,'2021-10-11',6,'morning',3,10,751),(1546,'2021-10-11',6,'morning',4,1,324),(1547,'2021-09-27',4,'afternoon',2,11,605),(1548,'2021-09-27',4,'afternoon',3,12,604),(1549,'2021-10-11',6,'morning',5,9,321),(1550,'2021-09-27',4,'afternoon',4,12,605),(1552,'2021-10-01',4,'afternoon',1,6,593),(1553,'2021-10-12',6,'morning',3,4,324),(1554,'2021-10-01',4,'afternoon',2,6,594),(1555,'2021-10-01',4,'afternoon',3,7,593),(1556,'2021-10-01',4,'afternoon',4,7,594),(1557,'2021-10-12',6,'morning',2,3,324),(1558,'2021-10-12',6,'morning',4,11,752),(1559,'2021-10-12',6,'morning',5,9,751),(1560,'2021-10-13',6,'morning',1,3,757),(1561,'2021-10-13',6,'morning',2,4,757),(1562,'2021-10-13',6,'morning',4,1,757),(1563,'2021-10-13',6,'morning',5,2,324),(1564,'2021-10-16',6,'morning',1,10,752),(1566,'2021-10-16',6,'morning',3,2,758),(1567,'2021-10-16',6,'morning',4,9,754),(1568,'2021-10-13',6,'afternoon',1,9,752),(1569,'2021-10-13',6,'afternoon',2,9,753),(1570,'2021-10-13',6,'afternoon',3,3,757),(1571,'2021-10-15',6,'afternoon',2,2,757),(1572,'2021-10-15',6,'afternoon',3,2,757),(1573,'2021-10-15',6,'afternoon',4,3,758),(1574,'2021-10-11',6,'morning',1,6,759),(1575,'2021-10-12',6,'morning',1,7,759),(1576,'2021-10-12',6,'morning',2,11,609),(1577,'2021-10-12',6,'morning',4,9,609),(1578,'2021-10-13',6,'morning',3,6,760),(1579,'2021-10-13',6,'morning',4,12,609),(1580,'2021-10-13',6,'morning',5,10,763),(1581,'2021-10-15',6,'morning',1,11,764),(1582,'2021-10-15',6,'morning',2,9,763),(1583,'2021-10-15',6,'morning',3,12,763),(1584,'2021-10-16',6,'morning',2,10,764),(1585,'2021-10-16',6,'morning',3,7,762),(1586,'2021-10-13',6,'afternoon',2,11,763),(1587,'2021-10-13',6,'afternoon',3,6,761),(1588,'2021-10-13',6,'afternoon',4,6,762),(1589,'2021-10-15',6,'afternoon',1,7,760),(1590,'2021-10-15',6,'afternoon',2,7,761),(1591,'2021-10-15',6,'afternoon',3,9,764),(1592,'2021-10-15',6,'afternoon',4,9,765),(1593,'2021-09-20',3,'morning',2,10,766),(1594,'2021-09-20',3,'morning',3,12,766),(1595,'2021-09-21',3,'morning',4,10,767),(1596,'2021-09-21',3,'morning',5,9,766),(1597,'2021-09-22',3,'morning',3,9,767),(1598,'2021-09-22',3,'morning',4,11,766),(1599,'2021-09-22',3,'morning',5,12,767),(1600,'2021-09-24',3,'morning',1,9,768),(1601,'2021-09-24',3,'morning',3,11,767),(1602,'2021-09-24',3,'morning',4,10,768),(1603,'2021-09-24',3,'morning',5,12,769),(1604,'2021-09-28',4,'morning',1,9,770),(1605,'2021-09-28',4,'morning',2,9,771),(1606,'2021-09-28',4,'morning',4,11,770),(1607,'2021-09-28',4,'morning',5,11,771),(1608,'2021-09-29',4,'morning',1,9,772),(1609,'2021-09-29',4,'morning',2,12,772),(1610,'2021-09-29',4,'morning',3,11,772),(1611,'2021-09-29',4,'morning',4,10,770),(1612,'2021-09-29',4,'afternoon',4,11,773),(1613,'2021-09-29',4,'afternoon',4,12,773),(1614,'2021-09-30',4,'morning',1,10,771),(1615,'2021-09-30',4,'morning',2,9,773),(1616,'2021-09-30',4,'morning',4,12,770),(1617,'2021-09-30',4,'morning',5,12,771),(1618,'2021-10-01',4,'morning',2,10,772),(1619,'2021-10-01',4,'morning',3,10,773),(1620,'2021-10-01',4,'morning',4,12,774),(1621,'2021-10-01',4,'morning',5,11,774),(1622,'2021-10-01',4,'afternoon',1,9,774),(1624,'2021-10-01',4,'afternoon',1,10,774),(1625,'2021-10-01',4,'afternoon',3,11,775),(1627,'2021-10-01',4,'afternoon',4,11,776),(1628,'2021-10-01',4,'afternoon',4,12,776),(1629,'2021-10-01',4,'afternoon',3,12,775),(1630,'2021-10-05',5,'morning',1,9,777),(1631,'2021-10-05',5,'morning',2,9,778),(1632,'2021-10-05',5,'morning',4,10,777),(1633,'2021-10-05',5,'morning',5,11,777),(1634,'2021-10-05',5,'afternoon',1,10,775),(1635,'2021-10-05',5,'afternoon',2,10,776),(1636,'2021-10-05',5,'afternoon',3,9,775),(1637,'2021-10-05',5,'afternoon',4,9,776),(1638,'2021-10-07',5,'morning',3,10,778),(1639,'2021-10-07',5,'morning',4,12,777),(1640,'2021-10-07',5,'morning',5,12,778),(1641,'2021-10-08',5,'morning',2,10,779),(1642,'2021-10-08',5,'morning',3,10,780),(1643,'2021-10-08',5,'morning',4,9,779),(1644,'2021-10-08',5,'morning',5,11,778),(1645,'2021-10-09',5,'morning',2,11,780),(1646,'2021-10-09',5,'morning',3,9,780),(1647,'2021-10-09',5,'morning',4,12,780),(1648,'2021-10-12',6,'morning',1,13,737),(1649,'2021-10-12',6,'morning',2,14,737),(1650,'2021-10-12',6,'morning',3,15,737),(1651,'2021-10-12',6,'morning',5,16,737),(1652,'2021-10-13',6,'morning',1,15,738),(1653,'2021-10-13',6,'morning',3,13,738),(1654,'2021-10-13',6,'morning',4,16,738),(1655,'2021-10-13',6,'morning',5,14,738),(1656,'2021-10-14',6,'morning',1,15,782),(1657,'2021-10-14',6,'morning',3,14,739),(1658,'2021-10-14',6,'morning',4,16,739),(1659,'2021-10-14',6,'morning',5,13,739),(1660,'2021-10-13',6,'afternoon',2,15,739),(1661,'2021-10-13',6,'afternoon',3,15,781),(1662,'2021-10-15',6,'afternoon',1,14,781),(1663,'2021-10-15',6,'afternoon',2,14,782),(1664,'2021-10-15',6,'afternoon',3,13,781),(1665,'2021-10-15',6,'afternoon',4,13,782),(1666,'2021-10-11',6,'morning',2,1,175),(1667,'2021-10-11',6,'morning',3,7,124),(1668,'2021-10-11',6,'morning',4,5,803),(1669,'2021-10-12',6,'morning',3,11,805),(1670,'2021-10-12',6,'morning',4,8,803),(1671,'2021-10-12',6,'morning',5,12,805),(1672,'2021-10-14',6,'morning',1,3,175),(1673,'2021-10-14',6,'morning',4,4,175),(1674,'2021-10-14',6,'morning',5,6,124),(1675,'2021-10-15',6,'morning',1,2,175),(1677,'2021-10-15',6,'morning',4,6,803),(1678,'2021-10-15',6,'morning',5,8,803),(1679,'2021-10-16',6,'morning',1,5,803),(1680,'2021-10-16',6,'morning',2,7,803),(1681,'2021-10-15',6,'afternoon',4,2,802),(1682,'2021-10-12',6,'morning',1,9,827),(1683,'2021-10-12',6,'morning',2,9,827),(1684,'2021-10-12',6,'morning',4,10,827),(1685,'2021-10-14',6,'morning',1,11,827),(1686,'2021-10-14',6,'morning',3,10,827),(1687,'2021-10-14',6,'morning',4,12,827),(1688,'2021-10-14',6,'morning',5,12,827),(1692,'2021-10-16',6,'morning',5,11,827),(1695,'2021-10-15',6,'morning',2,10,828),(1696,'2021-10-15',6,'morning',3,10,828),(1697,'2021-10-15',6,'morning',4,9,828),(1698,'2021-10-15',6,'morning',5,11,827),(1701,'2021-10-16',6,'morning',2,11,828),(1702,'2021-10-16',6,'morning',3,9,828),(1703,'2021-10-16',6,'morning',4,12,828),(1704,'2021-10-15',6,'afternoon',2,10,828),(1706,'2021-10-15',6,'afternoon',3,10,828),(1707,'2021-10-12',6,'morning',2,7,826),(1708,'2021-10-12',6,'morning',3,6,826),(1709,'2021-10-13',6,'morning',2,5,826),(1710,'2021-10-11',6,'morning',3,12,834),(1711,'2021-10-12',6,'morning',1,1,832),(1712,'2021-10-12',6,'morning',2,2,832),(1713,'2021-10-12',6,'morning',3,3,206),(1714,'2021-10-12',6,'morning',4,4,832),(1715,'2021-10-16',6,'morning',2,9,834),(1716,'2021-10-16',6,'morning',3,10,834),(1717,'2021-10-16',6,'morning',4,11,834),(1718,'2021-10-13',6,'afternoon',1,11,833),(1719,'2021-10-13',6,'afternoon',2,12,835),(1720,'2021-10-12',6,'morning',1,12,707),(1721,'2021-10-12',6,'morning',1,12,707),(1722,'2021-10-12',6,'morning',3,11,707),(1723,'2021-10-12',6,'morning',4,10,707),(1724,'2021-10-12',6,'morning',5,9,707),(1725,'2021-10-13',6,'morning',1,14,838),(1726,'2021-10-13',6,'morning',2,15,838),(1727,'2021-10-13',6,'morning',3,16,838),(1728,'2021-10-13',6,'morning',5,13,838),(1729,'2021-10-14',6,'morning',1,13,839),(1730,'2021-10-14',6,'morning',2,14,839),(1731,'2021-10-14',6,'morning',4,11,836),(1732,'2021-10-14',6,'morning',5,9,836),(1733,'2021-10-15',6,'morning',1,10,836),(1734,'2021-10-15',6,'morning',2,12,836),(1735,'2021-10-13',6,'afternoon',1,16,839),(1736,'2021-10-13',6,'afternoon',2,16,840),(1737,'2021-10-15',6,'afternoon',1,15,840),(1738,'2021-10-15',6,'afternoon',3,14,840),(1752,'2021-09-06',1,'morning',1,3,855),(1753,'2021-09-07',1,'morning',2,1,851),(1754,'2021-09-07',1,'morning',2,4,851),(1755,'2021-09-08',1,'morning',3,1,857),(1756,'2021-09-08',1,'morning',3,4,857),(1757,'2021-09-08',1,'morning',4,1,852),(1758,'2021-09-08',1,'morning',4,4,852),(1759,'2021-09-10',1,'morning',2,2,857),(1760,'2021-09-10',1,'morning',2,3,857),(1761,'2021-09-11',1,'morning',1,4,855),(1762,'2021-10-11',6,'morning',2,10,168),(1763,'2021-10-11',6,'morning',4,9,861),(1764,'2021-10-14',6,'morning',3,3,862),(1765,'2021-10-14',6,'morning',5,2,862),(1766,'2021-10-15',6,'morning',3,1,174),(1767,'2021-10-15',6,'morning',5,12,168),(1768,'2021-10-16',6,'morning',1,11,861),(1769,'2021-10-16',6,'morning',2,1,862),(1770,'2021-10-16',6,'morning',4,4,162),(1771,'2021-10-15',6,'afternoon',1,3,864),(1772,'2021-10-15',6,'afternoon',4,4,162),(1774,'2021-10-15',6,'morning',4,2,867),(1775,'2021-09-13',2,'morning',2,4,865),(1776,'2021-10-12',6,'morning',1,8,871),(1777,'2021-09-13',2,'morning',3,4,870),(1778,'2021-10-12',6,'morning',3,14,872),(1779,'2021-09-13',2,'morning',4,1,865),(1780,'2021-10-12',6,'morning',4,16,872),(1781,'2021-10-12',6,'morning',5,6,871),(1782,'2021-10-13',6,'morning',1,16,876),(1783,'2021-09-14',2,'morning',1,4,866),(1784,'2021-10-13',6,'morning',3,15,876),(1785,'2021-09-14',2,'morning',2,4,868),(1786,'2021-10-13',6,'morning',4,15,872),(1787,'2021-10-13',6,'morning',5,5,871),(1788,'2021-10-15',6,'morning',1,14,876),(1789,'2021-10-15',6,'morning',2,16,873),(1790,'2021-10-15',6,'morning',3,13,876),(1792,'2021-10-15',6,'morning',5,13,874),(1793,'2021-10-16',6,'morning',1,15,873),(1794,'2021-10-16',6,'morning',3,14,875),(1795,'2021-10-16',6,'morning',4,13,875),(1796,'2021-10-13',6,'afternoon',1,14,873),(1797,'2021-10-13',6,'afternoon',2,14,874),(1798,'2021-10-13',6,'afternoon',3,13,872),(1799,'2021-10-13',6,'afternoon',4,13,873),(1800,'2021-10-15',6,'afternoon',4,16,874),(1802,'2021-09-15',2,'morning',1,4,868),(1803,'2021-10-13',6,'morning',4,6,877),(1804,'2021-09-15',2,'morning',2,4,869),(1805,'2021-09-15',2,'morning',4,3,869),(1806,'2021-10-13',6,'morning',5,6,879),(1807,'2021-10-13',6,'afternoon',2,7,879),(1808,'2021-10-13',6,'afternoon',3,5,879),(1809,'2021-10-13',6,'afternoon',4,5,877),(1810,'2021-10-14',6,'morning',1,7,877),(1811,'2021-09-17',2,'morning',1,2,870),(1812,'2021-10-14',6,'morning',2,7,880),(1813,'2021-09-17',2,'morning',2,1,866),(1814,'2021-10-14',6,'morning',3,6,880),(1815,'2021-10-14',6,'morning',5,5,880),(1816,'2021-09-18',2,'morning',1,1,870),(1817,'2021-10-15',6,'morning',2,5,878),(1818,'0021-09-18',-104353,'morning',3,1,868),(1819,'2021-09-18',2,'morning',4,1,868),(1820,'2021-10-15',6,'morning',3,5,881),(1821,'2021-10-15',6,'morning',5,7,881),(1822,'2021-09-14',2,'morning',4,3,870),(1823,'2021-09-18',2,'morning',3,1,868),(1824,'2021-09-20',3,'morning',2,4,887),(1825,'2021-09-20',3,'morning',3,4,896),(1826,'2021-09-20',3,'morning',4,1,887),(1827,'2021-09-21',3,'morning',1,4,889),(1828,'2021-09-21',3,'morning',2,4,889),(1829,'2021-09-21',3,'morning',4,3,896),(1830,'2021-09-22',3,'morning',1,4,890),(1831,'2021-09-22',3,'morning',2,4,894),(1832,'2021-09-24',3,'morning',1,2,896),(1833,'2021-09-24',3,'morning',2,1,889),(1834,'2021-09-23',3,'afternoon',1,4,890),(1836,'2021-09-23',3,'afternoon',2,4,892),(1837,'2021-09-23',3,'afternoon',3,4,892),(1838,'2021-10-14',6,'morning',2,11,914),(1839,'2021-10-16',6,'morning',3,12,914),(1840,'2021-10-15',6,'afternoon',1,12,914),(1841,'2021-09-07',1,'morning',1,3,788),(1843,'2021-10-15',6,'afternoon',2,12,930),(1844,'2021-09-07',1,'morning',2,1,788),(1845,'2021-09-08',1,'morning',2,3,788),(1846,'2021-09-08',1,'morning',3,2,788),(1847,'2021-09-08',1,'morning',5,4,788),(1849,'2021-09-27',4,'morning',3,4,921),(1850,'2021-09-27',4,'morning',4,4,922),(1851,'2021-09-09',1,'morning',1,1,788),(1852,'2021-09-29',4,'morning',1,1,889),(1853,'2021-09-09',1,'morning',3,4,788),(1854,'2021-09-29',4,'morning',2,1,890),(1855,'2021-09-09',1,'morning',4,2,788),(1857,'2021-09-09',1,'morning',5,3,791),(1858,'2021-09-30',4,'morning',3,4,934),(1859,'2021-09-30',4,'morning',2,1,934),(1860,'2021-09-30',4,'morning',4,3,934),(1861,'2021-09-30',4,'morning',5,2,934),(1862,'2021-10-01',4,'morning',1,4,928),(1864,'2021-10-01',4,'morning',3,1,890),(1865,'2021-09-10',1,'morning',3,2,791),(1866,'2021-10-01',4,'morning',5,4,894),(1867,'2021-09-10',1,'morning',4,4,789),(1868,'2021-10-02',4,'morning',3,4,925),(1869,'2021-09-10',1,'morning',5,1,789),(1870,'2021-10-02',4,'morning',4,1,892),(1871,'2021-09-27',4,'afternoon',1,3,933),(1872,'2021-09-14',2,'morning',1,3,792),(1873,'2021-09-14',2,'morning',2,1,793),(1874,'2021-09-15',2,'morning',2,3,795),(1875,'2021-09-15',2,'morning',3,2,792),(1876,'2021-09-15',2,'morning',5,4,793),(1877,'2021-09-16',2,'morning',1,1,794),(1878,'2021-09-16',2,'morning',3,4,794),(1879,'2021-09-16',2,'morning',4,2,794),(1880,'2021-09-16',2,'morning',5,3,797),(1881,'2021-09-17',2,'morning',3,2,796),(1882,'2021-09-17',2,'morning',4,4,796),(1883,'2021-09-17',2,'morning',5,1,797),(1884,'2021-10-11',6,'morning',2,14,937),(1885,'2021-10-11',6,'morning',3,14,937),(1886,'2021-10-11',6,'morning',4,6,638),(1887,'2021-10-12',6,'morning',1,6,935),(1888,'2021-10-12',6,'morning',2,13,389),(1889,'2021-10-12',6,'morning',3,13,937),(1890,'2021-10-13',6,'morning',2,13,937),(1891,'2021-10-13',6,'morning',3,14,937),(1892,'2021-10-12',6,'morning',4,14,937),(1893,'2021-10-13',6,'morning',4,14,937),(1894,'2021-10-14',6,'morning',1,6,935),(1895,'2021-10-14',6,'morning',2,6,936),(1896,'2021-10-14',6,'morning',5,13,937),(1897,'2021-10-16',6,'morning',4,13,937),(1898,'2021-10-13',6,'afternoon',1,6,935),(1899,'2021-10-13',6,'afternoon',2,6,935),(1900,'2021-10-13',6,'afternoon',3,14,937),(1901,'2021-10-13',6,'afternoon',4,14,937),(1902,'2021-10-16',6,'morning',3,14,937),(1903,'2021-10-04',5,'morning',3,4,931),(1904,'2021-10-04',5,'morning',4,4,940),(1906,'2021-10-11',6,'morning',2,4,942),(1907,'2021-10-04',5,'afternoon',1,1,892),(1908,'2021-10-14',6,'morning',1,4,943),(1909,'2021-10-04',5,'afternoon',2,1,921),(1910,'2021-10-04',5,'afternoon',3,1,927),(1911,'2021-10-06',5,'morning',1,1,940),(1912,'2021-10-14',6,'morning',2,8,952),(1913,'2021-10-06',5,'morning',2,1,941),(1914,'2021-10-14',6,'morning',4,1,942),(1916,'2021-10-14',6,'morning',5,1,943),(1917,'2021-10-15',6,'morning',1,1,944),(1918,'2021-10-15',6,'morning',2,1,945),(1920,'2021-10-15',6,'morning',4,8,954),(1921,'2021-10-15',6,'morning',5,4,944),(1922,'2021-10-06',5,'morning',4,4,932),(1923,'2021-10-16',6,'morning',1,4,945),(1924,'2021-10-07',5,'morning',2,1,925),(1925,'2021-10-16',6,'morning',3,8,955),(1926,'2021-10-07',5,'morning',4,4,947),(1927,'2021-10-16',6,'morning',4,8,956),(1928,'2021-10-08',5,'morning',5,3,953),(1929,'2021-10-09',5,'morning',1,1,947),(1930,'2021-10-13',6,'afternoon',1,8,957),(1931,'2021-10-09',5,'morning',2,4,951),(1933,'2021-10-05',5,'afternoon',1,1,928),(1934,'2021-10-13',6,'afternoon',2,4,946),(1935,'2021-10-05',5,'afternoon',2,1,925),(1936,'2021-10-13',6,'afternoon',4,1,946),(1937,'2021-10-05',5,'afternoon',3,4,941),(1938,'2021-10-15',6,'afternoon',1,1,948),(1939,'2021-10-05',5,'afternoon',4,4,941),(1940,'2021-10-07',5,'afternoon',2,4,929),(1941,'2021-10-11',6,'morning',2,12,958),(1942,'2021-10-07',5,'afternoon',4,4,941),(1943,'2021-10-09',5,'afternoon',3,4,953),(1944,'2021-10-13',6,'morning',1,12,959),(1945,'2021-10-13',6,'morning',2,11,959),(1946,'2021-10-13',6,'morning',3,10,959),(1947,'2021-10-13',6,'morning',5,9,958),(1948,'2021-10-14',6,'morning',1,12,961),(1949,'2021-10-15',6,'afternoon',2,4,948),(1950,'2021-10-14',6,'morning',2,9,960),(1951,'2021-10-15',6,'afternoon',3,4,950),(1952,'2021-10-14',6,'morning',3,11,960),(1953,'2021-09-06',1,'morning',1,1,51),(1954,'2021-10-14',6,'morning',5,10,960),(1955,'2021-10-16',6,'morning',1,9,961),(1956,'2021-09-06',1,'morning',1,4,51),(1957,'2021-10-16',6,'morning',3,11,963),(1958,'2021-10-16',6,'morning',4,10,961),(1960,'2021-10-13',6,'afternoon',3,12,960),(1962,'2021-10-13',6,'afternoon',4,9,959),(1963,'2021-10-15',6,'afternoon',3,11,961),(1964,'2021-10-15',6,'afternoon',4,11,962),(1965,'2021-09-06',1,'morning',2,1,398),(1966,'2021-09-06',1,'morning',2,4,398),(1967,'2021-09-06',1,'morning',3,8,52),(1968,'2021-09-06',1,'morning',4,8,53),(1969,'2021-09-10',1,'morning',2,8,54),(1970,'2021-09-11',1,'morning',3,1,399),(1971,'2021-09-11',1,'morning',4,1,400),(1972,'2021-09-11',1,'morning',3,4,399),(1973,'2021-09-11',1,'morning',4,4,400),(1974,'2021-09-13',2,'morning',2,8,55),(1975,'2021-09-15',2,'morning',3,8,56),(1976,'2021-09-16',2,'morning',1,8,57),(1977,'2021-09-18',2,'morning',3,8,58),(1978,'2021-09-15',2,'afternoon',3,1,401),(1979,'2021-09-15',2,'afternoon',4,4,401),(1980,'2021-09-16',2,'afternoon',1,4,402),(1981,'2021-09-16',2,'morning',2,1,402),(1982,'2021-09-16',2,'morning',3,1,403),(1983,'2021-09-17',2,'afternoon',1,1,404),(1984,'2021-09-17',2,'afternoon',2,4,403),(1985,'2021-09-17',2,'afternoon',3,4,404),(1986,'2021-09-21',3,'afternoon',1,1,409),(1987,'2021-09-21',3,'afternoon',2,1,410),(1988,'2021-09-21',3,'afternoon',3,1,411),(1989,'2021-09-22',3,'morning',3,1,405),(1990,'2021-09-22',3,'morning',4,4,405),(1991,'2021-09-23',3,'morning',1,4,406),(1992,'2021-09-23',3,'morning',3,1,406),(1993,'2021-09-23',3,'morning',4,1,407),(1994,'2021-09-24',3,'morning',1,1,408),(1995,'2021-09-24',3,'morning',2,4,407),(1996,'2021-09-24',3,'morning',3,4,408),(1997,'2021-09-24',3,'afternoon',1,4,409),(1998,'2021-09-24',3,'afternoon',2,4,410),(1999,'2021-09-24',3,'afternoon',3,4,411),(2000,'2021-09-20',3,'afternoon',2,8,59),(2001,'2021-09-22',3,'afternoon',4,8,60),(2002,'2021-09-23',3,'afternoon',1,8,61),(2003,'2021-09-21',3,'morning',1,8,62),(2004,'2021-09-21',3,'morning',2,8,427),(2005,'2021-09-21',3,'morning',3,8,428),(2006,'2021-09-27',4,'morning',2,4,412),(2007,'2021-09-27',4,'morning',4,1,412),(2008,'2021-09-29',4,'morning',5,4,415),(2009,'2021-09-30',4,'morning',1,4,416),(2010,'2021-09-30',4,'morning',2,4,417),(2011,'2021-09-30',4,'morning',4,8,433),(2012,'2021-09-30',4,'morning',5,1,415),(2013,'2021-10-01',4,'morning',1,1,416),(2014,'2021-10-01',4,'morning',2,1,417),(2015,'2021-10-01',4,'morning',3,8,434),(2016,'2021-10-02',4,'morning',3,8,436),(2017,'2021-10-02',4,'morning',4,8,437),(2018,'2021-09-27',4,'afternoon',1,1,413),(2019,'2021-09-27',4,'afternoon',2,1,414),(2020,'2021-09-27',4,'afternoon',3,8,429),(2021,'2021-09-27',4,'afternoon',4,8,430),(2022,'2021-10-01',4,'afternoon',2,8,435),(2023,'2021-09-27',4,'afternoon',1,4,413),(2024,'2021-09-27',4,'afternoon',2,4,413),(2025,'2021-09-27',4,'afternoon',2,4,413),(2026,'2021-09-27',4,'afternoon',2,1,413),(2027,'2021-10-13',6,'morning',2,12,964),(2028,'2021-10-13',6,'morning',3,11,964),(2029,'2021-10-04',5,'morning',4,2,489),(2030,'2021-10-06',5,'morning',1,2,965),(2031,'2021-10-06',5,'morning',4,3,491),(2032,'2021-10-08',5,'morning',1,3,492),(2033,'2021-10-08',5,'morning',2,3,965),(2034,'2021-10-08',5,'morning',5,2,966),(2035,'2021-10-09',5,'morning',4,3,966),(2036,'2021-10-05',5,'afternoon',1,2,491),(2038,'2021-10-05',5,'afternoon',2,2,492),(2039,'2021-10-05',5,'afternoon',3,3,489),(2040,'2021-10-05',5,'afternoon',4,3,490),(2041,'2021-10-07',5,'afternoon',1,2,966),(2042,'2021-10-07',5,'afternoon',2,2,966),(2043,'2021-09-21',3,'morning',1,3,798),(2044,'2021-10-07',5,'afternoon',3,3,562),(2045,'2021-10-07',5,'afternoon',4,3,966),(2046,'2021-09-21',3,'morning',2,1,798),(2047,'2021-09-22',3,'morning',2,3,801),(2048,'2021-09-22',3,'morning',3,2,798),(2049,'2021-09-22',3,'morning',5,4,798),(2050,'2021-09-23',3,'morning',1,1,801),(2051,'2021-09-23',3,'morning',3,4,801),(2052,'2021-09-23',3,'morning',4,2,800),(2053,'2021-09-23',3,'morning',5,3,809),(2054,'2021-09-24',3,'morning',3,2,809),(2055,'2021-09-24',3,'morning',4,4,809),(2056,'2021-09-24',3,'morning',5,1,809),(2057,'2021-09-28',4,'morning',1,1,811),(2058,'2021-09-28',4,'morning',4,4,804),(2059,'2021-09-29',4,'morning',1,3,811),(2060,'2021-09-29',4,'morning',2,4,812),(2061,'2021-09-29',4,'morning',5,2,811),(2062,'2021-09-30',4,'morning',1,2,817),(2063,'2021-09-30',4,'morning',3,3,816),(2064,'2021-09-30',4,'morning',4,1,812),(2065,'2021-09-30',4,'morning',5,4,815),(2066,'2021-10-01',4,'morning',3,2,818),(2067,'2021-10-01',4,'morning',4,1,814),(2068,'2021-10-01',4,'morning',5,3,818),(2069,'2021-09-29',4,'afternoon',1,2,813),(2070,'2021-10-11',6,'morning',2,16,976),(2071,'2021-10-11',6,'morning',3,2,972),(2072,'2021-10-11',6,'morning',4,2,973),(2073,'2021-10-13',6,'morning',2,2,974),(2074,'2021-10-13',6,'morning',4,3,972),(2075,'2021-10-13',6,'morning',5,16,977),(2076,'2021-10-15',6,'morning',1,3,973),(2077,'2021-10-15',6,'morning',2,3,974),(2078,'2021-10-15',6,'morning',5,2,975),(2079,'2021-10-16',6,'morning',1,16,979),(2080,'2021-10-16',6,'morning',2,16,980),(2081,'2021-10-16',6,'morning',4,3,975),(2082,'2021-10-13',6,'afternoon',3,2,975),(2083,'2021-10-15',6,'afternoon',2,3,966),(2084,'2021-10-15',6,'afternoon',3,16,978),(2085,'2021-10-04',5,'morning',2,2,820),(2086,'2021-10-04',5,'morning',3,1,820),(2087,'2021-10-04',5,'morning',4,3,820),(2088,'2021-10-05',5,'morning',2,1,822),(2089,'2021-10-05',5,'morning',3,4,820),(2090,'2021-10-05',5,'morning',4,2,821),(2091,'2021-10-06',5,'morning',4,4,821),(2092,'2021-10-06',5,'morning',5,3,821),(2093,'2021-10-07',5,'morning',1,3,823),(2094,'2021-10-07',5,'morning',2,2,824),(2095,'2021-10-07',5,'morning',3,1,823),(2096,'2021-10-07',5,'morning',5,4,823),(2097,'2021-10-11',6,'morning',2,2,917),(2098,'2021-10-11',6,'morning',3,1,918),(2099,'2021-10-11',6,'morning',4,3,917),(2100,'2021-10-12',6,'morning',1,4,917),(2101,'2021-10-12',6,'morning',2,1,920),(2102,'2021-10-12',6,'morning',3,2,919),(2103,'2021-10-12',6,'morning',4,3,919),(2104,'2021-10-13',6,'morning',3,4,919),(2105,'2021-10-13',6,'morning',5,3,923),(2106,'2021-10-14',6,'morning',2,2,923),(2107,'2021-10-14',6,'morning',3,1,923),(2108,'2021-10-14',6,'morning',5,4,926),(2109,'2021-10-13',6,'afternoon',4,2,982),(2110,'2021-10-15',6,'afternoon',1,4,981),(2111,'2021-10-15',6,'afternoon',4,1,982),(2112,'2021-10-11',6,'morning',3,13,783),(2113,'2021-10-12',6,'morning',4,5,829),(2114,'2021-10-12',6,'morning',5,15,783),(2115,'2021-10-14',6,'morning',1,5,830),(2116,'2021-10-14',6,'morning',2,16,783),(2117,'2021-10-14',6,'morning',4,8,784),(2118,'2021-10-14',6,'morning',5,14,783),(2119,'2021-10-15',6,'morning',3,8,787),(2120,'2021-10-15',6,'morning',4,5,784),(2121,'2021-10-15',6,'afternoon',1,5,787),(2122,'2021-10-15',6,'afternoon',2,5,983),(2123,'2021-10-11',6,'morning',3,16,988),(2124,'2021-10-16',6,'morning',3,5,987),(2125,'2021-10-11',6,'morning',4,14,316),(2126,'2021-10-11',6,'morning',5,15,988),(2127,'2021-10-13',6,'morning',1,6,305),(2128,'2021-10-13',6,'morning',2,13,316),(2129,'2021-10-13',6,'morning',3,7,984),(2130,'2021-10-13',6,'morning',5,8,305),(2131,'2021-10-15',6,'morning',1,15,989),(2132,'2021-10-15',6,'morning',2,8,984),(2133,'2021-10-15',6,'morning',3,16,991),(2134,'2021-10-15',6,'morning',4,14,988),(2135,'2021-10-16',6,'morning',1,7,985),(2136,'2021-10-16',6,'morning',2,13,989),(2137,'2021-10-16',6,'morning',4,6,985),(2138,'2021-10-13',6,'afternoon',3,16,989),(2139,'2021-10-13',6,'afternoon',4,16,990),(2140,'2021-10-15',6,'afternoon',1,13,988),(2141,'2021-10-15',6,'afternoon',2,6,984),(2142,'2021-10-15',6,'afternoon',3,5,992),(2143,'2021-10-13',6,'morning',3,5,993),(2144,'2021-10-13',6,'morning',4,5,993),(2147,'2021-10-13',6,'afternoon',1,5,993),(2148,'2021-10-13',6,'afternoon',2,5,993),(2150,'2021-10-12',6,'morning',3,6,993),(2153,'2021-10-11',6,'morning',2,7,993),(2154,'2021-10-12',6,'morning',3,7,993),(2155,'2021-10-11',6,'morning',4,8,993),(2156,'2021-10-12',6,'morning',2,8,993),(2157,'2021-10-15',6,'afternoon',1,8,993),(2158,'2021-10-16',6,'morning',2,8,993),(2159,'2021-10-16',6,'morning',4,5,993),(2160,'2021-10-15',6,'morning',3,6,993),(2162,'2021-10-16',6,'morning',3,6,993),(2163,'2021-10-11',6,'morning',4,13,1002),(2164,'2021-10-12',6,'morning',1,5,1000),(2165,'2021-10-12',6,'morning',2,6,1000),(2166,'2021-10-12',6,'morning',4,14,1002),(2171,'2021-10-13',6,'morning',1,2,999),(2172,'2021-10-13',6,'morning',3,12,1001),(2173,'2021-10-13',6,'morning',4,11,1001),(2174,'2021-10-13',6,'afternoon',1,15,1002),(2175,'2021-10-13',6,'afternoon',2,1,999),(2176,'2021-10-13',6,'afternoon',3,11,1003),(2177,'2021-10-14',6,'morning',1,16,1002),(2178,'2021-10-07',5,'morning',4,16,652),(2179,'2021-10-14',6,'morning',2,3,999),(2180,'2021-10-14',6,'morning',3,8,653),(2182,'2021-10-14',6,'morning',4,10,646),(2183,'2021-10-15',6,'morning',1,9,1001),(2184,'2021-10-15',6,'morning',2,15,1004),(2185,'2021-10-15',6,'morning',3,4,999),(2186,'2021-10-15',6,'morning',4,1,999),(2187,'2021-10-12',6,'morning',5,7,1000),(2188,'2021-10-15',6,'afternoon',1,6,1005),(2189,'2021-10-15',6,'afternoon',2,8,1005),(2190,'2021-10-15',6,'afternoon',4,7,1005),(2191,'2021-09-13',2,'morning',2,6,1008),(2192,'2021-09-13',2,'morning',2,6,1008),(2193,'2021-09-13',2,'morning',2,6,1008),(2194,'2021-09-13',2,'morning',2,6,1008),(2195,'2021-09-13',2,'morning',4,14,1027),(2196,'2021-09-13',2,'morning',5,15,1027),(2197,'2021-09-14',2,'morning',1,8,1008),(2198,'2021-09-14',2,'morning',4,15,1028),(2199,'2021-09-14',2,'morning',5,6,1009),(2200,'2021-09-16',2,'morning',1,5,1008),(2201,'2021-09-16',2,'morning',2,7,1008),(2202,'2021-09-16',2,'morning',4,14,1028),(2203,'2021-09-16',2,'morning',5,8,1009),(2204,'2021-09-17',2,'morning',1,5,1009),(2205,'2021-09-17',2,'morning',1,5,1009),(2206,'2021-09-17',2,'morning',2,16,1027),(2207,'2021-09-17',2,'morning',3,13,1027),(2208,'2021-09-18',2,'morning',1,7,1009),(2209,'2021-09-18',2,'morning',1,7,1009),(2210,'2021-09-18',2,'morning',3,16,1028),(2211,'2021-09-18',2,'morning',4,13,1028),(2212,'2021-09-20',3,'morning',2,6,1010),(2213,'2021-09-20',3,'morning',4,14,1029),(2214,'2021-09-20',3,'morning',5,15,1029),(2215,'2021-09-21',3,'morning',1,8,1010),(2216,'2021-09-21',3,'morning',4,15,1030),(2217,'2021-09-21',3,'morning',5,6,1011),(2218,'2021-09-23',3,'morning',1,5,1010),(2219,'2021-09-23',3,'morning',1,5,1010),(2220,'2021-09-23',3,'morning',2,7,1010),(2221,'2021-09-23',3,'morning',4,14,1030),(2222,'2021-09-23',3,'morning',4,14,1030),(2223,'2021-09-23',3,'morning',4,14,1030),(2224,'2021-09-23',3,'morning',5,8,1011),(2225,'2021-09-24',3,'morning',1,5,1011),(2226,'2021-09-24',3,'morning',2,16,1029),(2227,'2021-09-24',3,'morning',3,13,1029),(2228,'2021-10-04',5,'morning',2,5,1018),(2229,'2021-10-04',5,'morning',4,7,1013),(2230,'2021-10-04',5,'morning',5,7,1014),(2231,'2021-10-05',5,'morning',1,14,1033),(2232,'2021-10-05',5,'morning',2,15,1035),(2233,'2021-10-05',5,'morning',3,8,1018),(2234,'2021-10-05',5,'morning',5,5,1019),(2235,'2021-10-07',5,'morning',1,14,1034),(2236,'2021-10-07',5,'morning',2,13,1033),(2237,'2021-10-07',5,'morning',4,6,1014),(2238,'2021-10-08',5,'morning',1,8,1019),(2239,'2021-10-08',5,'morning',2,16,1035),(2240,'2021-10-08',5,'morning',3,15,1036),(2241,'2021-10-08',5,'morning',5,13,1034),(2242,'2021-10-09',5,'morning',1,6,1019),(2243,'2021-10-09',5,'morning',3,16,1036),(2244,'2021-10-09',5,'morning',3,16,1036),(2245,'2021-10-09',5,'morning',4,7,1019),(2246,'2021-10-07',5,'afternoon',1,7,1015),(2247,'2021-10-07',5,'afternoon',2,7,1018),(2248,'2021-10-07',5,'afternoon',3,6,1015),(2249,'2021-10-07',5,'afternoon',4,6,1018),(2250,'2021-10-09',5,'afternoon',1,14,1035),(2251,'2021-10-09',5,'afternoon',1,14,1035),(2252,'2021-10-09',5,'afternoon',2,14,1036),(2253,'2021-10-09',5,'afternoon',3,13,1035),(2254,'2021-10-09',5,'afternoon',4,13,1036),(2255,'2021-10-11',6,'morning',2,5,1020),(2256,'2021-10-11',6,'morning',4,16,1037),(2257,'2021-10-11',6,'morning',5,13,1037),(2258,'2021-10-12',6,'morning',1,13,1037),(2259,'2021-10-12',6,'morning',3,8,1020),(2260,'2021-10-12',6,'morning',4,5,1021),(2261,'2021-10-12',6,'morning',5,14,1037),(2262,'2021-10-14',6,'morning',1,14,1038),(2263,'2021-10-14',6,'morning',2,13,1038),(2264,'2021-10-14',6,'morning',4,6,1020),(2265,'2021-10-15',6,'morning',1,8,1021),(2266,'2021-10-15',6,'morning',2,7,1020),(2267,'2021-10-15',6,'morning',3,15,1038),(2268,'2021-10-16',6,'morning',1,6,1023),(2269,'2021-10-16',6,'morning',3,16,1040),(2270,'2021-10-16',6,'morning',4,7,1021),(2271,'2021-10-15',6,'afternoon',1,16,1038),(2272,'2021-10-15',6,'afternoon',2,16,1039),(2273,'2021-10-15',6,'afternoon',2,16,1039),(2274,'2021-10-15',6,'afternoon',3,6,1021),(2275,'2021-10-15',6,'afternoon',4,6,1022),(2276,'2021-09-27',4,'morning',2,5,378),(2277,'2021-09-27',4,'morning',3,7,378),(2279,'2021-09-29',4,'morning',5,7,374),(2280,'2021-09-29',4,'morning',4,5,374),(2281,'2021-10-01',4,'morning',1,16,178),(2282,'2021-10-01',4,'morning',2,15,178),(2283,'2021-10-01',4,'morning',4,13,178),(2284,'2021-10-01',4,'morning',5,14,178),(2285,'2021-10-01',4,'afternoon',4,15,565),(2286,'2021-10-01',4,'afternoon',4,16,565),(2287,'2021-09-13',2,'morning',3,13,1056),(2288,'2021-09-13',2,'morning',5,15,1056),(2289,'2021-09-13',2,'morning',5,15,1056),(2290,'2021-09-14',2,'morning',3,15,1056),(2291,'2021-09-14',2,'morning',3,15,1056),(2292,'2021-09-14',2,'morning',4,13,1057),(2293,'2021-09-14',2,'morning',4,13,1057),(2294,'2021-09-16',2,'morning',3,14,1057),(2295,'2021-09-16',2,'morning',3,14,1057),(2296,'2021-09-16',2,'morning',4,15,1057),(2297,'2021-09-16',2,'morning',5,13,1059),(2298,'2021-09-16',2,'morning',5,13,1059),(2299,'2021-09-17',2,'morning',3,14,1059),(2300,'2021-09-17',2,'morning',4,14,1060),(2301,'2021-09-17',2,'morning',5,15,1060),(2302,'2021-09-17',2,'morning',5,15,1060),(2303,'2021-09-18',2,'morning',3,13,1060),(2304,'2021-09-08',1,'morning',3,5,241),(2305,'2021-09-08',1,'morning',3,8,241),(2306,'2021-09-08',1,'morning',4,5,246),(2307,'2021-09-08',1,'morning',4,8,246),(2308,'2021-09-18',2,'morning',4,15,1060),(2309,'2021-09-10',1,'morning',4,15,184),(2310,'2021-09-10',1,'morning',4,16,184),(2311,'2021-09-11',1,'morning',4,13,184),(2312,'2021-09-11',1,'morning',4,14,184),(2313,'2021-09-20',3,'morning',3,13,1064),(2314,'2021-09-20',3,'morning',5,14,1064),(2315,'2021-09-20',3,'morning',5,14,1064),(2316,'2021-09-20',3,'afternoon',1,13,1065),(2317,'2021-09-20',3,'afternoon',1,13,1065),(2318,'2021-09-20',3,'afternoon',2,13,1067),(2319,'2021-09-20',3,'afternoon',3,14,1065),(2320,'2021-09-20',3,'afternoon',4,14,1067),(2321,'2021-09-21',3,'morning',2,15,1064),(2322,'2021-09-21',3,'morning',3,13,1068),(2323,'2021-09-23',3,'morning',3,14,1068),(2324,'2021-09-23',3,'morning',4,15,1068),(2325,'2021-09-23',3,'morning',5,13,1063),(2326,'2021-09-24',3,'morning',4,14,1063),(2327,'2021-09-24',3,'morning',5,14,1066),(2329,'2021-09-27',4,'morning',2,15,1069),(2330,'2021-09-27',4,'morning',2,15,1069),(2331,'2021-09-27',4,'morning',3,13,1069),(2332,'2021-09-28',4,'morning',5,13,1070),(2333,'2021-09-30',4,'morning',1,15,1076),(2334,'2021-09-30',4,'morning',4,14,1069),(2335,'2021-09-30',4,'morning',4,14,1069),(2336,'2021-09-30',4,'morning',5,13,1066),(2337,'2021-10-01',4,'morning',1,13,1074),(2338,'2021-10-01',4,'morning',1,13,1074),(2339,'2021-10-01',4,'morning',2,14,1070),(2340,'2021-10-02',4,'morning',1,14,1075),(2341,'2021-10-02',4,'morning',2,14,1077),(2342,'2021-10-02',4,'morning',3,15,1077),(2343,'2021-10-04',5,'morning',2,15,1082),(2344,'2021-10-04',5,'morning',3,15,1078),(2345,'2021-10-04',5,'morning',4,14,1082),(2346,'2021-10-04',5,'morning',5,13,1069),(2347,'2021-10-05',5,'morning',3,15,1081),(2348,'2021-10-05',5,'morning',5,13,1081);
/*!40000 ALTER TABLE `lessonmanagement_lessonschedule` ENABLE KEYS */;
UNLOCK TABLES;

--
-- Table structure for table `lessonmanagement_school`
--

DROP TABLE IF EXISTS `lessonmanagement_school`;
/*!40101 SET @saved_cs_client     = @@character_set_client */;
/*!40101 SET character_set_client = utf8 */;
CREATE TABLE `lessonmanagement_school` (
  `id` bigint(20) NOT NULL AUTO_INCREMENT,
  `title` varchar(50) NOT NULL,
  `description` varchar(200) NOT NULL,
  `cover` varchar(100) DEFAULT NULL,
  PRIMARY KEY (`id`)
) ENGINE=InnoDB AUTO_INCREMENT=2 DEFAULT CHARSET=utf8;
/*!40101 SET character_set_client = @saved_cs_client */;

--
-- Dumping data for table `lessonmanagement_school`
--

LOCK TABLES `lessonmanagement_school` WRITE;
/*!40000 ALTER TABLE `lessonmanagement_school` DISABLE KEYS */;
INSERT INTO `lessonmanagement_school` VALUES (1,'THCS Anh Sơn','','');
/*!40000 ALTER TABLE `lessonmanagement_school` ENABLE KEYS */;
UNLOCK TABLES;

--
-- Table structure for table `lessonmanagement_schoolmanager`
--

DROP TABLE IF EXISTS `lessonmanagement_schoolmanager`;
/*!40101 SET @saved_cs_client     = @@character_set_client */;
/*!40101 SET character_set_client = utf8 */;
CREATE TABLE `lessonmanagement_schoolmanager` (
  `id` bigint(20) NOT NULL AUTO_INCREMENT,
  `startdate` date DEFAULT NULL,
  `enddate` date DEFAULT NULL,
  `is_active` tinyint(1) NOT NULL,
  `role` varchar(10) NOT NULL,
  `school_id` bigint(20) NOT NULL,
  `schoolyear_id` bigint(20) NOT NULL,
  `teacher_id` bigint(20) NOT NULL,
  PRIMARY KEY (`id`),
  KEY `lessonmanagement_sch_school_id_49d402e6_fk_lessonman` (`school_id`),
  KEY `lessonmanagement_sch_schoolyear_id_8febd475_fk_lessonman` (`schoolyear_id`),
  KEY `lessonmanagement_sch_teacher_id_4f248bfd_fk_lessonman` (`teacher_id`),
  CONSTRAINT `lessonmanagement_sch_school_id_49d402e6_fk_lessonman` FOREIGN KEY (`school_id`) REFERENCES `lessonmanagement_school` (`id`),
  CONSTRAINT `lessonmanagement_sch_schoolyear_id_8febd475_fk_lessonman` FOREIGN KEY (`schoolyear_id`) REFERENCES `lessonmanagement_schoolyear` (`id`),
  CONSTRAINT `lessonmanagement_sch_teacher_id_4f248bfd_fk_lessonman` FOREIGN KEY (`teacher_id`) REFERENCES `lessonmanagement_teacher` (`id`)
) ENGINE=InnoDB AUTO_INCREMENT=3 DEFAULT CHARSET=utf8;
/*!40101 SET character_set_client = @saved_cs_client */;

--
-- Dumping data for table `lessonmanagement_schoolmanager`
--

LOCK TABLES `lessonmanagement_schoolmanager` WRITE;
/*!40000 ALTER TABLE `lessonmanagement_schoolmanager` DISABLE KEYS */;
INSERT INTO `lessonmanagement_schoolmanager` VALUES (1,NULL,NULL,1,'manager',1,1,40),(2,'2021-10-05','2021-10-30',1,'submanager',1,1,45);
/*!40000 ALTER TABLE `lessonmanagement_schoolmanager` ENABLE KEYS */;
UNLOCK TABLES;

--
-- Table structure for table `lessonmanagement_schoolyear`
--

DROP TABLE IF EXISTS `lessonmanagement_schoolyear`;
/*!40101 SET @saved_cs_client     = @@character_set_client */;
/*!40101 SET character_set_client = utf8 */;
CREATE TABLE `lessonmanagement_schoolyear` (
  `id` bigint(20) NOT NULL AUTO_INCREMENT,
  `total_week` int(11) NOT NULL,
  `start_date` date NOT NULL,
  `start_date_2` date DEFAULT NULL,
  `end_date` date DEFAULT NULL,
  `spring_start` datetime(6) DEFAULT NULL,
  `winter_start` datetime(6) DEFAULT NULL,
  `is_active` tinyint(1) NOT NULL,
  `school_id` bigint(20) NOT NULL,
  PRIMARY KEY (`id`),
  KEY `lessonmanagement_sch_school_id_db2b0ffc_fk_lessonman` (`school_id`),
  CONSTRAINT `lessonmanagement_sch_school_id_db2b0ffc_fk_lessonman` FOREIGN KEY (`school_id`) REFERENCES `lessonmanagement_school` (`id`)
) ENGINE=InnoDB AUTO_INCREMENT=5 DEFAULT CHARSET=utf8;
/*!40101 SET character_set_client = @saved_cs_client */;

--
-- Dumping data for table `lessonmanagement_schoolyear`
--

LOCK TABLES `lessonmanagement_schoolyear` WRITE;
/*!40000 ALTER TABLE `lessonmanagement_schoolyear` DISABLE KEYS */;
INSERT INTO `lessonmanagement_schoolyear` VALUES (1,38,'2021-09-05',NULL,NULL,NULL,NULL,1,1),(2,35,'2020-09-05',NULL,NULL,NULL,NULL,0,1),(3,35,'2019-09-05',NULL,NULL,NULL,NULL,0,1),(4,35,'2018-09-05',NULL,NULL,NULL,NULL,0,1);
/*!40000 ALTER TABLE `lessonmanagement_schoolyear` ENABLE KEYS */;
UNLOCK TABLES;

--
-- Table structure for table `lessonmanagement_subject`
--

DROP TABLE IF EXISTS `lessonmanagement_subject`;
/*!40101 SET @saved_cs_client     = @@character_set_client */;
/*!40101 SET character_set_client = utf8 */;
CREATE TABLE `lessonmanagement_subject` (
  `id` bigint(20) NOT NULL AUTO_INCREMENT,
  `title` varchar(50) NOT NULL,
  `description` varchar(200) NOT NULL,
  `cover` varchar(100) DEFAULT NULL,
  `subject_slug` varchar(50) DEFAULT NULL,
  `group_id` bigint(20) NOT NULL,
  PRIMARY KEY (`id`),
  KEY `lessonmanagement_sub_group_id_9400a4d2_fk_lessonman` (`group_id`),
  KEY `lessonmanagement_subject_subject_slug_25e98b1d` (`subject_slug`),
  CONSTRAINT `lessonmanagement_sub_group_id_9400a4d2_fk_lessonman` FOREIGN KEY (`group_id`) REFERENCES `lessonmanagement_groupsubject` (`id`)
) ENGINE=InnoDB AUTO_INCREMENT=22 DEFAULT CHARSET=utf8;
/*!40101 SET character_set_client = @saved_cs_client */;

--
-- Dumping data for table `lessonmanagement_subject`
--

LOCK TABLES `lessonmanagement_subject` WRITE;
/*!40000 ALTER TABLE `lessonmanagement_subject` DISABLE KEYS */;
INSERT INTO `lessonmanagement_subject` VALUES (1,'Ngữ văn','','','ngu-van',1),(2,'Lịch sử','','','lich-su',2),(3,'Địa lý','','','ia-ly',3),(4,'Lịch sử & Địa lý','','','lich-su-ia-ly',4),(5,'Giáo dục công dân','','','giao-duc-cong-dan',5),(6,'Tiếng Anh','','','tieng-anh',6),(7,'Toán','','','toan',7),(8,'Vật Lý','','','vat-ly',8),(9,'Hoá học','','','hoa-hoc',9),(10,'Khoa học tự nhiên','','','khoa-hoc-tu-nhien',11),(11,'Công nghệ','','','cong-nghe',12),(12,'Tin học','','','tin-hoc',13),(13,'Thể dục','','','the-duc',14),(14,'Âm nhạc','','','am-nhac',15),(15,'Mỹ thuật','','','my-thuat',16),(16,'Sinh học','','','sinh-hoc',21),(17,'KHTN - Sinh','','','khtn-sinh',23),(18,'KHTN-Hóa','','','khtn-hoa',22),(19,'KHTN - Vật lý','','','khtn-vat-ly',24),(20,'CTrGDĐP','','','ctrgdp',25),(21,'HĐTN-HN','','','htn-hn',28);
/*!40000 ALTER TABLE `lessonmanagement_subject` ENABLE KEYS */;
UNLOCK TABLES;

--
-- Table structure for table `lessonmanagement_subjectclassyear`
--

DROP TABLE IF EXISTS `lessonmanagement_subjectclassyear`;
/*!40101 SET @saved_cs_client     = @@character_set_client */;
/*!40101 SET character_set_client = utf8 */;
CREATE TABLE `lessonmanagement_subjectclassyear` (
  `id` bigint(20) NOT NULL AUTO_INCREMENT,
  `startdate` date DEFAULT NULL,
  `enddate` date DEFAULT NULL,
  `is_active` tinyint(1) NOT NULL,
  `schoolyear_id` bigint(20) NOT NULL,
  `subject_id` bigint(20) NOT NULL,
  `teacher_id` bigint(20) NOT NULL,
  PRIMARY KEY (`id`),
  UNIQUE KEY `lessonmanagement_subject_subject_id_teacher_id_sc_0c95ea56_uniq` (`subject_id`,`teacher_id`,`schoolyear_id`),
  KEY `lessonmanagement_sub_schoolyear_id_5148da8f_fk_lessonman` (`schoolyear_id`),
  KEY `lessonmanagement_sub_teacher_id_92800f80_fk_lessonman` (`teacher_id`),
  CONSTRAINT `lessonmanagement_sub_schoolyear_id_5148da8f_fk_lessonman` FOREIGN KEY (`schoolyear_id`) REFERENCES `lessonmanagement_schoolyear` (`id`),
  CONSTRAINT `lessonmanagement_sub_subject_id_f6116d58_fk_lessonman` FOREIGN KEY (`subject_id`) REFERENCES `lessonmanagement_subjectdetail` (`id`),
  CONSTRAINT `lessonmanagement_sub_teacher_id_92800f80_fk_lessonman` FOREIGN KEY (`teacher_id`) REFERENCES `lessonmanagement_teacher` (`id`)
) ENGINE=InnoDB AUTO_INCREMENT=104 DEFAULT CHARSET=utf8;
/*!40101 SET character_set_client = @saved_cs_client */;

--
-- Dumping data for table `lessonmanagement_subjectclassyear`
--

LOCK TABLES `lessonmanagement_subjectclassyear` WRITE;
/*!40000 ALTER TABLE `lessonmanagement_subjectclassyear` DISABLE KEYS */;
INSERT INTO `lessonmanagement_subjectclassyear` VALUES (5,NULL,NULL,1,1,20,11),(6,NULL,NULL,1,1,21,11),(7,NULL,NULL,1,1,23,27),(8,NULL,NULL,1,1,20,37),(9,NULL,NULL,1,1,23,37),(10,NULL,NULL,1,1,29,24),(11,NULL,NULL,1,1,25,24),(13,NULL,NULL,1,1,27,30),(14,NULL,NULL,1,1,28,30),(15,NULL,NULL,1,1,53,5),(16,NULL,NULL,1,1,51,5),(17,NULL,NULL,1,1,50,21),(18,NULL,NULL,1,1,52,21),(19,NULL,NULL,1,1,36,9),(20,NULL,NULL,1,1,37,9),(21,NULL,NULL,1,1,34,32),(22,NULL,NULL,1,1,35,32),(23,NULL,NULL,1,1,36,32),(24,NULL,NULL,1,1,38,36),(25,NULL,NULL,1,1,40,29),(26,NULL,NULL,1,1,41,29),(28,NULL,NULL,1,1,3,14),(29,NULL,NULL,1,1,2,12),(30,NULL,NULL,1,1,31,12),(32,NULL,NULL,1,1,1,33),(33,NULL,NULL,1,1,3,33),(34,NULL,NULL,1,1,2,18),(35,NULL,NULL,1,1,4,18),(36,NULL,NULL,1,1,5,26),(37,NULL,NULL,1,1,7,26),(38,NULL,NULL,1,1,5,10),(39,NULL,NULL,1,1,6,10),(40,NULL,NULL,1,1,11,6),(41,NULL,NULL,1,1,39,6),(42,NULL,NULL,1,1,54,6),(43,NULL,NULL,1,1,11,22),(44,NULL,NULL,1,1,9,22),(45,NULL,NULL,1,1,55,22),(48,NULL,NULL,1,1,17,20),(49,NULL,NULL,1,1,39,20),(50,NULL,NULL,1,1,16,8),(51,NULL,NULL,1,1,19,13),(52,NULL,NULL,1,1,18,19),(53,NULL,NULL,1,1,12,25),(54,NULL,NULL,1,1,14,25),(55,NULL,NULL,1,1,30,25),(56,NULL,NULL,1,1,54,25),(57,NULL,NULL,1,1,13,34),(58,NULL,NULL,1,1,15,34),(60,NULL,NULL,1,1,31,34),(61,NULL,NULL,1,1,54,34),(62,NULL,NULL,1,1,42,17),(63,NULL,NULL,1,1,43,17),(64,NULL,NULL,1,1,44,17),(65,NULL,NULL,1,1,45,17),(70,NULL,NULL,1,1,1,41),(71,NULL,NULL,1,1,30,41),(72,NULL,NULL,1,1,54,41),(73,NULL,NULL,1,1,55,41),(75,NULL,NULL,1,1,22,35),(76,NULL,NULL,1,1,24,28),(77,NULL,NULL,1,1,26,28),(78,NULL,NULL,1,1,33,28),(79,NULL,NULL,1,1,46,38),(80,NULL,NULL,1,1,47,38),(81,NULL,NULL,1,1,48,38),(82,NULL,NULL,1,1,39,38),(83,NULL,NULL,1,1,22,40),(84,NULL,NULL,1,1,50,31),(85,NULL,NULL,1,1,51,31),(86,NULL,NULL,1,1,8,16),(87,NULL,NULL,1,1,10,16),(88,NULL,NULL,1,1,21,7),(90,NULL,NULL,1,1,7,44),(91,NULL,NULL,1,1,5,44),(92,NULL,NULL,1,1,31,44),(94,NULL,NULL,1,1,14,23),(95,NULL,NULL,1,1,12,23),(96,NULL,NULL,1,1,30,23),(100,NULL,NULL,1,1,24,24),(101,NULL,NULL,1,1,32,24);
/*!40000 ALTER TABLE `lessonmanagement_subjectclassyear` ENABLE KEYS */;
UNLOCK TABLES;

--
-- Table structure for table `lessonmanagement_subjectclassyear_classyear`
--

DROP TABLE IF EXISTS `lessonmanagement_subjectclassyear_classyear`;
/*!40101 SET @saved_cs_client     = @@character_set_client */;
/*!40101 SET character_set_client = utf8 */;
CREATE TABLE `lessonmanagement_subjectclassyear_classyear` (
  `id` bigint(20) NOT NULL AUTO_INCREMENT,
  `subjectclassyear_id` bigint(20) NOT NULL,
  `classyear_id` bigint(20) NOT NULL,
  PRIMARY KEY (`id`),
  UNIQUE KEY `lessonmanagement_subject_subjectclassyear_id_clas_53618ffe_uniq` (`subjectclassyear_id`,`classyear_id`),
  KEY `lessonmanagement_sub_classyear_id_d77fcab5_fk_lessonman` (`classyear_id`),
  CONSTRAINT `lessonmanagement_sub_classyear_id_d77fcab5_fk_lessonman` FOREIGN KEY (`classyear_id`) REFERENCES `lessonmanagement_classyear` (`id`),
  CONSTRAINT `lessonmanagement_sub_subjectclassyear_id_280a56ed_fk_lessonman` FOREIGN KEY (`subjectclassyear_id`) REFERENCES `lessonmanagement_subjectclassyear` (`id`)
) ENGINE=InnoDB AUTO_INCREMENT=283 DEFAULT CHARSET=utf8;
/*!40101 SET character_set_client = @saved_cs_client */;

--
-- Dumping data for table `lessonmanagement_subjectclassyear_classyear`
--

LOCK TABLES `lessonmanagement_subjectclassyear_classyear` WRITE;
/*!40000 ALTER TABLE `lessonmanagement_subjectclassyear_classyear` DISABLE KEYS */;
INSERT INTO `lessonmanagement_subjectclassyear_classyear` VALUES (10,5,1),(11,5,4),(12,6,8),(13,7,13),(14,7,14),(15,7,15),(16,8,2),(17,8,3),(18,9,16),(19,10,1),(20,10,2),(21,10,3),(22,10,4),(23,11,9),(24,11,10),(25,11,11),(26,11,12),(31,13,9),(32,13,10),(33,13,11),(34,13,12),(36,14,13),(37,14,14),(38,14,15),(35,14,16),(39,15,1),(40,15,2),(41,15,3),(42,15,4),(43,16,9),(44,16,10),(45,16,11),(47,17,6),(48,17,7),(46,17,8),(50,18,13),(51,18,14),(52,18,15),(49,18,16),(53,19,9),(54,19,10),(56,20,13),(57,20,14),(58,20,15),(55,20,16),(59,21,1),(60,21,2),(61,21,3),(62,21,4),(64,22,5),(65,22,6),(66,22,7),(63,22,8),(67,23,11),(68,23,12),(69,24,1),(70,24,2),(71,24,3),(72,24,4),(73,25,9),(74,25,10),(75,25,11),(76,25,12),(78,26,13),(79,26,14),(80,26,15),(77,26,16),(82,28,9),(83,28,10),(84,28,12),(86,29,5),(87,29,7),(85,29,8),(88,30,7),(91,32,2),(92,32,3),(93,33,11),(94,34,6),(95,35,13),(96,35,14),(98,36,5),(97,36,8),(100,37,13),(101,37,14),(102,37,15),(99,37,16),(103,38,6),(104,38,7),(105,39,9),(106,39,10),(107,39,11),(108,39,12),(109,40,1),(110,40,2),(111,40,3),(112,40,4),(114,41,7),(113,41,8),(115,42,1),(116,42,2),(117,42,3),(118,42,4),(119,43,1),(120,43,2),(121,43,3),(122,43,4),(123,44,9),(124,44,10),(125,44,11),(126,44,12),(127,45,2),(137,48,5),(138,48,6),(139,48,7),(136,48,8),(140,49,6),(141,50,1),(142,50,2),(143,50,3),(144,50,4),(146,51,13),(147,51,14),(148,51,15),(145,51,16),(149,52,9),(150,52,10),(151,52,11),(152,52,12),(153,53,1),(154,53,2),(155,53,3),(156,53,4),(157,54,9),(158,54,10),(159,54,11),(160,54,12),(161,55,1),(162,55,2),(163,56,1),(165,57,5),(166,57,6),(167,57,7),(164,57,8),(169,58,13),(170,58,14),(171,58,15),(168,58,16),(173,60,6),(172,60,8),(174,61,2),(175,61,3),(176,61,4),(177,62,1),(178,62,2),(179,62,3),(180,62,4),(182,63,5),(183,63,6),(184,63,7),(181,63,8),(185,64,9),(186,64,10),(187,64,11),(188,64,12),(190,65,13),(191,65,14),(192,65,15),(189,65,16),(206,70,1),(207,70,4),(208,71,3),(209,71,4),(210,72,1),(211,72,2),(212,72,3),(213,72,4),(214,73,4),(215,75,9),(216,75,10),(217,75,11),(218,75,12),(220,76,5),(221,76,6),(222,76,7),(219,76,8),(224,77,13),(225,77,14),(226,77,15),(223,77,16),(228,78,13),(229,78,14),(230,78,15),(227,78,16),(231,79,1),(232,79,2),(233,79,3),(234,79,4),(236,80,5),(237,80,6),(238,80,7),(235,80,8),(239,81,9),(240,81,10),(241,81,11),(242,81,12),(243,82,5),(244,83,11),(245,83,12),(246,84,5),(247,85,12),(249,86,5),(250,86,6),(251,86,7),(248,86,8),(253,87,13),(254,87,14),(255,87,15),(252,87,16),(256,88,5),(257,88,6),(258,88,7),(260,90,13),(261,90,14),(262,90,15),(259,90,16),(264,91,5),(265,91,6),(266,91,7),(263,91,8),(267,92,5),(268,94,9),(269,94,10),(270,94,11),(271,94,12),(272,95,1),(273,95,2),(274,95,3),(275,95,4),(276,96,1),(277,96,2),(278,100,7),(279,101,9),(280,101,10),(281,101,11),(282,101,12);
/*!40000 ALTER TABLE `lessonmanagement_subjectclassyear_classyear` ENABLE KEYS */;
UNLOCK TABLES;

--
-- Table structure for table `lessonmanagement_subjectdetail`
--

DROP TABLE IF EXISTS `lessonmanagement_subjectdetail`;
/*!40101 SET @saved_cs_client     = @@character_set_client */;
/*!40101 SET character_set_client = utf8 */;
CREATE TABLE `lessonmanagement_subjectdetail` (
  `id` bigint(20) NOT NULL AUTO_INCREMENT,
  `slug` varchar(50) DEFAULT NULL,
  `level` int(11) NOT NULL,
  `total_lesson` int(11) NOT NULL,
  `week_lesson` int(11) NOT NULL,
  `subject_id` bigint(20) NOT NULL,
  PRIMARY KEY (`id`),
  KEY `lessonmanagement_sub_subject_id_f14e9024_fk_lessonman` (`subject_id`),
  KEY `lessonmanagement_subjectdetail_slug_3ee86557` (`slug`),
  CONSTRAINT `lessonmanagement_sub_subject_id_f14e9024_fk_lessonman` FOREIGN KEY (`subject_id`) REFERENCES `lessonmanagement_subject` (`id`)
) ENGINE=InnoDB AUTO_INCREMENT=59 DEFAULT CHARSET=utf8;
/*!40101 SET character_set_client = @saved_cs_client */;

--
-- Dumping data for table `lessonmanagement_subjectdetail`
--

LOCK TABLES `lessonmanagement_subjectdetail` WRITE;
/*!40000 ALTER TABLE `lessonmanagement_subjectdetail` DISABLE KEYS */;
INSERT INTO `lessonmanagement_subjectdetail` VALUES (1,'ngu-van-6',6,140,15,1),(2,'ngu-van-7',7,140,15,1),(3,'ngu-van-8',8,140,15,1),(4,'ngu-van-9',9,175,15,1),(5,'lich-su-7',7,70,12,2),(6,'lich-su-8',8,53,12,2),(7,'lich-su-9',9,53,12,2),(8,'ia-ly-7',7,70,6,3),(9,'ia-ly-8',8,52,7,3),(10,'ia-ly-9',9,53,5,3),(11,'lich-su-ia-ly-6',6,105,5,4),(12,'giao-duc-cong-dan-6',6,35,9,5),(13,'giao-duc-cong-dan-7',7,35,9,5),(14,'giao-duc-cong-dan-8',8,35,9,5),(15,'giao-duc-cong-dan-9',9,35,9,5),(16,'tieng-anh-6',6,105,9,6),(17,'tieng-anh-7',7,105,9,6),(18,'tieng-anh-8',8,105,10,6),(19,'tieng-anh-9',9,105,12,6),(20,'toan-6',6,140,15,7),(21,'toan-7',7,140,20,7),(22,'toan-8',8,140,15,7),(23,'toan-9',9,140,15,7),(24,'vat-ly-7',7,35,12,8),(25,'vat-ly-8',8,35,12,8),(26,'vat-ly-9',9,70,12,8),(27,'hoa-hoc-8',8,70,12,9),(28,'hoa-hoc-9',9,70,12,9),(29,'khoa-hoc-tu-nhien-6',6,140,4,10),(30,'cong-nghe-6',6,35,5,11),(31,'cong-nghe-7',7,53,5,11),(32,'cong-nghe-8',8,53,15,11),(33,'cong-nghe-9',9,35,8,11),(34,'tin-hoc-6',6,35,5,12),(35,'tin-hoc-7',7,70,5,12),(36,'tin-hoc-8',8,70,5,12),(37,'tin-hoc-9',9,70,5,12),(38,'the-duc-6',6,70,4,13),(39,'the-duc-7',7,70,4,13),(40,'the-duc-8',8,70,4,13),(41,'the-duc-9',9,70,4,13),(42,'am-nhac-6',6,35,5,14),(43,'am-nhac-7',7,35,5,14),(44,'am-nhac-8',8,35,5,14),(45,'am-nhac-9',9,18,5,14),(46,'my-thuat-6',6,35,5,15),(47,'my-thuat-7',7,35,10,15),(48,'my-thuat-8',8,35,10,15),(49,'my-thuat-9',9,17,10,15),(50,'sinh-hoc-7',7,35,12,16),(51,'sinh-hoc-8',8,35,12,16),(52,'sinh-hoc-9',9,35,12,16),(53,'khtn-sinh-6',6,35,10,17),(54,'ctrgdp-6',6,25,2,20),(55,'htn-hn-6',6,15,10,21);
/*!40000 ALTER TABLE `lessonmanagement_subjectdetail` ENABLE KEYS */;
UNLOCK TABLES;

--
-- Table structure for table `lessonmanagement_subjectlesson`
--

DROP TABLE IF EXISTS `lessonmanagement_subjectlesson`;
/*!40101 SET @saved_cs_client     = @@character_set_client */;
/*!40101 SET character_set_client = utf8 */;
CREATE TABLE `lessonmanagement_subjectlesson` (
  `id` bigint(20) NOT NULL AUTO_INCREMENT,
  `number_lesson` int(11) NOT NULL,
  `title` varchar(100) NOT NULL,
  `subject_id` bigint(20) NOT NULL,
  PRIMARY KEY (`id`),
  KEY `lessonmanagement_sub_subject_id_b206e923_fk_lessonman` (`subject_id`),
  CONSTRAINT `lessonmanagement_sub_subject_id_b206e923_fk_lessonman` FOREIGN KEY (`subject_id`) REFERENCES `lessonmanagement_subjectdetail` (`id`)
) ENGINE=InnoDB DEFAULT CHARSET=utf8;
/*!40101 SET character_set_client = @saved_cs_client */;

--
-- Dumping data for table `lessonmanagement_subjectlesson`
--

LOCK TABLES `lessonmanagement_subjectlesson` WRITE;
/*!40000 ALTER TABLE `lessonmanagement_subjectlesson` DISABLE KEYS */;
/*!40000 ALTER TABLE `lessonmanagement_subjectlesson` ENABLE KEYS */;
UNLOCK TABLES;

--
-- Table structure for table `lessonmanagement_subjectmanager`
--

DROP TABLE IF EXISTS `lessonmanagement_subjectmanager`;
/*!40101 SET @saved_cs_client     = @@character_set_client */;
/*!40101 SET character_set_client = utf8 */;
CREATE TABLE `lessonmanagement_subjectmanager` (
  `id` bigint(20) NOT NULL AUTO_INCREMENT,
  `startdate` date DEFAULT NULL,
  `enddate` date DEFAULT NULL,
  `is_active` tinyint(1) NOT NULL,
  `schoolyear_id` bigint(20) NOT NULL,
  `subject_id` bigint(20) NOT NULL,
  `teacher_id` bigint(20) NOT NULL,
  PRIMARY KEY (`id`),
  UNIQUE KEY `lessonmanagement_subject_teacher_id_subject_id_sc_5d7c76c8_uniq` (`teacher_id`,`subject_id`,`schoolyear_id`),
  KEY `lessonmanagement_sub_schoolyear_id_51f6ec46_fk_lessonman` (`schoolyear_id`),
  KEY `lessonmanagement_sub_subject_id_020f7d71_fk_lessonman` (`subject_id`),
  CONSTRAINT `lessonmanagement_sub_schoolyear_id_51f6ec46_fk_lessonman` FOREIGN KEY (`schoolyear_id`) REFERENCES `lessonmanagement_schoolyear` (`id`),
  CONSTRAINT `lessonmanagement_sub_subject_id_020f7d71_fk_lessonman` FOREIGN KEY (`subject_id`) REFERENCES `lessonmanagement_subject` (`id`),
  CONSTRAINT `lessonmanagement_sub_teacher_id_e1f227ae_fk_lessonman` FOREIGN KEY (`teacher_id`) REFERENCES `lessonmanagement_teacher` (`id`)
) ENGINE=InnoDB AUTO_INCREMENT=41 DEFAULT CHARSET=utf8;
/*!40101 SET character_set_client = @saved_cs_client */;

--
-- Dumping data for table `lessonmanagement_subjectmanager`
--

LOCK TABLES `lessonmanagement_subjectmanager` WRITE;
/*!40000 ALTER TABLE `lessonmanagement_subjectmanager` DISABLE KEYS */;
INSERT INTO `lessonmanagement_subjectmanager` VALUES (5,NULL,NULL,1,1,12,7),(6,NULL,NULL,1,1,7,7),(7,NULL,NULL,1,1,8,7),(8,NULL,NULL,1,1,9,7),(9,NULL,NULL,1,1,16,7),(10,NULL,NULL,1,1,17,7),(11,NULL,NULL,1,1,18,7),(12,NULL,NULL,1,1,19,7),(13,NULL,NULL,1,1,13,7),(14,NULL,NULL,1,1,1,14),(15,NULL,NULL,1,1,2,14),(16,NULL,NULL,1,1,3,14),(17,NULL,NULL,1,1,4,14),(18,NULL,NULL,1,1,5,14),(19,NULL,NULL,1,1,6,14),(20,NULL,NULL,1,1,14,14),(21,NULL,NULL,1,1,15,14),(22,NULL,NULL,1,1,11,7),(23,NULL,NULL,1,1,1,44),(24,NULL,NULL,1,1,2,44),(25,NULL,NULL,1,1,3,44),(26,NULL,NULL,1,1,5,44),(27,NULL,NULL,1,1,7,9),(28,NULL,NULL,1,1,16,9),(29,'2021-10-05','2021-10-29',1,1,1,45),(30,NULL,NULL,1,1,8,24),(31,NULL,NULL,1,1,9,24),(32,NULL,NULL,1,1,13,24),(33,NULL,NULL,1,1,16,24),(34,NULL,NULL,1,1,17,24),(35,NULL,NULL,1,1,18,24),(36,NULL,NULL,1,1,19,24),(37,NULL,NULL,1,1,12,9),(38,NULL,NULL,1,1,6,13),(39,NULL,NULL,1,1,14,13),(40,NULL,NULL,1,1,15,13);
/*!40000 ALTER TABLE `lessonmanagement_subjectmanager` ENABLE KEYS */;
UNLOCK TABLES;

--
-- Table structure for table `lessonmanagement_teacher`
--

DROP TABLE IF EXISTS `lessonmanagement_teacher`;
/*!40101 SET @saved_cs_client     = @@character_set_client */;
/*!40101 SET character_set_client = utf8 */;
CREATE TABLE `lessonmanagement_teacher` (
  `id` bigint(20) NOT NULL AUTO_INCREMENT,
  `firstname` varchar(20) NOT NULL,
  `lastname` varchar(20) NOT NULL,
  `zalo_number` decimal(12,0) DEFAULT NULL,
  `birth_date` date DEFAULT NULL,
  `sex` varchar(6) DEFAULT NULL,
  `education_level` varchar(20) DEFAULT NULL,
  `is_work` tinyint(1) NOT NULL,
  `avatar` varchar(100) DEFAULT NULL,
  `main_subject_id` bigint(20) DEFAULT NULL,
  `user_id` int(11) NOT NULL,
  PRIMARY KEY (`id`),
  UNIQUE KEY `user_id` (`user_id`),
  KEY `lessonmanagement_tea_main_subject_id_0461c80b_fk_lessonman` (`main_subject_id`),
  CONSTRAINT `lessonmanagement_tea_main_subject_id_0461c80b_fk_lessonman` FOREIGN KEY (`main_subject_id`) REFERENCES `lessonmanagement_subject` (`id`),
  CONSTRAINT `lessonmanagement_teacher_user_id_f6e68450_fk_auth_user_id` FOREIGN KEY (`user_id`) REFERENCES `auth_user` (`id`)
) ENGINE=InnoDB AUTO_INCREMENT=46 DEFAULT CHARSET=utf8;
/*!40101 SET character_set_client = @saved_cs_client */;

--
-- Dumping data for table `lessonmanagement_teacher`
--

LOCK TABLES `lessonmanagement_teacher` WRITE;
/*!40000 ALTER TABLE `lessonmanagement_teacher` DISABLE KEYS */;
INSERT INTO `lessonmanagement_teacher` VALUES (5,'Đặng Thị Hải','Yến',919614131,'1981-04-18','female',NULL,1,'avatar/yendth.gdas@nghean.edu.vn/z2801255868824_e0ea362b58076807afae1befb8467fcdjpg_Spa9DcL.png',NULL,7),(6,'Đặng Văn','Đức',NULL,NULL,NULL,NULL,1,'',NULL,8),(7,'Đinh Thị','Phương',NULL,NULL,NULL,NULL,1,'',NULL,9),(8,'Võ Quang','Dũng',NULL,NULL,NULL,'university',1,'avatar/dungvq.c2as@nghean.edu.vn/z2753675900541_c0371f11240ae3005dce12bedee23afdjpg.png',6,10),(9,'Nguyễn Diên','Dũng',NULL,NULL,NULL,NULL,1,'',NULL,11),(10,'Đặng Thị Bích','Hà',NULL,NULL,NULL,NULL,1,'',NULL,12),(11,'Đặng Thị Ngọc','Hà',943193886,'1982-04-06','female','university',1,'',7,13),(12,'Nguyễn Thị Thu','Hà',NULL,NULL,NULL,NULL,1,'',NULL,14),(13,'Nguyễn Văn','Hóa',918495318,'1977-07-06','Nam','university',1,'avatar/hoanv.c2as@nghean.edu.vn/anh-chonjpg.png',6,15),(14,'Nguyễn Thị','Hoài',NULL,NULL,NULL,NULL,1,'',NULL,16),(16,'Nguyễn Thị','Hoàn',NULL,NULL,NULL,NULL,1,'',NULL,18),(17,'Nguyễn Tùng','Lâm',946749567,'1978-01-29','Nam',NULL,1,'',NULL,19),(18,'Nguyễn Thị Kim','Loan',NULL,NULL,NULL,NULL,1,'',NULL,20),(19,'Đặng Thị','Lương',NULL,NULL,NULL,NULL,1,'',NULL,21),(20,'Nguyễn Trọng','Minh',NULL,NULL,NULL,NULL,1,'',NULL,22),(21,'Trương Thị','Mỹ',NULL,NULL,NULL,NULL,1,'avatar/mytt.as@nghean.edu.vn/d74e31e1d25a9369daccd0b0e8aa45d3jpg.png',NULL,23),(22,'Nguyễn Thị Hồng','Nga',NULL,NULL,NULL,NULL,1,'',NULL,24),(23,'Nguyễn Thị','Oanh',NULL,NULL,NULL,NULL,1,'',NULL,46),(24,'Nguyễn Thị','Nhung',NULL,NULL,NULL,NULL,1,'',NULL,26),(25,'Nguyễn Thị','Oanh',NULL,NULL,NULL,NULL,1,'',NULL,27),(26,'Nguyễn Thị','Phượng',NULL,NULL,NULL,NULL,1,'',NULL,28),(27,'Nguyễn Trọng','Linh',NULL,NULL,NULL,NULL,1,'',NULL,29),(28,'Nguyễn Văn','Mai',948763784,'1976-11-07','Nam','university',1,'',7,30),(29,'Phan Bùi','Hạnh',NULL,NULL,NULL,NULL,1,'',NULL,31),(30,'Phan Tiến','Dũng',NULL,NULL,NULL,NULL,1,'avatar/dungpt.c2as@nghean.edu.vn/219407937_907830843409083_5253217006873879910_njpg_WMoQzx1.png',NULL,32),(31,'Nguyễn Hữu Hào','Quang',NULL,NULL,NULL,NULL,1,'',NULL,33),(32,'Nguyễn Thị Ngọc','Quỳnh',NULL,NULL,NULL,NULL,1,'',NULL,34),(33,'Nguyễn Thị Song','Thao',NULL,NULL,NULL,NULL,1,'',NULL,35),(34,'Nguyễn Thị','Thương',NULL,NULL,NULL,NULL,1,'',NULL,36),(35,'Trần Anh','Tuấn',NULL,NULL,NULL,NULL,1,'',NULL,37),(36,'Võ Văn','Vượng',918669920,'1976-05-10','male','university',1,'',13,38),(37,'Bùi Xuân','Trường',NULL,NULL,NULL,NULL,1,'',NULL,39),(38,'Trần Văn','Hiền',NULL,NULL,NULL,NULL,1,'',NULL,40),(40,'Trần Thị','Châu',NULL,NULL,NULL,NULL,1,'',NULL,6),(41,'Phan Thị','Hiền',NULL,NULL,NULL,NULL,1,'',NULL,43),(43,'Lê Thị Kim','Mỹ',NULL,NULL,NULL,NULL,1,'',NULL,44),(44,'Nguyễn Thị','Phượng',NULL,NULL,NULL,NULL,1,'',NULL,45),(45,'Hiếu','Admin',NULL,NULL,NULL,NULL,1,'',NULL,42);
/*!40000 ALTER TABLE `lessonmanagement_teacher` ENABLE KEYS */;
UNLOCK TABLES;
/*!40103 SET TIME_ZONE=@OLD_TIME_ZONE */;

/*!40101 SET SQL_MODE=@OLD_SQL_MODE */;
/*!40014 SET FOREIGN_KEY_CHECKS=@OLD_FOREIGN_KEY_CHECKS */;
/*!40014 SET UNIQUE_CHECKS=@OLD_UNIQUE_CHECKS */;
/*!40101 SET CHARACTER_SET_CLIENT=@OLD_CHARACTER_SET_CLIENT */;
/*!40101 SET CHARACTER_SET_RESULTS=@OLD_CHARACTER_SET_RESULTS */;
/*!40101 SET COLLATION_CONNECTION=@OLD_COLLATION_CONNECTION */;
/*!40111 SET SQL_NOTES=@OLD_SQL_NOTES */;

-- Dump completed on 2021-10-13 10:14:26
